"PC1","PC2","PC3","PC4"
-1.20707437848146,0.192863447050215,-0.639296979619176,-0.934161888317127
-1.83926928003864,0.615724827590702,-1.4088528389049,0.679809456778749
-1.29079543969045,-0.0223499259825584,-0.0611306555621006,-0.464412338756343
-1.28673885010697,-0.0801816385674482,-0.626906740635744,-1.02673684648244
-1.32646151437736,-0.160211582194908,-0.178627994690046,-0.629315203297188
-1.22437521970242,0.132834443851557,-0.642368534045746,-0.960048181852521
-1.76297364951022,1.18906392024337,1.03601900262481,3.23343830270126
-1.49905180212808,-0.743738229412932,-0.0886336715643313,-0.766512734228585
-1.57670606153328,1.93695778706965,-0.979667357904823,-0.822478000364828
-0.998912612703988,1.39434839802332,0.323900591654983,-1.97235542337987
-1.1973500301658,0.22460659655373,-0.653307819634508,-0.935401885901231
-1.38888233120976,-0.292867961427435,0.471475694253,-0.0593111737157718
-1.08669094077589,0.51536147233256,-1.36791445408054,-1.50654150619095
-1.88357866187925,0.512221522619308,-1.02093769945053,1.01061945526624
-0.942744059842994,0.972330501808506,-1.67706913215672,-1.62699378323167
-1.19423577397457,3.14794412187846,-1.82623995413679,-1.16774805549338
-1.4761066135328,-0.336726437568101,2.49474697275917,1.85576708156152
-1.10947314383809,3.26829195250853,-3.18006130616914,-2.41437832727837
-1.92878234984643,0.310736593651626,-1.38065306795708,0.590115438865822
-1.1268144410952,0.515138076223468,-0.280018999964058,-0.467888658279392
-1.10346594902302,0.536630629594463,-0.744784140576118,-0.90343492394192
-1.11844246718255,1.00886294045684,0.533110012674846,-1.91999886100774
-0.607784744696149,2.58708970726932,-0.901528300951582,-2.68633935709829
-1.81819641014727,0.778367581343351,-0.699809866475933,1.41900427000283
-1.2130934481943,0.183174850514329,-0.552162461675335,-0.854669261217051
-1.28264729735762,0.0873078366352748,0.581490349065145,0.191101739580037
-0.947078380321573,1.57432548254869,0.334103867475371,-1.89379463374961
-1.30456712032949,-0.0927885659461265,-0.242054592024327,-0.664095025848838
-1.3769005489583,-0.337942886353675,-0.209028725211622,-0.726302085970935
-1.12231239887733,1.26007931493272,2.61733766104277,0.16611036133075
-1.37069155477826,-0.167045071209882,0.968715415256233,0.463571882619631
-1.33125679805736,0.08951529930845,1.91899542794315,1.46901495413699
-1.83497903558404,0.606540269604435,-1.59772298274176,0.495961583612788
-1.21133716746858,0.411266757390302,1.19709221523134,0.902760742337637
-2.12466303167689,-0.310279440160329,-0.953497462825942,0.760509396307779
-1.68297814846453,1.71762585317073,0.178482465601516,0.199473328229606
-1.21682572293259,0.321980349871466,0.642732750280082,0.339309531151881
-1.98227892898258,0.192445115068921,-0.859740298338343,1.04225887982055
-1.23946791890104,0.620970094551423,0.763970311780093,-1.84789025066834
-1.30579038302264,0.417672025465936,0.963504611479026,-1.73510791620653
-1.56831890765643,2.03090992399209,-0.467269190540185,-0.297307987725875
-1.31302635343942,-0.106404971888453,-0.119595269508659,-0.552375658032514
-1.64557833298353,-1.25313064480114,-0.12242334968634,-0.993554013182733
-1.63020187348951,1.77039649138066,-0.839054119128446,-0.751907158226562
-2.14261650561369,-0.419630005713089,-1.32740966363946,0.361679823226169
-1.75482542890623,1.36062160661012,-0.682869005758268,-0.759466614527489
-1.76612366276636,1.32634505198563,-0.646073954102518,-0.737440631292231
-2.06580047585957,-0.183350616345699,-1.55209030822353,0.237498594831538
-2.00857793130915,0.0213901163974594,-1.49312763755859,0.37208453265973
-1.68159303523797,-1.35937276810217,0.0186518031689772,-0.899477646599381
-1.73739444869464,1.40476973739023,-0.808444204928707,-0.862486529063585
-1.60833058555314,-1.08054234746997,0.22570266367405,-0.595165000358293
-2.33077763696417,-1.04431061451341,-1.1387682406534,0.302935761666723
-2.05184404594899,-0.112614594687343,-1.37384087787008,0.434741335943974
-2.32610203067371,-1.00460382276072,-0.952928615398546,0.495560960093029
-1.66891099501826,-1.32286876934738,-0.0381757960102809,-0.939779278426363
-2.23401486518339,-0.727652896622055,-1.27191766608101,0.29688444300454
-2.00296564911587,0.0947853300001904,-1.06732209968289,0.80671422120325
-0.982128373599379,1.66272041119808,1.98236719746764,-0.286209114717025
-1.61590989832437,-1.07665203883105,0.46218670732051,-0.367879072198047
-1.39984714598749,1.26654167699744,-2.24953385909931,0.165587025793646
-1.14212264932824,-0.30615797393664,-0.368926556062017,-0.827204617389448
-0.846895556014653,1.32509800755925,1.61560822994597,-0.72587738963056
-0.692397388803188,1.6381474100399,-0.113919271773211,-2.25755324378158
-1.10852485119807,-0.107264116754647,0.285563234559884,-0.126236490077643
-0.971982097430826,0.2573351049034,-0.550220308097144,-0.784841413205884
-1.21481105239293,2.57561554199717,0.189305687043936,0.577496931063503
-1.43519065803488,1.29010274044851,-1.10407266431282,1.26829903163127
-0.963029799082151,0.2878355240528,-0.55305463663953,-0.775885104208349
-1.72644956740168,0.338567269946126,-0.690573671478091,1.29927142510629
-1.1795375996661,-0.253750500132832,1.06004724421602,0.557239429706987
-1.2460460570152,-0.553890057242188,0.501697208376499,-0.0906467948332408
-1.30619798002566,1.5781875787792,-2.33760945168485,0.200656464675507
-0.979591639039765,0.357718859683957,0.447278190245942,0.205968674709023
-1.53115442202674,1.0873636002347,-0.0951503448869606,2.15411043984891
-1.58961658111989,0.848446820410824,-0.389693464369537,1.78152086078631
-0.658540061266541,1.77309761610954,0.0297622317755213,-2.06876262422302
-1.63665541402031,0.611827248773091,-0.97636813989365,1.13087825165879
-1.10679571231626,0.0242419972527374,1.27463397825022,0.868427036623363
-1.62061659695567,0.621553782587047,-1.33531543181906,0.791869374217102
-1.17312609830766,-0.275610927266907,0.713706108517103,0.218189059950168
-1.08563948588223,0.0743864712167617,1.09513058929286,0.716208554377547
-0.680100879488112,1.67403083891175,-0.165165767703926,-2.29276324751658
-1.73141554092246,0.266212387202505,-1.12573543835712,0.856106069633337
-1.02066359441299,0.243336328083074,0.661564210170212,0.366835152638793
-1.23064591468687,-0.529101215654876,0.278758441745411,-0.294033336242446
-1.06462043833824,0.0760390831606805,0.537324633290294,0.184239298949992
-1.61580157982593,0.677575327685561,-1.02473116668444,1.10984089104147
-1.27653897194761,-0.715605437351475,0.0557854737031499,-0.578245503923552
-1.28026490242553,-0.705512531281481,0.23648637732987,-0.401850410448574
-1.30661954585157,-0.79620533932841,0.237718562836429,-0.43535247223488
-1.67404514058161,0.471191116042619,-1.06891318866069,0.988739306168156
-1.76054664379872,0.171050450752883,-1.08431008890207,0.85927214200472
-0.948057989981217,0.344115600323121,-0.516267059515834,-0.719239758086152
-1.23534626295897,-0.504486430678882,0.600328224657412,0.0224181834108605
-1.27714145226195,-0.684394518555089,0.318032842000815,-0.315913691303603
-1.36016048732841,-0.962839277757543,0.378985115033467,-0.364185613714662
-1.22009467827939,-0.447756013603181,0.633065655937817,0.075368590479981
-1.36704717069355,-0.973924428749052,0.478679563491735,-0.273234589915475
-1.71951338808934,0.221009286770182,-1.80508710975412,0.190166806878769
-1.1896244967917,-0.38261933038201,0.318729639602888,-0.199857398113166
-1.36422855556385,-1.0015681457818,0.184350520110208,-0.564834443426302
-1.2986912241424,-0.831714567005681,-0.25734349366775,-0.921622668200824
-1.28852278787981,-0.750985539269059,0.1025052921769,-0.547165177973883
-0.953499170115601,0.928238573573619,1.38416648547031,-1.09861002763402
-1.42113523655901,-1.18971009803633,0.247578087551794,-0.57640443791806
-1.32644779828187,-0.892483291720312,0.0177092314849712,-0.682234738862489
-1.12520738291996,-0.150207507302359,0.400303586907178,-0.0331011822223791
-1.46129549982649,-1.35089617628945,0.0683776543879984,-0.809140958667085
-1.29166181928518,-0.67558652834865,0.78176123760568,0.130228814821234
-1.45762923580891,-1.24845266982598,0.7758801648149,-0.0944356267617389
-1.39875065295729,-1.08931734676126,0.430580922060087,-0.363283116128981
-1.38727352814884,1.84748147138452,-0.86341552310052,-0.706075987319827
-1.49881607222553,-1.44347187304622,0.358015208380561,-0.567989383015498
-1.47478219216127,-1.34042433145372,0.517142151917956,-0.376649983504969
-1.94241982204963,-0.491779805322227,-1.36698407470428,0.335921898423546
-1.62114532091162,-1.86564407728291,0.354224189732921,-0.733036769704754
-1.5828496855945,-1.77182080037482,0.0533665075537137,-0.984424443368967
-1.54931693124066,-1.63739304358133,0.20174666540798,-0.791347251928271
-1.82058331586301,-2.55674754339825,0.32582568319703,-1.02441205857236
-0.552132818238398,0.874198248267179,-1.0890711662757,-1.02305470865691
-0.910372349389691,-0.104700837584696,0.927880777147928,0.528454551778791
-0.951898264921205,0.101992927089442,3.68399467576236,3.23906616785912
-0.961616544116397,-0.396360622563218,0.0217962166653671,-0.448211167527117
-0.834466120162108,0.065752688554706,0.209319544436216,-0.0924610822358278
-1.36140625157299,0.979844440186396,0.451308696722328,2.67518174175336
-0.632727239732215,0.71228872335473,-0.175878934248031,-0.213035585823845
-0.884413346613019,0.0818972314222008,1.69295289735784,1.33030669265068
-0.670701999841492,0.458078436618211,-1.14729445574652,-1.23776053506516
-0.995480455501999,-0.289966166338522,1.77965214776834,1.2708974986036
-0.944194652129805,-0.287865717982515,0.403403815470468,-0.0423610999575936
-1.48231403744752,0.527779592462307,0.173414383777816,2.23698640749993
-1.39801109148098,0.599116440396378,-1.55404081680358,0.614864624042957
-1.48486954726173,0.394943310350048,-0.803693475900036,1.25323659330099
-1.04887069007527,-0.520718922039419,1.41168577200682,0.831324045990246
-0.883155594068214,-0.141343136312831,-0.0999341594054819,-0.466929034092485
-0.965939219290593,-0.322866864026571,0.718187073988307,0.244814967313855
-1.18432368278735,-1.07664821762921,0.710539788050598,-0.0507131503702359
-1.22141363693765,1.17300287362378,-1.82880733561232,0.571952830803157
-0.826164222282706,-0.049606965509082,-0.924964595071938,-1.21960246726528
-1.34060410587132,0.852425110717919,-1.1174597656083,1.1285771532157
-1.05914925990215,-0.762528732944166,-0.214196758034222,-0.813553822122018
-1.07019082227158,-0.603307928271889,1.34003631134307,0.7313322203518
-1.04972257036917,-0.650812956619004,0.409915473764504,-0.174925256109076
-0.943827156545837,-0.17464172399539,1.28542345684971,0.843097883352745
-0.986520330677825,-0.468627707957727,0.128788012357969,-0.373686911318637
-0.851162340639623,-0.0898451907617253,-0.563081597124996,-0.889457412372173
-0.952172254606675,-0.284616516432647,0.645653663993642,0.190184959179585
-1.03070501108691,-0.636291689913145,0.00784668971604874,-0.553273774995106
-1.51743953133088,0.278155627566748,-0.839248282368211,1.17463177985123
-1.09138609382181,-0.701786303211076,1.13981650855958,0.502503896662782
-1.11350358917801,-0.930471941175446,-0.0611552709799079,-0.731644716696384
-1.0811350546269,-0.717466417646243,0.737892650867147,0.112745533140672
-1.09211536795446,-0.67077947810482,1.40389939609256,0.766510249402436
-1.07612195197528,-0.789848829482295,0.0315068826542661,-0.589398936695675
-1.06134261818378,-0.685607519127339,0.451369236006769,-0.148649141557778
-1.56791085715686,0.0842819951343089,-0.995944359880533,0.950883872127863
-1.11654635322973,-0.871008324159532,0.489944260539147,-0.182709596165623
-0.954133376365302,-0.384315340383468,-0.08653318402157,-0.547039839056942
-1.08790363915463,-0.792722873488468,0.328826219085333,-0.306613106109072
-1.04754563691346,-0.582947452666821,0.885452526724477,0.305074383138298
-0.777653147684822,0.205472750880723,-0.232839884959111,-0.461215965272524
-1.48546603164769,0.393983179161808,-0.795058523671367,1.26111424103163
-1.12066751807816,-0.877641957823742,0.549603930482677,-0.12828221184485
-0.927434184256789,0.299813440238931,1.72891159587634,-0.969318988256836
-0.966768000176933,-0.404652664643481,0.0963708040947803,-0.38017693712615
-0.894681488985882,-0.256437898924667,-0.693657434440684,-1.07783382237683
-1.65257952224219,-0.16463738996287,-0.657585750624499,1.17877325509091
-0.87437914219615,-0.0306740151436311,0.533591179041912,0.180287088199337
-1.56096395201007,0.0632833807946682,-1.35003622006495,0.604762533645671
-1.38062947875733,0.643185106791541,-1.67890135200277,0.51249669585979
-1.14660421409279,-0.951571666086512,0.671548546391471,-0.0401165309795375
-0.894771962170654,-0.176131775771865,-0.0585336661835152,-0.440701516750038
-1.29389937728404,-1.51047236263583,0.268597479882322,-0.638569106138129
-1.23903482078802,-1.2934368150796,0.488458159484962,-0.345654211656087
-1.17321049920081,-1.12312128253681,0.0426095585465152,-0.706232657065286
-1.23464252667324,-1.286366758148,0.424873511255672,-0.403662344945332
-1.91621780583283,-1.11998436771904,-1.02422267187375,0.463403205787566
-1.45857500885021,-2.09734953291332,0.11725319078861,-1.00748137735164
-1.54836669947655,-2.38669589823212,0.276249199076806,-0.966308217950334
-0.599319613258201,0.130311631061368,0.297611220301096,0.0561432430817213
-0.401577724221784,0.722142856021436,-0.410013599053597,-0.393206276527931
-0.574188012309077,0.267306820585278,0.694372723352126,0.487360244450221
-0.974871238138076,1.17545346203248,-2.53930129877954,-0.0658835105438749
-0.974356936447188,1.30500411315919,-1.53264407444327,0.944824123371808
-0.676253171326418,-0.0739762364440824,0.777518869441742,0.436251621855132
-1.02790959623371,1.05789955902169,-2.02502192458273,0.380208298507387
-0.353960590986261,0.911422236889432,-0.21199906082328,-0.131763628904571
-1.29092392620321,0.393183240298061,-0.118960904967891,1.94597262184752
-0.988618335856882,1.28204824929488,-1.32619021661237,1.13317151911343
-0.668971603300755,-0.0944361606266646,0.418582292379857,0.085710458930985
-0.72202369063072,-0.260283214899294,0.552771991763319,0.150421120354729
-0.50770711620153,0.374317805747405,-0.268031952315881,-0.390639402619096
-0.681546590338008,-0.0342257372138735,1.2344369955154,0.887723194848275
-0.507447698567639,0.342554676051999,-0.525313004768802,-0.648440456329448
-0.60654051558316,0.0543271018037431,-0.104907273826013,-0.357241727195694
-1.22522678708977,0.675926508212405,0.324371297605053,2.47738627204913
-0.900144453390104,-0.788350589445252,1.22987896892692,0.595013401603893
-1.23221657983217,0.535952581868258,-0.588544066586316,1.55219912884149
-1.26109284743027,0.409020139733589,-0.804333433526172,1.29762466574083
-0.610185367436268,0.0806408667611343,0.201382710703743,-0.0547299336535356
-1.29693558402341,0.238693418323625,-1.17279895911184,0.880679961109344
-0.495931646717619,0.634627452092847,1.46294365359368,1.36165670571118
-0.837400411252038,-0.55863182655207,1.33567298776299,0.783865534934125
-1.31328390527271,0.196287989717108,-1.06289677442325,0.969401419360382
-0.573417106079448,0.348999463251663,1.31702681047558,1.11311648768739
-0.752048918206948,-0.421245781980139,0.100089823406184,-0.343354240340837
-0.745105877667598,-0.345708512990618,0.506630758524857,0.0737003939149855
-0.742815130063946,-0.325930860074379,0.600231766441195,0.170634446076538
-0.823088320424531,-0.616046120568182,0.49467125882387,-0.0410887767449964
-0.904213208803569,-0.891441966249154,0.528203088765226,-0.114376308457757
-1.11606017911095,0.803375504388126,-1.63625764754205,0.654082660184809
-1.37768109027577,-0.0360917548558361,-1.14475922019147,0.802382006962016
-1.28090753643579,0.328854370376442,-0.897776306291761,1.17775075866864
-0.71896215667203,-0.271445566933835,0.381689164216311,-0.0171994236848872
-1.180768280583,0.602675994402336,-1.4600935226318,0.745544436117364
-1.25900029171519,0.364117370380928,-1.21491455178105,0.888426242016106
-0.970398217477605,-1.12669948148298,0.472221910563512,-0.25778429796551
-0.927002336528306,-1.04075694403477,-0.0292318241910562,-0.703717365281883
-1.26707095281129,0.447668533438606,-0.337503507192774,1.75813875208609
-0.883535627074758,-0.745525838817085,1.1162056062267,0.502851506032712
-1.4325543260123,-0.220960571621234,-1.11096863900002,0.763956715325676
-0.943161640802408,-1.06676777077075,0.204696881640156,-0.490304726760956
-0.926602369934923,-0.991842085745523,0.345266520450328,-0.327437175745852
-0.708713470404227,-0.254948767426786,0.233324985014636,-0.152551734693126
-0.841281867707452,-0.629241016226162,0.884811307740922,0.326377183587288
-1.33551414702125,0.0961436748309738,-1.24813392480059,0.754241736168806
-1.22902635972006,1.00524628459341,0.172835327695912,0.0413358036496281
-0.714491208860161,-0.37688135972701,-0.570373765080948,-0.966558742920869
-1.29981188624437,0.13752147399372,-1.89173727999217,0.155541764738656
-1.06207789782531,-1.41908484976186,0.658549231181104,-0.19167684305853
-0.811593635002156,-0.64581475031821,-0.0520189392018362,-0.574459211499038
-1.37326071087692,-0.0450668411080491,-1.33551325077106,0.616815468106811
-1.48394382695704,-0.40022179411608,-1.12761002922769,0.679522448227671
-1.4532733121345,-0.302581942978373,-1.19132053639909,0.656025675991127
-1.3220154631196,0.133962184220363,-1.31678359233137,0.703154857654346
-1.62972085294893,-0.908407768879552,-1.17224984667324,0.442582611278561
-1.5953297589268,-0.820869437497868,-1.41658379017493,0.242761418809429
-1.09738575998288,-1.58855061045018,0.282340644237537,-0.615685525361106
-1.32924124129672,-2.38010594072472,0.34294252026133,-0.860492144871629
-0.863931052522518,1.17929721068525,0.0336918886523538,2.42324414184942
-0.926106574683617,0.886132163401424,-0.587383491285401,1.71813372526926
-0.759955453485647,1.16966769315187,-2.86589235157485,-0.349002784309457
-0.419023550620306,-0.0277418829492693,-0.28838740966131,-0.532885350680204
-1.12670694754073,0.32188048082919,0.415147526947809,2.45960963606715
-0.691976998693894,-0.724547055401058,1.63479354537334,1.03695539107288
-0.468054977534661,-0.154936379202498,0.0411231796586068,-0.266899754129287
-0.571870654049459,-0.515127507670364,0.0228477255929151,-0.422077137807539
-0.478000278829855,0.295675334270526,3.86121687380122,3.55288299270418
-1.03174562464697,0.555186742899168,-0.3257374280925,1.84141224103459
-1.02861878102383,0.495858464578994,-0.878054129917777,1.29136669873812
-0.870179721637137,1.05660658477417,-0.763189476384195,1.61545661886224
-0.892367404761331,0.876079021055292,-1.58285676422109,0.763797427879222
-0.42116155774632,0.097539478861729,0.756665723216452,0.512850785279006
-0.522000529133327,0.176579272261991,4.11789409025876,3.75242286503452
-0.671505965573683,-0.707686204297066,1.21168367885592,0.639411139405429
-0.531042078084731,-0.320684978444405,0.445899007034838,0.0562080912261958
-0.38615413977773,0.314792681510282,1.5175120881018,1.32238983958691
-0.539297669547952,-0.350063943243053,0.438647521405189,0.0380505163710257
-1.09687776913338,0.321623970675086,-0.396960299417269,1.68409928875897
-0.642902601485631,-0.645554444004871,0.92437247565104,0.388839827779459
-0.95190373541243,0.699794603473016,-1.35479850325368,0.914144169452311
-0.988769638591267,0.52782094180305,-1.70845225036287,0.510712217411921
-1.12889845759196,0.141359058996656,-0.947518167186774,1.08949008434874
-1.20145211275681,-0.104149749090218,-0.911304210856605,1.03019151120923
-1.05608017372984,0.322932424045422,-1.49461423001172,0.636543804440706
-1.04962517326905,0.590768327233918,0.440145472460923,2.58629375186904
-0.485993655784722,-0.264263128875702,-0.33300320957495,-0.665924730830555
-0.696007599590921,-0.859757718113126,0.679039708253176,0.0726868042029167
-0.717811739885493,-0.991396860056753,0.234108522187315,-0.402475291943003
-1.13957859775881,0.0919870683195789,-1.04643370121864,0.976165541192666
-0.655512887257107,-0.698033293866333,0.853398519777379,0.301006324288624
-0.663261277785152,-0.758776543929435,0.585278969159315,0.0217752721576087
-1.03149961096708,0.459040634863608,-1.08987567252732,1.0750382548431
-0.609023262863543,-0.639291613114858,0.0536328714958009,-0.440160160122034
-0.665517114296438,-0.778498002200203,0.491172573973942,-0.0756198436864723
-1.28955667283785,-0.390780424454159,-0.776731795214244,1.04908308131098
-1.14286117191992,0.0545225709590045,-1.25243943001814,0.765142851313337
-0.646559714978362,-0.731892870658688,0.343500306756586,-0.198798864300262
-0.762963233759895,-1.12843637213112,0.380688803729292,-0.314918669320301
-1.11073279674691,0.170599417911266,-1.2104917123326,0.849579903461124
-0.760541712261306,-1.0601771669962,0.852685100022869,0.161850745488173
-0.839227221506104,-1.41209821898885,0.217089437316589,-0.579590614053726
-0.829594077893296,-1.13914661716215,2.10584103808584,1.3281862444244
-0.788485827207925,-1.28215127345994,-0.137175340075204,-0.868159401376767
-0.805710229326949,-1.29378618444825,0.238934966588892,-0.513492743726609
-0.694875333193076,-0.986657970649738,-0.3514539099975,-0.959766718914446
-0.813454396074274,-1.33843228503617,0.0975170790687028,-0.665592089526344
-0.87330338305888,-1.54740067126792,0.0765758645968452,-0.765491137356398
-0.813755074831185,-1.32282592197996,0.228632636157497,-0.534433597515183
-0.977495152990249,-1.89210682789868,0.190507701115127,-0.78851404298176
-0.926923527834182,-1.74634280063094,-0.0345366203785619,-0.947653234898837
-0.877261926600271,-1.56986289218483,0.00711855362981564,-0.840398948440383
-0.787614678869597,-1.21638762673294,0.357264792956854,-0.370914524183833
-0.972986978328044,-1.83657919182761,0.505533943460296,-0.466490120218646
-1.14286654577665,-2.4640135796709,0.175998344633786,-1.02105004860287
-1.00979440797985,-2.00845873157534,0.151033709629143,-0.87069432021452
-1.17948176304528,-2.58731267272741,0.199003990465367,-1.04623029154573
-1.12126399904632,-2.3809699848381,0.243559456855593,-0.924788014163364
-1.1745615706304,-2.56330253354589,0.254540078549076,-0.984022781164092
-0.171445915694784,0.137981690716094,0.744956539841687,0.567041552246356
-0.0113108728794618,1.3587025233077,3.16398546909704,0.926252093864291
-0.130131289102704,0.172303084754327,-0.106656529405492,-0.232967279730613
-0.203232771868368,0.0385449205422876,0.824827661547376,0.60528161721231
0.22715337848832,1.85517899871617,0.599218974245024,-1.33278425586593
-0.385407891485855,-0.705223108831614,-0.0872893387747607,-0.550018392984274
-0.363459364479258,-0.557261204127787,0.482314454399365,0.0504243062223343
-0.735970620646888,0.878942972812877,0.643695711476631,2.94074375721678
-0.00819167992385804,1.09018737143313,0.963863013864241,-1.27712976387784
-0.165114052256814,-0.0449104322681149,-0.867859807481279,-1.04283194514906
-0.224220232319805,-0.140050704557445,-0.0122145411859066,-0.262228670022184
-0.0367608567229769,0.435229270983043,-0.57098548534808,-0.575779130059295
0.395138704103692,2.49565467055236,1.08293920180981,-0.626019972666098
-0.434298840545708,-0.848281835549504,0.113424827321168,-0.413075547772961
-0.268169656987239,-0.16252285107757,1.00430375221477,0.699764892145644
-0.179514677693051,0.221535910656906,1.62234009231206,1.43672898131827
-0.248701207730486,-0.275998614578266,-0.418394765959541,-0.702038350289038
-0.0724653749664953,0.954548506490077,1.6407897265237,-0.682655149362913
-0.366665376879559,-0.54633141184013,0.655488811030362,0.219952947597723
-0.0938708628723551,0.839641406094217,1.31685029350977,-1.03589467742457
-0.777751613785946,0.570334930467351,-0.65290764687982,1.58472448511824
-0.91072966759941,0.0827508233390631,-0.882830626699364,1.17875123084981
-0.170807166003448,0.219461607589259,1.36952377913097,1.19454315995323
-0.286062820632689,-0.33613774082354,0.122467241817993,-0.208611142433606
-0.401946776732838,-0.731844928141931,0.152134336656513,-0.331592705907487
-0.832526620298013,0.353443527057271,-0.874064688720567,1.29062692224699
0.0617677265406661,1.37979139867789,1.34549288888429,-0.802007009995073
-0.380147983718781,-0.696756497444398,-0.163433917518477,-0.61948492297263
-0.436847455649342,-0.852384214262897,0.150319623207299,-0.379416507469325
-0.395174451563631,-0.672672801841405,0.434383809103308,-0.0394709574899727
-0.312914697182655,-0.298908114921883,1.14500004385887,0.781953563859224
-0.50612001084279,-0.979979144589605,1.02637469069689,0.40826452330614
0.112776529216821,1.62280123280663,1.87469665625094,-0.203794982674513
-0.142212768172727,0.697466447752497,1.5096162773126,-0.906202941257739
-0.0549367002253574,0.902311787290308,0.753223411674835,-1.55009022929714
-0.382591700678161,-0.684599676177085,-0.00129486184664862,-0.460023762140941
-0.437307403044684,-0.86921491932799,0.0302152017713631,-0.500529564892035
-0.17028882297113,0.475279964285012,0.521665852537706,-1.93447058538755
-0.115223849002283,0.708728464524611,0.86538801501101,-1.5170150746844
-0.631477401397913,1.047140500062,-0.86899091985473,1.5607231047677
-0.507391962980558,-1.06247829588299,0.410973949315601,-0.210874508727988
-0.570956266106233,-1.341788444005,-0.063234060402453,-0.770456089179487
-0.521345024130565,-1.1492992456812,0.105912943127345,-0.535349229317368
-0.152368558491411,0.648938476893243,1.40311004015994,-1.02645246600374
-0.144693853700817,0.613021014701999,0.911719446024048,-1.50937319500939
-0.230996045731169,0.522375729352391,2.54135374302993,0.011964734853114
-0.610068651442188,-1.43692640271288,0.249447229504756,-0.508281764458051
-0.513415742866911,-1.12044552614801,0.117888228828413,-0.512882142153715
-0.781375926010854,0.948207866785765,-0.42669233335388,-0.472078144912038
-0.575250238784582,-1.31651953648884,0.252452863005418,-0.4593714891796
-0.61608400309206,-1.47878971579983,0.0830023066921698,-0.683213218942901
-0.393357442590364,-0.73410945571741,-0.0989711899592034,-0.572217780490445
-1.0587760436807,-0.493449413825951,-1.40166963607136,0.46303228230137
-0.75165698140955,-1.95446039290948,0.0174073248795221,-0.927728345151369
-1.08536767691461,-0.584523692555412,-1.39700668905988,0.432660096612571
-0.620273545352147,-1.50162376384162,0.0168890277698802,-0.755070277023185
-0.670926557840814,-1.66360914690829,0.116348737340809,-0.722043708132513
-0.661274355958968,-1.64807247858949,-0.0233804896321971,-0.849518371410114
-0.713402950511882,-1.82852338323017,-0.0293224581325063,-0.924191579841246
-1.202923795523,-0.966832125859537,-1.21636987673216,0.458949931565556
0.730309591510276,2.67434582533296,-0.667614581736272,-2.18998796974219
0.123908135040454,0.925914790977018,2.02628642336701,-0.286366979031556
0.145693560117184,0.352009983573167,-0.237515912573395,-0.250039310664461
0.313624504477845,1.55309878901525,1.81513073697209,-0.248162629951459
0.0663790589362385,0.111708929269861,0.0233336274977224,-0.0928612792872692
0.246410767423377,0.626761907249429,-0.80819979082137,-0.689878520282933
0.0103637525095692,0.0215438822286887,0.834234141335447,0.646921457599031
-0.084024080044952,-0.259110313021643,1.18652859055174,0.875982415762589
0.15888391757504,1.38447233163199,4.68903287990773,2.43140221214421
-0.329140593472698,1.2373416761632,-1.6371738903181,0.939138060072517
-0.0122201968956665,-0.127440830241785,0.273828983006517,0.0548706525215681
0.000956685448651646,-0.106230659447008,0.0830750383186494,-0.119153747346167
0.243526507719655,1.24718132921603,1.308744343518,-0.848642539010963
-0.0592100724707117,-0.235258792385943,0.700548047410104,0.421081385514706
-0.0722131934440384,-0.304460320159401,0.508498126505399,0.211248487538193
0.161269747942657,0.986053917222292,1.48542441558947,-0.779794186886987
0.0221954090301134,2.91064232040456,-0.84518307490017,-0.0821161084927113
0.241086344322559,1.24325351980959,1.34406914808983,-0.816415798294715
-0.0123115179969973,-0.0793167732697243,0.655439409496578,0.437639178524515
0.220662450359299,1.16210714359377,1.25944537575914,-0.928244059636918
-0.209229563955063,-0.718092951083174,0.97084951425754,0.494545903657845
-0.0398622306809512,2.61766702262549,-1.46796496945694,-0.788783374567778
0.153255306967902,0.860521016351222,0.714105087075523,-1.56426152075555
-0.0314274045121817,-0.206628767082967,0.171591960892989,-0.073026137459426
-0.203346832386637,-0.692533460597611,1.01245149139923,0.544041355589823
0.229970044402455,1.22536016584692,1.50499325780593,-0.669605090587367
-0.209763370827491,-0.831584648062643,0.0912374631937365,-0.388716640357585
0.0976310632812801,3.17688048945229,-0.796355221891763,0.0663079789651059
-0.293039604428349,-0.981720601600687,1.17001551374963,0.583908117402068
0.410859746082695,1.75788456337426,0.787801986956529,-1.15076618389548
0.13420751272607,0.86204143260365,1.24337437305712,-1.05832620597729
-0.235112210677595,-0.920658464221045,0.0779092242632437,-0.435502145003349
-0.490818284255328,0.961006804403668,0.576575759430113,2.94719488577477
-0.118266468607891,-0.555583839293062,-0.219206694671817,-0.579597670716667
-0.0176526458280679,0.392334794525962,1.66708489842853,-0.833364884001673
0.0196465144071043,3.00308159575791,-0.0477073829138266,0.714671557021479
-0.56217983937623,0.524332652354868,-0.925621311961827,1.34590262297695
0.213321819031324,1.08592989252709,0.858660127708161,-1.3400477933705
-0.652071459155101,0.138283332064394,-1.52575553800437,0.625270592676494
-0.218017700582327,-0.748329127291178,0.971307370497334,0.483421544259374
-0.148224135329282,2.37888086263473,-0.406324897184833,0.133580261799653
-0.316641539688711,-1.18061496716493,0.244058710688298,-0.376260822764768
-0.626953621838272,0.339617769618789,-0.621743553867245,1.56541932330197
-0.782280277458511,-0.280481872014223,-1.28871587194757,0.691474565126089
-0.279750942606002,-1.05687260894619,0.217066553901377,-0.354717464908113
-0.126114078718425,-0.0557861297718184,1.08224927468481,-1.56312415467695
-0.37483601161,-1.41910086428938,-0.0543595579107087,-0.75238569175539
0.139957044334777,3.34155261568963,-0.648506606249636,0.270442306255438
-0.354160416385437,-1.35363968776348,-0.100142324386333,-0.771069086620736
-0.0727678461139239,0.158805447487073,1.32408983268769,-1.25015706597147
0.245782485668839,3.52798490509914,-2.05371622174619,-0.999985242841709
-0.0523843401438926,0.127254358502061,0.521958620206582,-2.0281078312308
-0.419908129171797,-1.53992225760348,0.217834447902971,-0.538689886975035
-0.152523394872988,-0.146566941785053,1.08427292499773,-1.59590416487911
-0.909913181093715,-0.743371806628496,-1.46925462628432,0.342096490658426
-0.399953015168879,-1.50780150512414,-0.0710439539288618,-0.802233011054569
-0.457163728430949,-1.69643284296623,-0.00341509089165748,-0.809787713354486
-0.545681497999349,-1.91936723838484,0.644190347605918,-0.276689013989076
-0.478923826113575,-1.74754933838313,0.184830185542771,-0.649594026588536
-0.453913804706943,-1.67511125205288,0.0763004907283216,-0.725521304748539
0.733838038798364,2.06036405810067,0.365181614369263,-1.39901342132025
0.827481850729452,2.33982064043427,0.0236579123707368,-1.61824825073053
-0.0415882085695531,1.46670750198887,-1.67371712294539,1.03156607890933
0.589050926025254,1.58595219864149,0.55973702435823,-1.3946518625351
-0.294314798183362,0.673737690198443,-1.05745091999586,1.31677491137846
0.262130171058838,2.96681832788076,-0.952970949267394,-0.123936781775611
0.421592640578303,3.41658132570053,-1.74026125783799,-0.70367525331684
0.411030582584362,1.5085762827118,4.78474892210802,2.60986389162928
0.792451949517808,2.28343475428848,0.530765106890747,-1.15561548400396
0.626226725196756,1.7262439831144,0.655378973622217,-1.24968762160266
0.183229504330814,-0.255502662735245,-0.077314592704137,-0.289757310740977
0.501669940238325,1.525751134079,2.45851399809971,0.395308454513338
0.579326577709592,1.55420904913797,0.573747864373562,-1.393411864951
-0.130353365653972,1.06638104189068,-2.41692129251122,0.168869596417164
0.100268346202634,2.60973531135066,0.629630259345866,1.25061442039994
0.29461369762337,0.181232532650365,0.338447146323462,0.274214169975261
0.577740181851107,1.82519146810761,2.75168092115525,0.789726653890855
0.266191063816626,0.087210983552965,0.369616407413497,0.268023635721108
0.22122393505726,-0.0656221158500539,0.386764935776336,0.225957896897876
-0.304092110294123,0.561457534184296,-1.6764873957803,0.682776946298599
0.564194770619391,1.49767143207837,0.539276483660923,-1.44794415023417
0.325558786372658,0.888286072152536,2.21918939605198,-0.076952181965896
0.137282228090376,-0.409913456689553,-0.045977048039497,-0.31887844152124
0.479060180987377,1.36063452612034,1.77171966538912,-0.323588974133981
-0.10652257890606,1.90679620001947,0.707675780757399,1.05634778170136
0.52015858938661,1.53942104050225,2.06410193373682,0.0239451439825867
0.571256234709796,1.68603177621699,1.83144272890112,-0.142141089086514
0.511827900049376,1.38119838907169,1.04383512946593,-1.01072054009449
0.450239416124934,1.16943002130966,1.04807558501098,-1.08764640632387
0.326611882564705,0.825619785944801,1.6968931112291,-0.599610164538922
-0.551341188840356,-0.142243647701804,-0.505701844674035,1.53158285104656
-0.38225101093906,0.274745540472934,-1.81265522711307,0.44313073006346
0.0946439007783347,2.58459157119872,0.584289226214836,1.19770783599738
0.388184916992054,0.860369428096906,0.298485417881133,-1.92154263831755
0.250586750713147,0.126454901107891,1.10256206690132,0.982856574720678
0.484178398224846,1.24015025999682,0.683523790555874,-1.40868413771245
0.18901369210881,-0.32664389727302,-0.794862904962236,-1.00208534470568
0.599528955571237,1.61890851125918,0.534815586223834,-1.40584557453898
-0.231122004209302,0.807636682561797,-1.71873006616268,0.736575537004574
0.127252345601234,-0.409967707993065,0.225982446340367,-0.0592283384862877
0.362649270008516,0.947988775130428,1.6822523665602,-0.566798640852855
0.551132790247859,1.42837516126508,0.348078635507278,-1.65699970413326
0.155313539309067,-0.236076197679993,0.833859581516262,0.587673106210651
-0.168688677098637,1.02076495229505,-1.73520081763081,0.80234373144006
0.0352292930239012,-0.767267188100284,-0.0897706691454866,-0.497335992286884
0.300174540718489,0.62216140771146,0.8119828149903,-1.52233246774029
-0.30583842140991,0.60691763621216,-1.27091865613033,1.08740258815998
0.49693972960946,1.32505294178559,1.0058367648357,-1.06847048496843
-0.118121420020262,-1.01410818813168,2.13019704927957,1.52793562428084
-0.22626597535048,0.702820735538075,-2.67636758638451,-0.217869469144693
0.0113294030801205,2.17694841519646,-0.364583728922366,0.135838116812823
0.344480074728013,0.838290973681923,1.31146303625496,-0.96277922610904
0.0245854700257988,-0.816580720840826,-0.189211945383781,-0.61114016888964
-0.513989223069024,-0.0177586472988612,-0.539372963525791,1.54703300665267
-0.164927485451788,-1.41125659223407,0.272524653786379,-0.397655986799062
0.0465927147926711,-0.668524301084683,0.379541825447941,-0.0114729431771859
-0.506399420029697,-0.102083823605326,-1.4098229099751,0.68367109094673
0.287595959178432,0.698456395898092,1.75465236189757,-0.593084771014462
-0.198925218709442,-1.56252315306108,0.0041129126732122,-0.71177978555541
0.336749785128252,0.745396158449244,0.789555832632367,-1.49662431139626
0.109953578793624,1.29735198211702,-1.11457985511591,1.54121245565349
0.409346786876134,-0.20827562074139,0.16281411821641,-0.00188936782966579
0.606729493621152,0.382977446385288,-0.539611031204528,-0.446495240112849
0.433965324260169,-0.168648388063082,-0.19357391013047,-0.327021374166917
0.567001162762203,0.270757680200925,-0.344775869956856,-0.303373737332327
0.445063095892377,-0.0381524035010067,0.53310986117673,0.416725040045822
0.575602900866607,0.365055222659921,0.164515888258436,0.218962305142375
0.83394552215818,1.85648835447615,2.04919135388929,0.171477793673649
0.18735990215693,1.47022013502439,-1.85485706481785,0.900485384085368
0.795691887982515,1.65010023005118,1.46210135240509,-0.468001655775722
0.478303543946151,0.015353089080057,0.0519075233427267,-0.0222747834888364
0.359803388073357,-0.304113511295831,0.753261838797645,0.525232715004396
0.990239475867927,2.02761518899121,-0.847197963040071,-2.52860204728814
0.564499514472648,0.234550200295686,-0.562086601458439,-0.524709956056125
0.60387837408458,0.394478492028392,-0.371574248995817,-0.281653596466798
0.830570823266807,1.73842381519932,1.2107052190237,-0.674265668379331
0.921354298771482,2.06154730853952,1.29087734325992,-0.474162150672655
0.686772744262692,1.20124255144279,0.88389173805915,-1.19171603280094
0.56845800176127,0.240921979999467,-0.619391284430515,-0.576988890995815
0.655755556192939,1.15131572965426,1.33290925394993,-0.782078350807749
-0.0220481525950013,0.923971867198646,-0.471296820216394,2.01265753267792
0.374388888502585,-0.168003503512051,1.42945581983059,1.22291740574241
0.916000742834252,2.0851106576918,1.62190322781772,-0.149083850500117
0.03674854948008,0.905981533533721,-2.20980161436948,0.345829047672679
0.523530566945329,0.232965929951619,0.538047892647736,0.525108540841874
0.422083773971511,-0.0590507220782867,0.992530743504944,0.847395750751381
0.0404669971847336,0.99241868681167,-1.62981734464289,0.93265771131455
0.715530702361602,1.31189420600711,0.974630993479217,-1.06276656919676
0.495689328236682,-0.00493293242490364,-0.580064634275769,-0.633447760475828
0.590292370811326,0.21170627300566,-1.44252578497969,-1.3741009092886
0.700304972918028,0.678414387749042,-0.753382713731088,-0.537640125405745
0.930590084293994,1.96378123753723,0.269836672084696,-1.48644971054967
0.601486838226737,0.999600676347273,1.6114742049053,-0.574112407560041
0.909728857406799,1.83365985631215,-0.188744514584975,-1.97406467191501
0.713320003772061,1.50141996265553,2.52778767085865,0.492679543877885
0.379599912745665,-0.288338382823997,0.339916432780087,0.136596558953538
0.644739480326113,1.24621615601615,2.37972213716999,0.253721140849787
0.37233963936036,-0.364386285715271,-0.0620321097551771,-0.276268445753117
0.603108322000033,0.296696873570918,-1.12100350935046,-1.03460860916653
0.273415431766077,-0.620161756449669,0.609458378715427,0.267078470999495
0.252792306561654,-0.685538474599165,0.654481567693279,0.285068905001466
0.279766893676402,-0.674299527422819,0.0104607820988639,-0.325553947886271
0.345328285062174,-0.456136168523671,-0.0512931087433768,-0.30109746087892
-0.191393063747325,0.136494582290488,-2.07620040529927,0.179161618118508
-0.246323853108619,0.048075228318844,-1.28099980460458,0.90462135913092
0.185794026470376,-0.95428577363289,0.356748023003962,-0.101973352516501
0.161924975614109,-1.04097764719824,0.321997752632032,-0.168302128844766
-0.224391526285141,0.244282108392871,-0.330873066114094,1.88684047768218
0.0588274182376338,1.59876356059351,-0.20070833336513,0.111757056357889
0.193317517250339,-0.958265936149065,0.121072081361821,-0.328522051013876
0.273287347099542,-0.74909073328072,-0.402789881419435,-0.748729852451502
0.0856025148756762,-1.37300466711493,-0.221043559632465,-0.813764299513389
0.326610993822769,-0.534535511389272,-0.160622360950408,-0.435464476614697
0.0990138873524866,-1.28705564657706,0.0918591536079478,-0.482135607005247
0.0586032340870704,-1.36819301180153,0.550097509973879,-0.0756278333646896
0.416747909584209,0.251705811361928,0.736471953897438,-1.69555271442925
0.162902566832444,-1.16812687266255,-0.706256724381294,-1.19871288838685
-0.0535696713336427,-1.82228810845753,0.018990682410185,-0.756370442674744
0.600214561498672,0.836649249247774,0.362264121040011,-1.82918459750886
-0.188525914274359,-2.28087570670244,0.0712303950103326,-0.881843178380192
0.841735337115883,0.641093680019184,1.06658907364519,1.22521254261675
1.1791079475069,2.13101464123288,0.793091588444881,-0.883504841285984
0.923219599881126,1.23641340115244,0.694551845437468,-1.31966424872743
1.23646036187083,2.31987406827647,0.723411402231256,-0.877821556561706
1.15204924672577,2.08745959914813,1.18480442136359,-0.526146094232486
0.695103740868753,0.0188996914452711,0.146980707216492,0.109246418282142
0.197729948292172,0.739227645171331,-1.94048669289801,0.578600296331328
0.60045292270709,-0.246087467964234,0.629845052050351,0.468968062709167
0.233615095312183,0.957893684529336,-1.19234669318696,1.3765473619253
1.15445575789679,2.05915253891172,0.896441163642417,-0.812303374741838
0.923877003293994,1.38228474665491,1.82590027892409,-0.183659041149396
0.830802667754914,1.02329306875844,1.52536596608793,-0.607882615110114
0.752283699070528,0.207481524399587,0.0797970670261714,0.11720729639595
0.379443960169565,1.83377956214205,-1.10147183904393,-0.619053098404077
0.575415115260858,-0.366841332095199,0.358488564120669,0.163699838604222
0.713119900372519,0.0800801068334465,0.13969702126158,0.125685649027709
0.147679485725071,0.658663910012568,-1.21593570134697,1.23960655591125
0.706831099929064,0.662838707916481,2.05240106493838,-0.24249027183073
0.758243705453046,0.0561715429776993,-1.27411050873394,-1.23338018276205
0.500142771203758,-0.520184174201645,1.19463622380867,0.903431369291208
0.743535571496993,0.11294834610795,-0.427375497288182,-0.40319541019195
0.83400254551531,0.915811297851524,0.591703567353019,-1.54045517120156
0.927890970535963,1.27611337501356,0.880452787488102,-1.12698311112459
1.16894563934166,2.03420512692329,0.30639128147642,-1.38523075298827
0.948000528530616,0.779962761219531,-0.725274968926396,-0.432585163008828
0.0442087114673372,0.186395498857511,-2.12654375966228,0.189561695812266
0.931907771907051,1.26648866932374,0.695541117701693,-1.30721967721038
0.479160151892593,-0.811404461420165,-0.529815719194091,-0.854455276493947
0.916737111243059,1.38688236892725,2.05602308828294,0.0378235471054538
0.744039325924827,0.0654881625065397,-0.814956477502222,-0.791410859090219
0.605576050834176,-0.382654179939351,-0.585184723109192,-0.743379446930227
0.739961697740575,0.123286010304289,-0.248875829028521,-0.228808498851012
-0.0713346794306983,-0.0800406923013992,-1.08770435993172,1.07958226865638
0.557553849265293,2.55491364188385,-0.257267705273188,0.462748093917025
1.01806451639369,1.50171299100384,0.208877653393586,-1.68194931052045
0.530204567573669,-0.600518004144015,-0.254653116824463,-0.511088560757018
0.809456286920545,0.331690091002572,-0.494331110042826,-0.383484442526628
0.805126856690302,0.804970138004911,0.502668630134116,-1.66784978909795
0.837327623526986,0.953344211542033,0.797093993006566,-1.32999382101502
0.431277703917156,2.09420761346559,-0.457447448159681,0.0954515892393337
0.0697040766577913,0.388337624214691,-1.22799702361964,1.12472449274537
0.677406417671828,0.470662107373677,1.33749954006861,-0.998571890057006
0.559635391959638,-0.392241166256846,0.586922300351819,0.372099428569288
0.147248223209623,0.641879377569032,-1.33645537685059,1.11811466312532
0.485194777362848,-0.769510124225121,-0.363649812097901,-0.679778367427168
0.539203606433166,-0.489490595794525,0.375649961244511,0.1331879005517
0.389496614737945,-1.02009279115326,0.261139128345678,-0.179037169164919
0.689791637397637,0.426236575643215,0.651154794519552,-1.67089091882132
0.302733213772204,-1.3206550201964,0.249533567159391,-0.305045503133061
0.672382022164784,0.333851783007009,0.396132280677273,-1.94971563403312
0.366551059444806,-1.1052981599362,0.2130199580348,-0.257562363200688
0.388760307212991,-1.0534586900115,0.0182726010369707,-0.423687883616469
0.293576134213061,-1.38366576678604,0.00180677580702884,-0.565672286300371
0.447383704236874,-0.846463074858076,0.0569559576535955,-0.307602718932248
0.235585897447897,-1.58964221542671,-0.0460424679909621,-0.690119469492795
0.359097636234673,-1.13338591447664,0.194155956289322,-0.28631401070436
0.275137798189928,-1.44552573867683,0.0152020619356043,-0.576535917787984
0.371569582486496,-1.11331044417706,0.0136069551444271,-0.451028463254068
0.271255896472924,-1.4839549437346,-0.182127555742923,-0.779643410770692
0.303410432875167,-1.3517456356896,-0.013795750447583,-0.568364375703712
2.91610094441322,1.30260247708244,0.659730057649973,-0.279421946829467
2.58008504816993,2.70100931202743,-0.467787309879493,1.36578578920352
1.94277323619192,-0.0440456654489778,-1.9368619161158,1.33073961605285
3.01612910518945,1.43143212090768,-1.04184417536386,-1.85484845982691
2.46436559008274,-0.805841961371402,-0.833806368359525,-0.0944013106015787
2.56999552810562,-0.297917350581152,0.299070367678412,1.1815028915417
2.83952276678138,1.16324805041727,1.64154430717578,0.604742950712005
2.51863154189461,-0.557589256610032,-0.351754425668828,0.460794211842357
2.35372859818239,-1.08047091725671,0.00724318205585051,0.60363396158902
1.97025806675525,0.112827751169562,-1.44740392031936,1.85806548240237
2.46066460297791,2.23524821180743,-0.893975783880241,0.7807599607117
2.64368119700951,-0.195399552389042,-0.894396357587268,0.0811637894347227
2.53398025239789,-0.500702500936527,-0.320423027584796,0.512461897950749
1.78068294661736,-0.465857832913334,-0.858004591793257,2.1995581494359
2.44452010416381,-0.709063445660765,0.467587478654016,1.18519388925348
2.66310977749273,0.093319275978964,0.8525524878604,1.85957430933039
2.61700934288967,-0.222241556017071,-0.381520867072127,0.560601020408664
2.53061303390487,-0.409580440732762,0.488899055843502,1.32005700005378
2.65839541321763,-0.0751727078968247,-0.346828527155312,0.649961068168737
2.50914201757257,-0.572864070968411,-0.214380185667277,0.586120425738874
2.92982008529023,1.32468549441198,0.461126156390588,-0.460607844634146
2.75129333670507,0.74769357271839,0.763821925785736,-0.392216258145464
2.53802260580442,-0.510286076788352,-0.505704599099789,0.331887871339921
2.41924368921038,-0.814111033738379,0.326447978984299,1.01026439481385
2.57067337807604,-0.538181509254619,-1.61218459022783,-0.735261669019552
2.86477512286067,1.13953410679737,0.768929626741868,-0.237509725740588
2.42366019515374,-0.90354410822814,-0.498064019253508,0.188811567183354
2.23180765473425,1.60942297743241,0.390846182306516,1.76822721542519
2.35167740576316,-1.18031472346093,-0.723639766192955,-0.132401291787986
2.31838746176219,-1.10517708187454,0.772381561458808,1.324752126175
2.31157547723254,-1.27704550053201,-0.39663344378643,0.142841728251172
2.48205007796837,-0.745195421256946,-0.836288640152403,-0.0735817603851273
2.40831427867867,-0.928245665161975,-0.275910248279572,0.391481958798865
2.38210283935303,-1.00261761403971,-0.149988335694461,0.4832761185841
2.57459262246801,-0.467511494222336,-1.1618699438494,-0.278272375250249
2.49755298866069,-0.623699054560797,-0.300138274040365,0.484799391020374
2.35157149322562,1.86656226207605,-0.835852953315798,0.695280562338226
2.39636070432726,-1.0601191927093,-0.990205068976428,-0.340962043301328
2.32968532387608,-1.13526252829487,0.228540658244887,0.793981096746384
2.34911940065455,-1.08789011280221,0.0739678129137465,0.664506694053043
1.80758132276579,-0.454741558731232,-1.50092211623127,1.58994179924961
2.38888107101163,-0.991707032355156,-0.248112792838426,0.393757394372301
2.41288231704121,-0.969163773471139,-0.722327467037628,-0.0504096597841339
2.31209253287694,-1.24403252049874,-0.1505929364722,0.390388057608915
2.30815924847661,-1.28254443370103,-0.347178717385872,0.187959165253918
2.28109106002228,-1.27784369562289,0.424959887806785,0.927005680901404
2.30418510779036,-1.30503176056468,-0.416410237697048,0.113257342483543
2.54326353872121,0.0266699587976402,0.733039069973633,-0.697308844188178
2.65808177822399,0.324119611227725,-0.0417771246587564,-1.3233775124453
2.31927554839671,-1.26465107973836,-0.508102827101974,0.0411484575465694
2.3034260434848,-1.32234393921264,-0.532184520253703,-0.00390533886152572
2.37480282214396,-1.17527159457847,-1.31193838002533,-0.692188931196481
2.19742779496229,-1.65386754373368,-0.26533855162835,0.124117039075214
2.26437695261047,-1.5139221199753,-0.980996356554957,-0.505691864851349
2.26365029133745,-1.4507303877474,-0.463425677293515,0.0126549582686681
2.24198167521045,-1.54997068186107,-0.656793150151297,-0.209922000055568
2.09076052540332,-2.0508294407376,-0.495858793627054,-0.247774914266173
2.13744710832587,-1.87913827099711,-0.411136036287389,-0.101230167234311
1.95468581059834,-2.49512703673369,-0.300664816033649,-0.231288731045806
1.95989149251215,-2.48674770999996,-0.376024399120214,-0.300039111240467
2.59273172127433,1.24892946101015,-3.39837451013131,0.470083221172456
2.79897799861257,-0.503174217967486,-1.53312427377698,-0.605971003592677
2.89512597477993,0.00557810205567826,-0.136219966822223,0.922347025435598
3.21461755607462,1.53107826455852,0.356186880482322,-0.44146929531102
2.8953847306135,-0.090547495570154,-0.900542671891546,0.155804756217133
2.15841294627256,-0.06160515065541,-1.92798478623839,1.37291819506432
2.94913464511628,0.189055270984964,-0.157494745245122,0.972190456126546
2.64971316942758,-0.888251530377462,-0.513170757742434,0.220651777006991
2.83560921362581,0.0706804445052506,1.99299712225147,2.98024765078786
2.77394959361139,-0.575641895453682,-1.42432845051983,-0.529800937045765
3.04744240737151,1.05281020077865,1.1283662829441,0.112941469536183
2.84489683012065,-0.23617675542021,-0.676710382907503,0.313838213568896
2.71861528406821,-0.632530074419585,-0.369760709878129,0.455362990662402
2.91144586831455,-0.0164236306767657,-0.752761853380938,0.32525105044911
2.45880269297639,0.952898825639556,-2.09337709456745,1.60291916043622
2.16621933782232,-0.113400993899336,-2.54804454010233,0.76107081692362
2.92229708441235,0.0171333817343517,-0.783085692857513,0.309128739705344
3.20939254784236,1.47439677721558,0.0515378144372782,-0.754026143194471
2.2512541943673,0.297011337998617,-1.62407620410977,1.80022010740264
2.89614389255926,-0.0893255104214837,-0.91153261109167,0.145778659105412
2.7254300163303,-0.46065723287415,0.799214518067169,1.63723709984389
3.09003972217672,0.367592099046512,-2.57758276557194,-1.27027664906825
2.75835236830365,-0.375483062368623,0.576142685906639,1.45681328430513
2.67637902771438,-0.797057775279623,-0.518908217014371,0.250043687548233
2.68981010042312,-0.727167394926097,-0.333053500675803,0.454224714165314
2.77490713068234,-0.461468141091702,-0.550850491325263,0.347865488587823
2.77609148801096,-0.33083893479944,0.446106733214523,1.34972383424337
2.71996838608923,-0.614261702866949,-0.262585960546091,0.564680336955524
2.55405698468124,-1.2513990822676,-0.776329164199123,-0.169473840616082
2.76615884772551,-0.491640166832642,-0.550969573138662,0.336214789885428
2.6328667824408,-0.995820073242223,-0.903109602591404,-0.192798867815638
2.94066017256205,0.494759743282128,-0.368117757782951,-1.52930705059546
2.36076180820064,0.521551338298298,-2.82906483998375,0.735537834364916
2.71791034797572,-0.633664774914778,-0.359555766335156,0.464672937980429
2.73155995931181,-0.579512974490287,-0.303627512933834,0.538780280538543
2.81951468484681,-0.293123480327592,-0.436030862331166,0.521867544752292
2.59646148115203,-0.990058469680967,0.130959679773757,0.796748483213385
2.99882383946048,0.717105704430681,-0.196016351335661,-1.279962834888
1.96904001542592,-0.462971423388526,0.0528784583612776,3.11080296769916
2.09010512446692,-0.284189301723702,-1.82647244398768,1.38473325493035
2.51555896085811,-1.21682532854023,0.541560843087961,1.10208664834342
2.6719867335996,-0.804127832211215,-0.455323568785081,0.308051820837478
2.69183979794234,-0.788261694649741,-0.869487466224482,-0.0813310431187714
2.62105491828987,-0.966561990283864,-0.351827795407955,0.344760481770078
2.44113785513767,-1.56188218271082,-0.155768071290129,0.30432618047771
2.53056163445843,-1.32139907788206,-0.68972646969246,-0.113550516113269
2.66356887567022,-0.785496937255769,-0.0799375937715522,0.673599732960989
2.85403159707867,0.323137341425312,0.632427358355484,-0.63959608569346
2.50433187723375,-1.33143910950551,-0.0564881465909971,0.487235520201669
2.40697443833804,-1.64905403341451,0.0852699235058152,0.501140486266454
2.46293551891144,-1.55897627102681,-0.724845594674758,-0.237926100826151
2.4255165638224,-1.68356910079583,-0.690204711028053,-0.252491542164727
1.85219861019427,-1.06939432751232,-1.55151052870533,1.34702888353836
2.38727731701459,-1.76121126126494,-0.263400523723195,0.12533890889073
2.29505641972494,-2.03837744881601,0.0575244832489329,0.325781594600428
2.40017244576325,-1.7565449658568,-0.576838496260786,-0.172151917598916
2.19574557391355,-2.31086562248492,0.607849296599798,0.747047274552789
2.34444936260763,-1.94278173965766,-0.530745175822039,-0.199353447557652
2.44154078818257,-1.57732395213584,-0.288363903324567,0.171817236922933
2.19842713410604,-2.43527205401462,-0.445072533050804,-0.305867455987389
