"PC1","PC2","PC3"
-1.72777947234546,-0.370552132670096,1.28507069989191
3.29604888725773,-1.37394121921136,-0.131580835395331
3.88579321024714,-7.4442883082347,-4.46768198014415
-7.49808122018379,5.03553903471694,-5.83972262907452
3.73955133692083,2.23076678718494,-0.968762596322187
-5.21095371721686,-0.171560250832739,1.42973109785979
3.19190970111539,-2.63363936889055,-1.93589187552734
6.19239476490903,1.52957804202612,1.09695296542872
5.13032709358239,2.22613653913885,-0.367372085529043
-3.66805741600189,0.0397750955638692,2.64177076636176
4.15549271252259,-4.7090694878997,-2.25763511884057
-3.38071778974677,-4.01801025137988,0.00774027451932432
-4.69440066293044,-0.292534578518878,1.73895956505017
-6.92287197929924,1.17635483254165,-0.00549210083930166
6.34356969423364,2.09498085357899,0.289286178869225
-0.79606216325701,-0.561379389625631,0.396455763144978
-2.91384068346394,-6.73620653883466,-1.31719332878063
4.33963992218907,-5.56558994343539,-2.74539223676139
5.82298173065949,1.64746404795146,0.146418603956288
-6.81543622182915,4.31660258988751,-5.44912832152705
-4.44529703272689,-0.335763442803779,2.24556106480695
-4.49016572058322,-0.501075813232189,1.74404854101212
-5.89794807733292,-1.72942463896339,0.831578496721695
-0.566888948643953,-0.102980796127096,0.103199572408882
3.92796771678871,1.98667450819824,-1.12400321499116
7.55397144004634,3.42075935039337,-0.0127234547396403
4.70415841323289,2.34594337253911,-0.845615534609838
-2.48508684506799,2.79923499769429,2.16502060682181
3.57995937321038,-0.983637975313307,-0.359355818460311
-3.4421744585789,-0.302878463468849,0.398740421848935
-7.31082972590269,3.77251250777522,-3.95646710821032
1.7503330432036,-6.1341609510626,-2.06065271921788
6.68247590280352,2.24424447836392,0.11044285351006
-7.26298289299757,-0.524103640272875,0.233360625710245
-2.91852833390382,0.428758048229057,2.14615764479693
-2.30594879987362,-0.158289417093421,1.91772317248439
2.61954503323885,-3.06694527172535,-1.81047111681734
-0.0438908587993137,3.2651832318176,0.135076432520322
-5.21831593679406,1.75949138143594,0.650366409974885
-6.55090121252657,-0.837930297940004,0.124467086504176
-4.6275958647975,-0.962655207181457,1.62275088096843
7.71891732066784,2.5744724443118,0.797590534178018
-8.91832441912009,6.99140115845929,-9.95301025474773
-0.0433017969458336,-1.97376296584288,-0.158429887693751
2.32805243551161,-2.99503555015516,-1.22740250198416
-5.28848291359839,1.4993918819617,1.23144825860081
3.13222020600589,-2.17989815051438,-0.576376875769413
-6.25460035596621,0.199614932089789,-0.21978180435003
8.11697395808969,0.969103178345258,0.424376182241585
-2.01249853303057,-1.20428023679177,1.47003883157281
-3.74881234878971,0.255537187060094,2.22431607972765
-4.9864593305998,2.34104542502605,0.531256071052411
4.51126720389355,2.05756047957212,-1.57188144318562
-2.01756676903321,0.0833394877960516,2.01519172188779
7.0285978579576,0.228538642833519,0.120657752088867
-0.813867442222582,-0.397975119818123,1.28401182850648
3.54999691297988,0.272371560366971,0.39689945873498
3.73476011823221,-3.31447699813841,-0.463908425535151
3.7297182590549,-4.67778967848885,-2.67875609852324
3.52858334647468,-0.0887866992940261,0.24358817246242
0.278761294396237,1.60108570346064,0.435829356940865
4.57507586570551,3.48659917367723,-0.84587421513627
4.61961918209644,1.22222488567843,1.37440602383102
-5.94537610649091,-1.84852434508969,1.26192862046763
5.5921433498398,0.820772862475025,0.737303170721959
-2.58578456382697,-0.97689858292948,1.9697165720924
5.140408419923,3.13728407889002,-0.790622631560095
-0.140561166351089,-0.700880815163386,0.138347727208001
1.96656945592206,-2.10675429795324,0.151727493250472
0.0772450935991844,-1.31105740029225,0.38862367030068
7.24229786268734,2.19171276305926,0.157806108780586
-8.8071712877423,6.7402901405974,-10.0608579938725
-0.12776941790531,0.907134239121436,0.998231187498623
-3.0659412274599,-5.12517415523168,-0.323994972937896
-4.80686600675798,-1.56033395681611,1.80185072386568
3.13866229259055,-1.81479068882687,-0.881956391885802
0.0222511182287983,-0.903925512576943,0.470912571161916
2.98680042358844,-2.62758194513684,-0.665282668645326
-1.49261287792638,-0.168563326350678,1.96308457904393
0.563310438184316,-1.72865363061688,0.150898847877852
-4.15570859210124,-2.25980493004664,0.709658626800766
2.7609084998088,1.48769816898078,-0.00586971252013169
6.6954711036659,-3.78732828736862,-1.74992225085464
-7.2281842889355,-0.249571371695664,-0.204049583673325
-6.33620273907009,-0.951594221088272,1.27933044617003
-5.12312178974087,-2.62564701934249,1.07871880638352
4.43785104719559,-6.50865244017694,-3.47200022452383
-2.22383565027638,-0.625732500137597,1.0408837775996
2.94766291412195,0.908923745901906,0.403255351718471
-0.359232428222452,1.01944919075075,1.00121497229325
0.220277995764235,-0.671629267000433,-0.317172435714557
3.64572163432466,1.27400828287047,0.639854381121518
-0.0316333202642629,0.39504930836896,-0.124609690606028
-4.29000464083152,1.34113087146272,1.03253694819849
0.785996318865835,0.659957084404638,-0.524928772928388
4.40282262145813,-6.22924000387388,-2.9940109935418
3.62761914093007,-1.84436539461847,-0.942094047874349
-0.118450339268458,-2.14499616652651,-0.449302479071594
-7.16747420746388,-1.11039209227337,-1.12601673831347
6.34505544630454,2.26713093011282,0.26331046398276
-7.38849967387127,3.99945954764405,-4.4982172455622
-0.339612646429395,-0.393998495307305,0.816216409611991
-4.58590035916875,1.12132981407177,1.39761553155695
-5.4793293284671,-1.14060939213412,1.655817701923
3.77491458148911,-4.07998486912988,-1.72608815750515
1.68869164069092,-1.24764815373504,-0.034171010275201
-7.16436982846018,3.38487825050098,-3.03375399652055
-8.48826361809838,-0.181540426162844,-3.63715935319448
-7.04414452971081,-0.783163776739203,1.17581556209524
7.08370083503483,0.37415851806972,0.0504912742625255
-2.25809378978562,-0.327630845217199,1.5063807852872
-6.13247464636608,-1.46230025187928,0.916298475338676
0.0369406446388483,-0.918396111119305,-0.38857050945475
3.11584085391275,-1.8171149092699,-0.520841865803885
-4.96857585370465,-1.76827657836807,1.81939491645149
-6.92399892169151,-0.771557784300415,0.111161377013365
-6.30837274321158,0.21699750749129,-0.40775829743435
5.63824237491157,0.847820223750038,0.930989819945512
-5.83503747077674,-0.132976415370628,0.950493843965951
-5.09847242793157,1.16004620631679,1.70911458065041
-5.81120452379561,2.84162498674281,-0.361034597209243
-8.48172247515701,1.70309074672107,-6.00520464788529
0.382696811916943,1.20981891551031,0.567334967536966
7.22389533996426,0.752131191167015,0.17678934193762
-3.20874683566811,0.612332414826695,1.99962482982174
-5.18184107736351,1.87859769570759,-0.327019044226512
-8.90195033120334,6.5533682908721,-9.92670533635527
7.7106122489074,2.09823799171961,0.672521503949781
-2.77634267009686,-2.01364688716063,1.14407457971752
6.20365195834417,-4.07279246746309,-2.34528562022981
0.588904674270223,-1.4800606528568,-0.423989052092029
3.27369074492054,-2.68383887916775,-1.52315762785355
-5.22637057242272,0.967261367677041,2.55620156463517
-4.66414243479341,1.18905127826599,1.38685778832473
6.04699879310612,3.42306901772304,-0.295410435264872
-4.95574312248793,-0.081035529247041,1.14040118345047
-2.83380847618121,-0.896309294901015,0.875080434068628
-3.74218308274978,-3.05895265153771,0.584217164333278
6.68209264860074,0.51655192311068,0.414659886670059
-7.91756342493092,-1.05166762801785,-1.75229734667802
2.31963006284375,-2.8245294455192,-0.709746681689929
2.89594594224471,-3.45978994574338,-2.10616754190373
-5.52408940627744,0.607314897536332,1.96955938144989
1.75762927678551,-2.3442172739041,-1.06734679387729
1.97198697837046,-0.263207323651234,0.194705851626077
6.48537524349012,-3.41725885580547,-1.46681354525572
3.88407970407431,-5.31583928931242,-3.07139691176968
-4.33904860458214,-3.43020722835276,1.17081015883219
1.93782963274759,-1.67533426876276,-1.25712571597303
-1.59509319502157,-0.289057972639272,1.77059857955303
-6.14722285512442,-1.65043924449123,0.908480012268516
-4.087256016374,1.64067282513647,1.44479611347263
0.055829112788013,3.83160404739998,0.0307199060886571
-7.26824143491568,-0.925426319846854,0.439194812511647
3.66374536992797,2.82256670832911,-1.36556610648956
-2.99990595747495,-0.847456734982291,2.03345132145821
-5.14163353768259,-2.13944596302345,1.80769210960962
-7.87528993967741,0.825631415150579,-3.90704359980309
-6.33263276631093,-0.589782169524335,1.20143824940014
-3.78624086773655,-3.38183475709651,0.84941986751542
7.25173823945901,2.07301692207942,0.225387374871242
-2.07155728256426,0.044164824932604,1.89145805833675
-8.07245808433763,-1.08483876411222,-2.62947638932574
6.35466577380941,2.54051459230149,0.0908078325408827
8.09716274757836,0.858679627293734,-0.0851055384932682
-6.16229781352126,2.1920813021388,-0.616094056257739
-3.06898209161647,0.162596235945644,2.03042457499729
-2.52288174920882,-0.349843820827456,1.97638976474353
-3.72981519480813,-3.86950054405558,0.949260020258367
-4.02939895311812,0.0910230268808358,1.71500810030828
0.18442977709638,-0.163781666667416,0.618046038648419
-5.04597620861943,-2.22127636933927,1.46914828257212
-2.16874737081383,0.100906689368031,1.88895265425652
-8.60741807448309,-0.325762832143563,-4.01755869095879
-3.34066424686389,0.579312568295244,2.70625080431604
3.18943746436984,-1.72178865002011,-0.778168442394893
-2.75938837617464,-0.947618421481876,1.6669590133236
0.700988148206481,-0.373482982390706,1.09087585916057
-4.2592101461468,-0.905362647331591,1.96660365357087
-1.00026360768341,0.496751274025595,1.66735181077604
0.669273184513442,3.61038787368218,0.0983678280701711
1.15049519657463,0.666417192228232,-0.486140100065286
1.712809750422,-2.51791808531814,-1.3120866278545
-4.5800924442168,1.55358971496582,1.1683062009862
2.33081677062299,-1.58207587224801,-0.00951503290757478
-0.89284016104065,-0.33144630862808,0.427271811183857
-1.42496413404511,0.394286984834484,1.82958037679325
-0.607951876568987,-4.27448268992389,-0.920281688521859
-3.21640234023937,-1.49450811354531,1.50347842199978
1.21693758788949,1.94285351298782,-0.53709084860137
4.78656644203811,2.25732250124236,-0.394959300382805
-5.86927479185186,-1.9370245050187,0.849846581975021
0.971409298874778,-0.681426668739386,0.676681888855783
2.50215089117287,1.51605376296433,-0.344561274908764
8.05163824090028,1.08997972372141,0.00107023501662276
1.09315799166052,-0.925990032231957,0.326175370920549
1.8894548793954,2.37851683274016,-0.738722058299122
5.1727991814986,0.62535061828478,1.00090235116151
-3.22061366523668,-2.0971957068183,0.443630214211069
-3.54361556300976,-0.375594226497049,1.86003384798079
-5.30078479062933,-0.830326903079708,1.9914116557913
-7.44303287474148,4.40855204595433,-5.31195417037353
0.975433373204105,0.160559120184295,0.730327899521947
7.05342300303484,1.05765187889687,0.314010651698925
6.36421662247978,-3.85755965236323,-1.72077947786157
-0.307915248517383,-3.04276285435292,-0.392582786235765
-6.13674667805053,3.57508845641678,-0.349528291218746
6.38332040538551,1.34440390232039,-0.114993847062378
3.80342379696084,-8.00373080195592,-4.47386326225203
6.9385975276198,2.62672696883245,0.202616980771987
-7.10665091207038,4.35672742966426,-5.19889254577533
-7.65210670218726,0.100242180863957,-2.05260794795995
5.4309919187412,1.96581646498056,-0.0457192344653558
-5.74286285193748,1.16868504936875,0.395488747733607
-7.11708408196405,3.33192958034849,-3.58228770849327
-0.0129133807886259,1.22488741137603,0.648911853257416
1.88099165282829,1.50717149247082,0.550900915462796
-6.38985895595732,2.24199020797081,0.611691061347989
7.03740994881164,-0.40705906875094,0.253267089999784
-0.766449869998521,-0.865738302765537,1.21760412946339
-3.04175176048758,-1.32438534333015,1.01890649167231
-5.16384154784077,-0.685734351873036,2.05168497399235
-5.75981236169419,1.51427490822265,0.214551117793474
-7.1753300449917,1.73936958537676,-2.24214312733867
-5.46554039070363,-0.688927702007185,2.19523134700805
-5.79628927030979,-2.0130496490454,1.24316592520766
0.401248885887557,1.67543443445449,0.639145459706253
-7.18460146295886,-1.13184876852792,-0.454982429814997
7.73764732603902,2.55099505641982,0.539573651740755
-3.11366835380659,-1.32489077509087,1.01938297786015
-8.06411110793056,-0.195643925321848,-1.27709907703161
6.46302312761237,1.27862145696408,0.277050710245741
0.565778566668931,-2.0417349662207,0.358574874417275
5.08871390922313,-2.79825601461263,-1.67655498845511
-4.53834948232097,-0.473834487605442,1.99190715856164
3.29995464952612,5.98097794207201,1.68973776935864
-7.49520345429045,3.96610145381338,-4.63150860185308
4.24704672006938,1.10036763533097,1.19381365856815
6.32484970159194,1.96283777431729,0.0644193417085588
4.01837432331069,-2.02050375418405,0.132826132873461
-6.46952358296756,-0.60691492952371,1.7531365886115
2.54146238073564,-3.75091628373846,-2.56832759271376
1.9194038931103,-1.34619359477855,0.464045506971239
-3.60786972502801,-6.16145358192347,-0.865833016767567
6.99744682179806,0.707389113670665,0.536324449243085
2.96251477255404,1.78462295307503,-0.272577693154523
7.99095652359455,3.45060568113009,0.511877146569974
-5.40108286019205,-0.666014415192167,2.0503661314477
5.69919357304316,-3.33415797657277,-1.85523072618801
-4.41018167749461,2.02836669560525,0.949335079178174
-6.92819132593205,-0.662050138795881,-0.78893740933167
2.58421987471885,-1.1612146460264,0.0704138654664999
-4.98480864481921,2.99700599964872,1.30128535847403
-0.751924755984574,4.83236851273174,2.42885719230688
7.30154490064952,3.17602068887947,-0.0349904849082278
6.74083780938121,-0.33225950361112,0.513086000064105
-2.34691863653532,-1.10689886794194,1.74750052035013
-4.06308625292358,0.0163165797878978,0.820254216311884
-7.59697505106849,5.07070581628261,-7.36372070442715
-7.75766580795978,6.86412748382663,-8.30773980443602
-4.05199564001097,-4.01292566191472,1.06373007590158
-4.57936562578818,0.0849405252881843,2.15058357022607
-7.97573678827053,1.19173519534271,-4.03464613578584
5.35856312506837,0.578549609437418,1.02415407233794
-7.49033673841119,4.63124175357105,-5.25202558858254
-6.53901706841375,-0.428432847038837,1.53956221772168
2.3320810611767,0.862141617589423,-0.0274019952347085
4.71244954367224,1.16141547147448,1.36685510633642
4.68515622100871,-1.75465894894397,-1.25805133228175
4.58097355875773,2.06019865540656,-0.697065214008588
-4.70728446757404,1.67727363707289,1.30597111829251
-8.19517242342561,1.04109800301989,-3.91590950317512
3.29572675875319,1.02250725785346,0.194079930820228
5.28725434313032,0.502361351208104,0.881625645647434
-4.88440156153627,2.05907897246311,0.480846252455855
2.54247082793434,-2.54787164355375,-0.523257152073302
6.48030085110147,1.28130859627761,-0.197322276595791
7.26317111491404,2.59526401675704,0.242729486361464
1.98973269064934,-5.14785868044417,-1.60054454605352
-1.30442238120042,0.387420110026885,1.69882720275692
-3.43597484666278,0.515577465584484,1.76501533655937
4.25007449384181,2.19674949166945,-1.25367105572637
0.813443610658485,-0.191686596412705,1.04661330642814
3.82908182957858,4.05656098549485,0.171252452710305
5.06721825729933,2.92982841219914,-0.219127472679683
0.8295597209198,-1.78967782168675,-0.375345584006833
-4.32985974554551,-0.667132396863341,2.06298997456262
-3.98316785392433,-0.188314339717825,2.33154213099805
2.73177869112588,-1.18326866399796,-0.0260071045690436
3.95442699200277,1.89215007728861,-0.959500039842557
-7.12886722250154,2.46173363041966,-3.70921009044261
-3.77295956311084,-3.44703478225788,0.786468137470547
-6.64334871757285,-1.15436452882112,-0.0982244018655856
6.66111172903679,-0.153868778686864,0.491576189713543
2.28723850771155,-1.21396885063713,0.0335903684348015
0.871226919056509,-0.665485268960162,1.06932270489841
1.63964741840533,-0.962963610768094,0.2810268912996
3.5626749604938,-5.69671777736487,-3.14041898687038
6.74831472893355,0.109629932391021,0.35536597325523
-5.10306806330518,-0.620662053748463,2.05679278833514
3.48766253570217,-8.68862398372823,-5.29850342439269
-6.9849973412977,1.54174397061393,-1.48090366660767
-4.42114815708964,0.287666765885683,2.39893066987723
0.551123597798736,0.0190357388411488,0.674742486159797
0.427760119339653,-0.0339841415501326,0.693488548364798
-3.68633498875222,1.27864367687707,2.84298755366206
-5.9467863389482,2.52416271691317,-1.18451981170765
-0.45606362509868,-0.781284031944947,-0.0427611208280897
-6.83163676932554,3.36899523748138,-2.59747036265171
-3.49101392258952,-0.751321390179363,1.8853713164244
-6.21900861158744,-0.208331077323068,-0.100969359670579
3.29649106579315,-3.43888488124521,-1.48686053960304
4.61300509214158,1.25633694190278,0.809519727414976
2.52590048113343,-2.70278903433361,-0.883483860299798
3.41079893343411,6.02580554624342,1.74626444189762
4.54630759338686,-0.56854319732713,0.310063400961172
2.43122280447076,1.53182963353178,-0.179017765597947
2.56642600030321,-3.16550703817459,-1.80957498194915
0.185803272255805,6.90464638073397,3.13621551428034
-1.37106356107699,-0.516852720392389,1.00128223961193
-6.06186741900304,-0.752513520180585,0.120876987784288
3.38787566373284,-3.34482860314822,-0.637459594161469
3.04847104808242,-3.19903582403161,-1.34587355418498
5.32984373789284,1.76855025321993,0.427401993042816
-5.87685983404148,-1.68535879050969,0.856798939222506
0.389752459479896,-1.79637007253531,-0.662758534986004
-4.73127161578915,1.71377239739785,1.40334592413131
1.71450664683221,-1.64032200843697,-0.755910035453338
5.09085046270558,0.672200925495209,0.997225236685461
-0.154174371045099,-1.40860381118664,-0.278399168527124
4.82609216848567,-1.75457092211596,-1.1177297467754
-1.50657573573831,-0.312126056650379,1.80710040614117
7.97390447312658,2.48696605400902,0.490389321241908
7.98459295747371,3.05886005710203,0.543953618516024
-7.85865962199037,5.37371845640786,-6.9246330749389
6.46658080449131,1.29945498199317,0.449778625796523
-2.8785569422329,-0.00112220690711096,1.35242067668239
7.44008669129842,-0.314648754933137,0.00106668767586664
5.3062078759154,-4.83493162513892,-2.61430323921946
7.50978499291634,3.39027050990121,0.126605608032656
-2.39143044502799,-1.07283937806204,1.73728134631198
7.95859473030026,3.06052363953768,0.530532879455869
-7.42387397943926,-0.536651121832739,0.180299662246124
6.45311864015232,2.44750710885051,0.152922481119547
4.36101734859611,-1.77685711966303,-1.43170455147142
1.64762329698706,-0.829687306157723,0.537512379309635
1.17908746036501,-1.71511843397746,-0.458680130893411
5.21987138952564,0.661248832652239,0.992334854578097
2.00284998732652,-3.01764819908025,-0.829304567985137
6.66245440995001,-0.598008035334875,0.142924298991141
-7.34005840678762,0.566794740563963,-0.249049809522737
-2.43130561832442,-1.08779787645635,1.35562186785877
6.61703655416577,-3.47914685626043,-1.44096321778209
-4.67670365645522,1.36190926061998,1.87986770765708
2.59311353883708,-3.67607021629289,-2.57054300773927
5.33384410258654,2.54395625444427,-0.450981786871995
-6.19765411704713,3.63640212425886,-3.30883244615798
-6.68353586031755,2.73294000959039,-1.72670602425227
3.71842798795339,-2.330190790673,-0.441246307521529
-2.63162464715022,0.0428467465878885,1.64622932613882
3.15061041221798,-3.03140212974421,-0.894631634112208
-1.66192085404273,4.34829009367048,2.77395262201198
2.09354622024636,-3.37550228704225,-0.755589527473112
-7.09017412979265,3.00081966689584,-2.35912561015952
3.50077164556756,-4.28381274603176,-2.02950273250905
-3.24171464939915,-0.750673686680258,1.78952726457867
-6.74500166683277,1.43086594705141,0.215885681120737
2.02303560332564,-0.0883294494930446,0.178226439389505
6.67445302492948,3.16482039534093,0.0788417620893782
4.81369738493137,-1.38377074648414,-0.370101073654291
-1.1591685109862,-0.045466240460378,0.873317709950996
-5.59325994962369,-0.776694131523026,2.18022432993845
-5.1399571978797,-0.116112557507261,2.37690369216759
0.126963281143808,-0.0767246765942313,1.09756711724029
4.2596291569214,2.32353771549248,-1.35312213960848
-2.555765504273,0.0260763975690692,1.53277092738426
4.60885437877494,2.49700936931531,-0.540584014620923
-5.91353275119256,1.60680780004481,0.129817609795218
3.4713847125481,-3.05320975510094,-1.09208079413404
-5.24844754912064,-0.818879967363124,2.18838705673641
7.88635788354476,2.40743592064988,0.616733680646236
6.8669783673628,2.74425194315704,0.164389692578282
6.72727360543599,2.46003143521078,0.148177235779048
6.63966801297632,3.11139388522069,0.0579001435467507
6.47839779010837,2.43846342732639,0.142612183116091
6.8210251587091,2.46727353963954,0.0601614193865369
-8.45271130304749,-1.36684252960829,-3.2493171924775
-6.74691303098078,-0.185360969114985,1.14337951008549
-3.44653801737302,0.664964026387889,2.38962536400077
2.74185689872826,-3.22899305190472,-1.60495542458135
-2.93986000159956,1.13805668747244,2.49418598346529
5.8292657989617,0.675921203325021,0.44383004306627
0.40182474138034,0.060223714504798,-0.340648869121325
0.471717572590996,-0.367573142581168,1.09798910904842
-2.94088962960121,0.15174783267211,2.38662773503971
0.303074439307191,-0.468824625883895,1.13250157548638
3.97088964114731,3.53582571818294,-0.748361661059041
-0.324066481055063,-1.90426126567793,-0.257585155416546
8.00371086947607,2.11065921569949,0.33310904047832
1.21762898174879,0.857909714223792,1.20197541139545
-2.07476033911612,-1.42206575747481,0.810465034672353
0.475629794981309,-1.80741583878037,-0.0268079131578717
-5.86878931321568,0.768527568967067,1.69473664880916
-7.14021222711689,-0.337955620657886,0.684809568683511
5.79559016101062,3.34982285530764,-0.127438295471617
2.62897259762872,-2.67991238805545,-1.51013804688514
2.31384117115573,-2.62703805544257,-0.117796336196994
-0.947699257188805,-0.995416678421656,0.74519622704478
5.77226807125365,2.0446598121765,-0.278218530756898
-5.74491851328334,0.746982084029081,1.57813542611927
-2.75400842287458,-0.0206243237327928,1.10305930819152
4.80075943225764,-2.54572827897179,-1.07153214153737
4.00176856065651,-8.03165888513199,-4.99901057464152
2.47526994033002,-2.72042792661241,-0.604170399725096
-6.8384725836616,-0.665347293853456,-0.786684934718174
-0.722743644486045,0.279122120916491,1.53006827631947
4.10776420809339,-8.96428702701041,-5.7344791931589
4.0998555153938,0.0862385146000769,0.933357294711415
6.63873188071554,-0.346715836811877,0.497075602604435
1.49637899929935,-2.31482787879317,-0.00405631098758453
-8.12127166166941,0.253209013025489,-1.91128787396018
8.01563098067202,0.720400653748252,0.00811438605246621
5.14279904195295,0.552813373719554,0.684385485832104
-4.30540189973989,-0.188720114584719,2.27285025791316
3.32239561325016,-1.3282235882594,0.171348600685175
2.27081183278084,0.829908248652517,-0.364511508886945
1.52749649721028,-0.932553204654489,0.273028845822755
-5.15836622436185,-2.15044421840573,1.94934024256187
-5.05655303554749,1.97283176759155,0.858065524514585
3.27415358611348,-3.23623554105553,-1.39200028231023
0.821034960835965,3.58351409328247,-0.169771234415999
6.67544007528459,-0.395033365286471,0.502751108644221
-2.89384506760875,0.19290662018458,1.14946684857042
-7.68934639886361,-0.494800513596446,-0.499341941950562
6.9383976533888,2.99168294341114,0.145760265788551
4.24653859975181,-7.82107677394501,-4.22561929361451
0.343760634349155,-0.341940116090488,-0.410129106287243
-2.37573628112809,-6.93189729645097,-1.61597402671235
7.81132507978317,2.195876413354,0.223496290621157
-4.87634188681535,1.12030607183025,1.6299042397367
4.511153096284,-2.19863563192622,-1.3810176377412
1.67000329396737,-0.720475450458272,0.353675145035439
6.80020201258452,1.20385347116396,0.00890626231607331
-0.481939505869143,-1.53043337864294,-0.249306393541526
4.10881074266669,-4.37121806313004,-2.36481237980584
2.58736560526388,3.06327679372566,-0.55028663701195
-3.57967220950491,-0.341192970908067,1.85102308645467
5.56140452046998,0.830676521809175,0.908474889615556
5.11061043387654,1.68626737882841,-0.0270609427459348
-5.05288682356214,2.01856864731222,1.10886575347423
1.15269111927627,-2.26509331057411,-0.553392938380344
0.638292115659576,-0.313453498906255,0.601335167302709
-3.10617684545557,-0.205830723041967,1.51105938643624
6.9842036194641,0.29800329383463,0.556965360808823
-2.22020310555926,-5.09330209407538,-0.649115893119036
1.98153326522858,-6.0332408601241,-2.10916626591456
-3.79077360491294,-0.104212891464352,2.26180400415401
-0.148352873560867,0.60007553474604,1.38092695698578
-1.80447582483735,-0.257497861035604,1.71983656919527
-7.73274556492243,1.04802107614814,-2.67914284537371
5.46048790519938,0.724071826505488,0.881495998504935
5.39754915097309,0.90197144780941,1.00473376058368
-0.928766990340132,0.0629571690676249,1.55947259050175
-6.06756883904403,-1.37298853189873,-0.10160045973166
-7.6707654975158,-1.16883220998562,-1.1733237902567
7.70850884769334,2.37287525065418,0.815187071817504
1.6261409979771,-4.01726797876758,-1.20318251546321
-0.106535320712026,-2.19908529300021,-0.443202299938874
1.76219181517483,1.57620215452951,0.312225276319215
4.92759180497982,2.78302714136293,-0.39119398616828
-0.288947682188719,0.777385926771799,0.599870631274766
6.64772625324232,1.35030714541051,-0.0551918592802137
-1.97272361268546,3.07326708643753,1.5631466355421
-2.46621314436873,2.3038166567239,1.91538183810442
4.83276657745681,-2.41404572647217,-1.0227428068478
2.44522432244697,-1.15307628596787,-0.313712228083061
-0.591732371682449,-1.12465588774253,0.741779146296372
2.75029723614058,6.45305249164617,2.80810483164399
6.6237017745631,0.434033912927085,0.771486369020504
-6.96706400454966,-1.25705135747958,-0.248392955994368
3.88925004201704,1.9404449929374,-0.700303091278346
4.10903881292074,-3.01296883628193,-1.50488320100884
6.6377329316138,-3.67675616824736,-1.83744489780087
2.69590551596552,0.602607780224685,-0.0481209336155588
3.79992341715328,2.03571265372974,-0.757696746100595
-3.14495351366889,-6.68601502391414,-1.39063763110402
-3.77939742392017,-1.44051779762023,1.02339002163152
-2.10628639344373,0.123240892131835,1.70097591894952
4.45785509111003,4.49229156705336,1.58504799473395
3.80656599124913,-2.75711921634948,0.000257629470871809
-1.9660625430664,-1.43716819307658,1.57645873826135
8.12991887918583,0.923861204717409,0.16133843655567
6.45765452696752,0.382574477413548,0.496518427395826
-7.80871713233897,-0.970999653384104,-1.66623402140243
-1.24755599524628,-1.19595198741956,0.761536085027222
1.60328690555349,1.91146056795668,0.397751229912764
-0.561936576296226,-0.300099084513426,0.327761660452044
4.23377910546914,-0.459256347825205,-0.404888761281698
-5.33008285520289,1.21211376671087,-0.396247496650024
-3.52034429078382,0.336867676756459,0.797565145798346
-4.96149615025119,1.38357850846059,1.49464607389786
-5.69729692246648,-0.364387407890992,1.53640385487001
2.32249222872774,-5.27279958853841,-1.46687231337863
2.02820656105681,-1.96801830172505,0.263191250014285
-3.18105332961048,-1.94385016301539,1.37093189660865
-5.91863536080674,3.05569632921789,-1.49616285990024
-6.86826938282992,3.53890145612311,-3.60735448438885
-4.8457698672574,-2.75730154507403,0.895481895368244
-2.30622048967239,0.121384711312439,1.04726962282879
-7.28882316031359,2.16161157568047,-2.90384413285484
-3.60499898477225,-4.28336036171785,-0.126621240457425
6.77515012964906,1.15187225199345,0.0893994479644843
-8.01110994167821,-1.08624039043635,-1.52450278025076
7.02240349418633,3.84678980010564,0.239177131083478
-3.12939791242266,-3.50976343462537,-0.0832301026737131
-0.236077102376173,-2.47810275978249,-0.17663112266625
2.620215461585,-1.98091887639372,-1.15938669609936
-7.2259159003151,1.67820170553518,-1.13015456161936
4.84075929810572,-2.6801289060076,-1.28620310772508
-7.42467387305933,4.84060920287034,-6.31659861813537
3.91560270249847,1.81497717461511,-1.23922175986766
1.47678331358927,2.14811207373822,-0.686663603985892
2.85385021072212,-2.52049474799314,-1.29850831177327
7.89335598894597,1.3412580265253,0.00951655058187506
-8.44766531340591,-0.221049227156871,-3.58293337187973
4.00344396148542,-0.708441994204439,-0.105593107906281
-5.33723711182259,-0.64747065913016,2.23053382053016
-5.51898267070889,2.18397503480641,0.529815498281928
7.40703481167997,2.58634992836455,0.534090984827618
-0.00307759412378804,3.5122834784847,0.435234962763769
4.33872762272609,1.11653278312737,0.897496753906496
2.74288088510093,-2.25088773619959,-1.10176724681374
7.09253890700704,0.844648245435931,0.564140761228801
-7.63369115544785,-0.870009738105307,-1.83479415828494
-6.22180863408304,-0.741746961169774,1.91463748238186
3.98431228422485,1.9774400438599,-1.53906171642215
4.907138304154,2.30499782976216,-0.669131453089006
-2.72287034498815,0.191408548836448,1.92475213341709
-0.240550655687902,-1.55029476229463,-0.396367976823273
-1.05202020631796,-0.328346040474631,1.64363041184161
-4.40181687013849,-0.800614944208787,1.77052404219092
7.92162202867786,2.37591096631355,0.452579000007354
3.39155345278483,-3.81906538317399,-1.68382637699769
3.97852948957471,-4.23861341375153,-2.48411525315998
-7.41075630167369,-0.422910975520412,0.488054940700887
6.63001742489315,-2.69943046485485,-1.14623976286314
-0.0725410486420734,-1.02454786996953,0.292970499210538
-3.22030475097751,0.0986940710524084,2.3080088821898
7.05356398048382,3.01316297848334,0.0826791485071544
3.56192331655008,-2.53944228718882,-1.01731253100978
5.34611835500182,0.544004711932523,0.875323058518013
-5.85060135374524,-2.08550042360964,0.556951793876865
-7.29769259686219,-0.0399591432717432,-0.0894965164266751
1.19448513709544,-2.43218601412551,-0.897697821203251
0.00658736244220195,2.72371320065396,0.0666681139279105
-4.85404580853208,-2.58217002545708,1.40167315920714
-7.84325290642343,1.34421748483942,-2.63858722839264
-0.224609663553039,-0.386364480041494,0.018309252129309
-0.390437830129493,0.817565529573933,1.15242143949692
-2.13483209314302,-0.0542315522997895,1.4691634540404
-5.46560516830778,-1.8588158577519,1.54221753038556
-1.48505933212562,-0.637784955624406,0.803009125807409
-5.42908633225242,1.30901114382057,-1.24663814517244
7.82834986053625,1.56884681030561,0.230645311128121
-4.13785753188326,-1.73029877691197,1.65038194320609
-4.18649556823554,-2.01680376530266,1.46857420286489
-7.62699561224448,5.41632756132839,-7.87064810124084
-5.55093249502618,1.09242920352315,1.93603944231681
5.56624557081855,1.50080308133716,0.91339776423125
-4.27626570799561,1.18115481073717,1.72301083964966
6.21803727717602,0.0421281347258083,0.553893488229039
-4.95914649619486,1.98185417834509,1.40708652836535
3.48914149051585,-5.88709461359539,-2.7869327259827
-3.35375697466401,0.951910766378901,2.59368983861778
4.64618955179732,2.24833662007393,-0.851939814727395
6.7113386573663,0.629092545309843,0.538929859863665
2.38785865707579,-1.99418779088347,-0.988345235082366
3.69402494229194,-0.511935752946175,0.361091916595142
5.7918471689781,0.904431728612335,0.880362667598823
7.28465046079491,-0.128644794432173,0.120955335823404
3.93985545348078,-7.65968010746305,-4.64344186108726
1.28298542837386,-1.64210370611124,-0.120262832371848
-5.39632526942774,-0.872644707170141,2.2029293144522
-7.02344986573215,1.3135715434737,-0.353449710812173
5.24537981323654,2.96722198858689,-0.240529996910788
6.84435108005694,-0.425802786807211,0.447763367149613
-0.892762062668448,-0.597513204642871,1.04508075922265
7.238206084867,2.91748607127283,0.0644292617119148
-1.55185064716526,0.0731220962568685,1.8845758101376
-3.7676101973741,0.468657670115405,1.91023427351111
5.93377966544156,1.91492069554038,-0.166434275642578
4.85652174694915,-2.62332316875681,-1.27801192743105
5.89420835727711,-2.379101052486,-0.472606860982868
7.77876365808532,3.29679519226762,0.215786929768903
4.54598221130194,-2.7143744864548,-1.62389792265582
5.9365212492117,2.80885949283369,0.0659532940132058
-7.31107651566461,-1.28380954694252,-0.860410313250344
6.17435505666373,-3.22427932806895,-1.0991918354836
6.57780916285021,1.0610568195314,-0.1475497065774
7.66877925544345,3.47458570043322,0.338813425214893
1.34473793341728,0.0609888746396771,0.638674708348585
-5.18184107736351,1.87859769570759,-0.327019044226512
-7.11562167524773,0.0699379284954679,0.099814111750953
1.7503330432036,-6.1341609510626,-2.06065271921788
-5.8873654122537,-1.46821745264942,1.17001093621236
3.80342379696084,-8.00373080195592,-4.47386326225203
3.77727956948309,0.268981392984588,1.02609602409163
-5.35125426182114,2.53137700420837,-0.360093263939236
-7.59697505106849,5.07070581628261,-7.36372070442715
-7.16747420746388,-1.11039209227337,-1.12601673831347
5.39242339063936,0.438156713497024,0.892191453596917
-7.75766580795978,6.86412748382663,-8.30773980443602
0.18442977709638,-0.163781666667416,0.618046038648419
-4.69440066293044,-0.292534578518878,1.73895956505017
-5.78373666497418,-1.94740170320294,1.11830631823227
-5.74491851328334,0.746982084029081,1.57813542611927
-7.68934639886361,-0.494800513596446,-0.499341941950562
-6.92399892169151,-0.771557784300415,0.111161377013365
-1.65398132110507,-0.185567035846447,1.65509240897022
3.94172515999358,-2.52940405909584,-1.66713203082545
-2.75400842287458,-0.0206243237327928,1.10305930819152
2.2199570648177,-0.87635964869372,-0.637344102831335
0.871226919056509,-0.665485268960162,1.06932270489841
1.52596771127887,-0.425504054580748,0.579179854809855
-1.62640391874098,-0.350467951658664,1.8033404856345
-7.62699561224448,5.41632756132839,-7.87064810124084
-0.411780811304428,-2.509839322573,-0.0428186560260622
0.875007257011054,-1.60646802194486,0.606339118126518
-7.6707654975158,-1.16883220998562,-1.1733237902567
-5.40108286019205,-0.666014415192167,2.0503661314477
-5.09847242793157,1.16004620631679,1.70911458065041
-1.1591685109862,-0.045466240460378,0.873317709950996
-2.90983513338561,0.538391557299677,1.97452672168788
0.139662596842198,1.71835852794491,0.479970666078144
-5.86927479185186,-1.9370245050187,0.849846581975021
-8.60741807448309,-0.325762832143563,-4.01755869095879
-2.68661101004285,-3.54599744406339,0.198793728894365
1.21693758788949,1.94285351298782,-0.53709084860137
-4.46977665732698,1.25652147625511,1.55837729274523
1.14514882835351,-1.97083060671808,-0.75616636076633
3.82104512878496,-2.26357733463243,-1.03210482547952
-7.14021222711689,-0.337955620657886,0.684809568683511
3.36195950518224,1.92269241426321,-0.898248312915122
-5.74286285193748,1.16868504936875,0.395488747733607
-4.05637430622206,-3.45956525349413,1.10916745774744
-5.1399571978797,-0.116112557507261,2.37690369216759
-8.48172247515701,1.70309074672107,-6.00520464788529
0.274612156844753,-2.10372800631162,-0.375346957989627
1.28298542837386,-1.64210370611124,-0.120262832371848
-7.13096059085688,-0.658306438828493,0.969563749609812
-4.30689620096167,1.47631296777137,2.20844051840733
-2.54092171715476,-0.849834015027471,1.8765726488433
2.00284998732652,-3.01764819908025,-0.829304567985137
5.00865337219285,-1.54944284207486,-0.978117200359587
-5.61441648843474,-0.63088118992294,2.13458680999118
-5.92486454977776,-1.81763510727454,1.56039232113444
-4.66097548037236,-1.59529956880738,1.75773729648625
1.28283108140294,-1.38599137972036,-0.124804308857545
-5.25795861111219,-1.50176984579708,1.61127891590263
1.72516894647529,-0.476536712803852,0.571134385947783
3.27415358611348,-3.23623554105553,-1.39200028231023
-3.22061366523668,-2.0971957068183,0.443630214211069
-0.217112152877176,1.27111585984871,1.01006360849292
-1.28674131409686,-0.638260900539316,1.42291102185582
-1.59509319502157,-0.289057972639272,1.77059857955303
-6.9939586789752,-0.987728780317332,-0.333762263631236
-7.1863687438237,1.49801559313057,-2.19902881045714
2.28723850771155,-1.21396885063713,0.0335903684348015
1.51154792043529,-0.877760884486595,0.510993146978629
-6.8778384421747,2.88146276272839,-1.81963803275355
-5.50544471772091,-0.183813764719868,1.35661716566895
-6.22180863408304,-0.741746961169774,1.91463748238186
3.06642670185193,2.88670457851493,-0.61537432800404
-0.766449869998521,-0.865738302765537,1.21760412946339
-0.0433017969458336,-1.97376296584288,-0.158429887693751
-7.16436982846018,3.38487825050098,-3.03375399652055
-7.9951917675068,-0.67505246040055,-2.42544797330605
-5.48178871426883,1.59574442457702,0.245125674324445
-4.04008983091423,-0.112880334208077,2.05487969457718
-0.637275428744655,0.415095319462058,1.27557265433182
1.79275004184196,-3.58386350352478,-1.00106102851818
-5.42996372840909,1.62770385454166,1.00661589498803
-7.10535964846425,2.53113581622285,-3.59136939141201
-6.53901706841375,-0.428432847038837,1.53956221772168
-0.593986342069194,0.998785095794696,0.987523818104846
1.60328690555349,1.91146056795668,0.397751229912764
3.88925004201704,1.9404449929374,-0.700303091278346
-2.4927154902984,0.240503360100066,1.23844953671877
-0.0725410486420734,-1.02454786996953,0.292970499210538
-4.95251209930008,1.68147202716318,2.41550417907958
3.95112835488997,0.27093770387543,0.307481542176595
-7.13838784733294,3.13415326811386,-2.85446278858651
-1.9660625430664,-1.43716819307658,1.57645873826135
-4.05199564001097,-4.01292566191472,1.06373007590158
-4.27626570799561,1.18115481073717,1.72301083964966
-8.8071712877423,6.7402901405974,-10.0608579938725
-6.06186741900304,-0.752513520180585,0.120876987784288
-4.68259889713894,-0.595317125815547,2.2370309188406
6.64772625324232,1.35030714541051,-0.0551918592802137
-7.11708408196405,3.33192958034849,-3.58228770849327
3.29649106579315,-3.43888488124521,-1.48686053960304
-4.27896020336183,-1.96787912422973,1.41512130063749
3.11926254450502,0.854767904815776,0.561945975455167
3.24305358797506,-4.05178925048702,-2.10273615877176
0.140800501347897,-0.215241638072368,1.11275486396985
-2.58578456382697,-0.97689858292948,1.9697165720924
-5.21095371721686,-0.171560250832739,1.42973109785979
-0.751924755984574,4.83236851273174,2.42885719230688
4.98770516614905,-0.0236603634962753,0.620203422110484
-6.19765411704713,3.63640212425886,-3.30883244615798
-2.63162464715022,0.0428467465878885,1.64622932613882
-0.55100403240594,-0.0450031088853261,1.49472373851195
-6.15610331902844,-0.273858947819689,-0.0410822683692079
-2.22020310555926,-5.09330209407538,-0.649115893119036
6.06523274545922,2.10133765164507,0.2516281409066
-1.71078123696347,-0.723638156008617,1.10159245154169
-5.21831593679406,1.75949138143594,0.650366409974885
-3.43597484666278,0.515577465584484,1.76501533655937
-0.192440563548903,1.06471908814367,0.796973803981519
-6.14722285512442,-1.65043924449123,0.908480012268516
1.6261409979771,-4.01726797876758,-1.20318251546321
-3.59831766119288,-1.86202448212158,0.899426143898601
6.7113386573663,0.629092545309843,0.538929859863665
-5.94537610649091,-1.84852434508969,1.26192862046763
0.164951862251337,-0.433833199191397,-0.522991870260369
-2.72287034498815,0.191408548836448,1.92475213341709
-4.95914649619486,1.98185417834509,1.40708652836535
-4.45166522994396,0.696235827298182,2.2690515785706
-5.29807899537731,-2.80552953262646,1.33530575284121
-5.05288682356214,2.01856864731222,1.10886575347423
-4.2367369912723,1.44760318986735,0.629653889739362
-3.20874683566811,0.612332414826695,1.99962482982174
4.58097355875773,2.06019865540656,-0.697065214008588
-0.500696541986717,0.0554713552360405,1.3513360118264
1.53110054113838,-1.35931506278149,-0.0405920469378268
-3.35375697466401,0.951910766378901,2.59368983861778
3.27369074492054,-2.68383887916775,-1.52315762785355
-0.148352873560867,0.60007553474604,1.38092695698578
-5.89794807733292,-1.72942463896339,0.831578496721695
-8.60201926947543,-0.965110444979841,-4.01755155411123
-5.88950513560842,-1.79387438577303,1.28237866904147
2.61954503323885,-3.06694527172535,-1.81047111681734
1.26217112153974,4.72292967415899,-0.106778147823975
3.47568312478557,1.98523187960991,-1.28179858998521
1.11759289006004,-1.96011483703318,-0.416710347031702
-3.11366835380659,-1.32489077509087,1.01938297786015
1.7624430335567,-4.84592883962895,-1.57571795006367
-5.85060135374524,-2.08550042360964,0.556951793876865
-3.130086385815,0.933561188659203,2.20399877450888
-2.80526296072782,-0.153339212593791,1.34886005768379
-2.83839728421191,2.78325231539757,2.38801633702246
-8.48826361809838,-0.181540426162844,-3.63715935319448
-4.95040020726929,2.55975773206832,-1.32874874736194
-7.36778688785129,-0.985357861975979,0.401569575470149
3.09855947507705,-2.06670490275029,-0.7002173104916
-0.390437830129493,0.817565529573933,1.15242143949692
0.468886242307168,-0.314426007833092,-0.46440668193459
-2.66509881727194,-2.94475281417999,0.152974958120578
-2.04799405450765,2.61509018227979,1.49201715355963
-4.58590035916875,1.12132981407177,1.39761553155695
-3.22030475097751,0.0986940710524084,2.3080088821898
1.39649841327765,1.56035388971931,0.324398740419103
-5.84998131271949,0.997204419398703,1.0938525260755
-1.33731620584357,-0.246680207395762,1.84055093550883
-0.45606362509868,-0.781284031944947,-0.0427611208280897
-1.70148745910576,-1.19441934922859,0.712992437414083
-0.0990615404970492,-1.50984417953173,1.0034509418152
-5.52408940627744,0.607314897536332,1.96955938144989
-5.86878931321568,0.768527568967067,1.69473664880916
-0.52921304233265,0.0296719545618858,1.16938822881425
-7.21166016954106,3.98529267983385,-4.50122286862789
-6.86826938282992,3.53890145612311,-3.60735448438885
-5.14937684269719,-2.01131894874746,1.90843483399538
0.57818783208013,1.90327926117733,0.756852368808143
-6.540780692346,-0.987812928924543,-0.322172974778172
-6.09734482863579,1.88596320084804,-0.542817538922575
-8.19517242342561,1.04109800301989,-3.91590950317512
-5.79730536105342,-0.574210326394547,1.71953747654775
-1.05367649247737,-0.905543109105051,0.874604322471755
-7.31082972590269,3.77251250777522,-3.95646710821032
2.24244800022175,-2.36300323367429,-0.502180698197121
-4.32985974554551,-0.667132396863341,2.06298997456262
-7.83075327522647,1.77823712202273,-5.34154171348034
-3.24171464939915,-0.750673686680258,1.78952726457867
-2.83380847618121,-0.896309294901015,0.875080434068628
-4.42163986495995,1.17027854814043,-0.389074286803134
5.10448788591713,0.647739537014911,0.974507431152776
0.0772450935991844,-1.31105740029225,0.38862367030068
-6.38985895595732,2.24199020797081,0.611691061347989
-7.85865962199037,5.37371845640786,-6.9246330749389
-2.07476033911612,-1.42206575747481,0.810465034672353
-3.62764934060224,-1.56120567526978,1.47384399098739
-4.13785753188326,-1.73029877691197,1.65038194320609
-2.52288174920882,-0.349843820827456,1.97638976474353
-7.26824143491568,-0.925426319846854,0.439194812511647
4.70008451672323,-3.05942641138605,-1.51142665547143
-6.33263276631093,-0.589782169524335,1.20143824940014
-8.01110994167821,-1.08624039043635,-1.52450278025076
-4.5360548035741,-0.861816631346101,1.70419895898755
-6.16229781352126,2.1920813021388,-0.616094056257739
-5.25616299341944,-1.43578170168876,1.53994174709092
-0.607951876568987,-4.27448268992389,-0.920281688521859
-6.84850041803749,3.24504658175419,-2.90230366177525
-8.07591084462876,-0.128722254113632,-1.64184557631365
3.71842798795339,-2.330190790673,-0.441246307521529
-7.73274556492243,1.04802107614814,-2.67914284537371
4.26011156088053,2.10588257948944,-0.940155882532649
-3.82669590620392,-2.62741764474902,0.824909941358345
-3.51028677542123,0.973363940720374,2.22595621909603
-3.75050554302304,0.787362084980193,2.5204907416571
1.01119676917828,1.10642325128474,-0.325995012811088
-4.44529703272689,-0.335763442803779,2.24556106480695
-7.84325290642343,1.34421748483942,-2.63858722839264
2.32249222872774,-5.27279958853841,-1.46687231337863
-4.41018167749461,2.02836669560525,0.949335079178174
-4.04808309752531,0.0763284851600867,2.65484417388005
-7.62029373124943,2.18021572502201,-3.65749494985662
-5.42908633225242,1.30901114382057,-1.24663814517244
7.11711509174739,0.344785717247654,0.482275875211474
-0.369731560029384,0.82107121800791,1.72394295158104
-3.64570889637665,0.566505618827437,2.74451037623457
-7.58449903862796,-0.967355953172745,-1.08001649758165
-6.83163676932554,3.36899523748138,-2.59747036265171
-4.87634188681535,1.12030607183025,1.6299042397367
0.126963281143808,-0.0767246765942313,1.09756711724029
1.67000329396737,-0.720475450458272,0.353675145035439
-5.30078479062933,-0.830326903079708,1.9914116557913
-4.45753589670599,-1.58003304099963,1.55942887089069
2.32805243551161,-2.99503555015516,-1.22740250198416
-3.44917974554996,0.663743198392276,2.76790757956162
-2.13483209314302,-0.0542315522997895,1.4691634540404
-0.98879496945057,1.65156231870712,0.752705110423862
-2.39143044502799,-1.07283937806204,1.73728134631198
3.53115294537476,-1.9280338293298,-0.896805241656191
-6.8887788768756,2.0676066718865,-2.66269638641321
-5.40260536068808,1.40780620155626,-0.398930542425047
-4.30540189973989,-0.188720114584719,2.27285025791316
2.33081677062299,-1.58207587224801,-0.00951503290757478
-4.15570859210124,-2.25980493004664,0.709658626800766
-4.88440156153627,2.05907897246311,0.480846252455855
1.55240254798647,-0.925319300377228,0.867063619601088
3.48766253570217,-8.68862398372823,-5.29850342439269
-1.42128874578416,-0.708572688208797,1.24893917334851
-0.307915248517383,-3.04276285435292,-0.392582786235765
-3.60786972502801,-6.16145358192347,-0.865833016767567
2.50215089117287,1.51605376296433,-0.344561274908764
-5.33008285520289,1.21211376671087,-0.396247496650024
-4.34972932998823,2.00938784426502,1.10350680653181
-3.77939742392017,-1.44051779762023,1.02339002163152
-0.257734496497021,-0.667745685636335,0.564602135583719
-1.44223738839155,0.457655518806663,2.05976745089782
-2.89384506760875,0.19290662018458,1.14946684857042
-2.81150728001708,-0.124983930112902,1.00484229624659
-7.41075630167369,-0.422910975520412,0.488054940700887
-0.79606216325701,-0.561379389625631,0.396455763144978
-4.12648878326837,-2.47514060049101,1.1101761153763
-7.2281842889355,-0.249571371695664,-0.204049583673325
-7.52153998978431,-1.38475543099945,-1.05089353904843
2.94766291412195,0.908923745901906,0.403255351718471
1.69946512897135,0.365897494179969,0.319625865471065
-4.92017547124219,-2.42080115484616,1.44706503659893
2.45206440743654,0.995198671519756,-0.119538664406187
-7.18172762091662,-1.13654477232846,-0.422702770302913
4.94092805910765,-2.25305880588779,-1.09305913124352
-3.30287529863757,0.58340864319444,1.73627743941424
-7.49520345429045,3.96610145381338,-4.63150860185308
1.09315799166052,-0.925990032231957,0.326175370920549
4.57188817644088,1.2900624464324,0.994109584115968
0.771124681514311,1.60900340078696,-0.329238375859463
-8.91832441912009,6.99140115845929,-9.95301025474773
2.72820926266772,-3.19535780477594,-1.07626452510884
-2.64959026456245,-0.284976330693123,1.05263217055189
2.60729210901419,-1.16897996796001,0.0478740158823693
3.5626749604938,-5.69671777736487,-3.14041898687038
-7.86591777097761,-0.955842643275213,-1.86447826416439
-5.87685983404148,-1.68535879050969,0.856798939222506
-0.913265670273183,0.390746482244915,0.828419879215104
2.87542864387354,-2.60118320044841,-0.187785211361076
-0.519625039502596,0.908880845762243,0.793545607911354
-6.54933146392256,-1.32345971901304,0.286758174251707
-7.21622238166996,3.67122761077732,-3.650510582604
-4.50332475994139,1.381967463959,1.74936680256059
-7.63369115544785,-0.870009738105307,-1.83479415828494
0.278761294396237,1.60108570346064,0.435829356940865
-7.79735962268413,5.76172423527167,-7.72222922128546
-3.21640234023937,-1.49450811354531,1.50347842199978
-3.27430240366237,0.772622576506242,1.58879829792306
0.00658736244220195,2.72371320065396,0.0666681139279105
2.02820656105681,-1.96801830172505,0.263191250014285
-0.533800046744323,0.6432235057232,1.3538213498177
-3.12939791242266,-3.50976343462537,-0.0832301026737131
0.911260517982493,-1.58548931566063,0.0614705479977159
-7.04702834633357,3.17927087159052,-2.55059945007621
-5.12312178974087,-2.62564701934249,1.07871880638352
2.37016527629667,-5.29507750407292,-3.75491783283617
1.03855297486165,-0.249015189846911,0.301619239589379
-7.2259159003151,1.67820170553518,-1.13015456161936
-4.12808346915033,0.316281534480621,-0.1460455977196
-7.44303287474148,4.40855204595433,-5.31195417037353
-6.55090121252657,-0.837930297940004,0.124467086504176
-7.55274633836515,4.5788464615958,-5.3705537140323
1.24406799190626,-1.04423630206083,0.606848682580413
-0.488340692736738,1.04299693112212,0.83961605765592
-0.0871712249656806,1.02472393063378,0.5200773485162
-0.130000353774979,-0.988709147192491,-0.129521471443218
-7.38849967387127,3.99945954764405,-4.4982172455622
-4.19706718065159,-3.3065849604955,0.875396872748013
-5.10306806330518,-0.620662053748463,2.05679278833514
-0.0099849128050396,0.216210270849678,0.971751948442723
-1.92616350512337,-2.76471935131909,0.304743626553292
-3.61868435762726,0.473542157840723,1.08882958078264
-5.91353275119256,1.60680780004481,0.129817609795218
2.75029723614058,6.45305249164617,2.80810483164399
0.055829112788013,3.83160404739998,0.0307199060886571
-6.06756883904403,-1.37298853189873,-0.10160045973166
-6.7537887838613,4.11338953705156,-5.52900752930749
2.30704903473727,1.79003176440189,0.206525148247267
3.4713847125481,-3.05320975510094,-1.09208079413404
-4.94233555595343,-0.843153692669541,2.06041625938221
-7.8278881604996,-0.352975037363259,-0.772458156296486
-6.35759035024009,4.11645466076857,-4.72760101550604
-5.00381034013719,1.53664323170054,1.19771553366875
0.0222511182287983,-0.903925512576943,0.470912571161916
-5.919791165917,-2.17464913778964,1.18964057537422
-5.33723711182259,-0.64747065913016,2.23053382053016
-7.33980505866589,-0.848100156853903,-1.17342314123677
-2.71734556670138,-1.85748113044556,0.732066753643468
1.63672848823617,-2.27910682365084,-0.357120164628915
-1.66192085404273,4.34829009367048,2.77395262201198
-7.95224303665905,0.859421092898334,-2.35166112723062
-7.49808122018379,5.03553903471694,-5.83972262907452
-3.7676101973741,0.468657670115405,1.91023427351111
-3.79077360491294,-0.104212891464352,2.26180400415401
-0.410733137053581,-0.693687012350131,0.486323785324053
5.630289096758,0.83929972439419,0.919430181853615
1.71450664683221,-1.64032200843697,-0.755910035453338
-8.44766531340591,-0.221049227156871,-3.58293337187973
-3.52034429078382,0.336867676756459,0.797565145798346
0.471717572590996,-0.367573142581168,1.09798910904842
-0.390289937123137,-0.323626620363259,0.0800029147364419
-4.47756316850138,-0.464266894598456,1.740708401639
-4.6275958647975,-0.962655207181457,1.62275088096843
-5.69729692246648,-0.364387407890992,1.53640385487001
-6.4048632364184,-1.04324837195428,1.57022902940486
-7.49033673841119,4.63124175357105,-5.25202558858254
4.55530926103961,2.19478296430525,-0.811941272781805
-5.29695385332571,-0.273338905242818,1.52095419344067
2.96251477255404,1.78462295307503,-0.272577693154523
-6.87483145770764,-1.26088070756147,-0.316351695503188
0.821034960835965,3.58351409328247,-0.169771234415999
-2.34691863653532,-1.10689886794194,1.74750052035013
-3.0659412274599,-5.12517415523168,-0.323994972937896
-4.33764359308648,-0.370352759515011,2.20434687662943
-7.33531070711787,2.95280753394366,-4.4171781298517
-3.4421744585789,-0.302878463468849,0.398740421848935
-0.839204313213764,-0.614549550645765,1.59400470980279
-7.84948282585289,-0.438667323737632,-1.80739089332037
1.8894548793954,2.37851683274016,-0.738722058299122
-6.92819132593205,-0.662050138795881,-0.78893740933167
6.68247590280352,2.24424447836392,0.11044285351006
-5.46560516830778,-1.8588158577519,1.54221753038556
-2.48508684506799,2.79923499769429,2.16502060682181
1.15723339035554,-3.20608774295085,-0.961777251543672
2.90003592581878,-3.24061775115092,-2.34049497824621
0.563310438184316,-1.72865363061688,0.150898847877852
-1.66452660482086,3.27974329083004,1.27227422813302
6.18105087357891,-3.04487166607415,-0.99046753392761
-1.23510039267726,0.214481734979675,0.922629273058592
-0.481939505869143,-1.53043337864294,-0.249306393541526
-0.788951313736607,0.294987254945218,0.970399055986473
-4.70728446757404,1.67727363707289,1.30597111829251
-7.80110496479135,0.476201316209382,-1.52280073870622
2.73220852016518,-1.74660919659336,-0.196800179997305
-7.77642700390522,-0.289287644609466,-0.604125374224141
4.10776420809339,-8.96428702701041,-5.7344791931589
-7.02344986573215,1.3135715434737,-0.353449710812173
4.33963992218907,-5.56558994343539,-2.74539223676139
3.13222020600589,-2.17989815051438,-0.576376875769413
-7.12886722250154,2.46173363041966,-3.70921009044261
-4.20653913444963,0.141777280786984,2.49456262141001
-1.67563888116043,0.111683693464391,1.45000179743212
-4.2592101461468,-0.905362647331591,1.96660365357087
-5.4935045481414,-1.90288310708838,1.72151054328779
-5.83503747077674,-0.132976415370628,0.950493843965951
-4.7891336557786,1.39396068341502,1.99347693760198
1.18397856018358,-2.43249893066871,-0.715686933935672
-8.90195033120334,6.5533682908721,-9.92670533635527
3.56949126476565,-2.22596177435227,-0.950440867005161
-6.9849973412977,1.54174397061393,-1.48090366660767
-6.86124135401778,1.25285021605932,0.289883814461531
3.95442699200277,1.89215007728861,-0.959500039842557
1.64762329698706,-0.829687306157723,0.537512379309635
-8.07245808433763,-1.08483876411222,-2.62947638932574
-6.46952358296756,-0.60691492952371,1.7531365886115
-1.80447582483735,-0.257497861035604,1.71983656919527
-4.82449570442394,1.29491752309007,-0.0724178362066263
-3.28318276910824,0.748217450953303,2.05986749643871
-6.21900861158744,-0.208331077323068,-0.100969359670579
1.50143358737546,0.823904058594385,-0.535554223649793
0.669273184513442,3.61038787368218,0.0983678280701711
-6.25380166652086,3.21058186029128,-1.28567097746376
2.17233892238373,-3.15645596721513,-2.10915978023436
-2.37573628112809,-6.93189729645097,-1.61597402671235
-2.40549427223666,-3.40923157815413,0.205284524431629
2.44804784904317,2.60686710702183,-0.641117619114338
-7.18460146295886,-1.13184876852792,-0.454982429814997
2.22552612095986,1.78470959920952,-0.135955781201353
-0.0438908587993137,3.2651832318176,0.135076432520322
-5.71787681104867,-1.97732196755871,1.32011962800797
-3.66666160083323,0.779389757101479,2.49604597276651
3.13866229259055,-1.81479068882687,-0.881956391885802
6.66211841836371,0.813449396091417,0.547963383713254
-7.61746753457206,-0.937863397619845,-0.994131520060189
-0.722261702635659,2.55226646029115,0.0265750262697455
-3.98316785392433,-0.188314339717825,2.33154213099805
2.3320810611767,0.862141617589423,-0.0274019952347085
-3.16750908920566,-1.895875484723,1.70094880959864
-1.42839408543725,-0.612262459380827,0.798433489891312
-7.26298289299757,-0.524103640272875,0.233360625710245
2.73177869112588,-1.18326866399796,-0.0260071045690436
1.76219181517483,1.57620215452951,0.312225276319215
-6.81097419624815,1.40157642505515,-1.20861393982522
-0.140561166351089,-0.700880815163386,0.138347727208001
-4.30232315039116,-1.27935115161386,1.80702156485579
-0.118450339268458,-2.14499616652651,-0.449302479071594
-6.95094833595004,-0.614138987110726,-0.797926744076887
2.67661223856988,-1.01687237474936,-0.361604270687768
-7.29769259686219,-0.0399591432717432,-0.0894965164266751
-7.09017412979265,3.00081966689584,-2.35912561015952
-7.65210670218726,0.100242180863957,-2.05260794795995
-3.72981519480813,-3.86950054405558,0.949260020258367
-7.69872465066863,0.849195088012336,-2.42730881906046
-7.83211366576487,5.8909794858526,-8.17291232090813
-0.236077102376173,-2.47810275978249,-0.17663112266625
-4.55502227931279,0.53204054066017,2.64482087072693
3.32239561325016,-1.3282235882594,0.171348600685175
0.220277995764235,-0.671629267000433,-0.317172435714557
-1.72777947234546,-0.370552132670096,1.28507069989191
2.18681384669615,-2.74039109002435,-0.0702547929283199
-6.31413746549338,1.06673148805128,-0.214279681691397
-4.84993108672918,1.17485074626018,1.22764565562687
0.0686970168137287,-3.32433115858847,-1.29600475893402
0.997814772687835,1.7099908967677,-0.382893192527719
2.31384117115573,-2.62703805544257,-0.117796336196994
5.4309919187412,1.96581646498056,-0.0457192344653558
-1.45841640700474,0.349547503977523,1.79266247966232
4.82611606300313,-6.31835428380015,-3.70906567055439
-6.13247464636608,-1.46230025187928,0.916298475338676
-0.12776941790531,0.907134239121436,0.998231187498623
-3.42818316293374,-6.94300647781485,-1.55267655290954
2.59311353883708,-3.67607021629289,-2.57054300773927
-5.20692911545643,2.28902858840755,0.942769346138106
-5.39371931922711,0.667906646023379,-1.33066741268382
-7.10665091207038,4.35672742966426,-5.19889254577533
5.69919357304316,-3.33415797657277,-1.85523072618801
-5.83750845131721,-0.284684523997594,0.833270406742744
2.35348491548678,-2.46389360451372,-1.50939764889964
-0.154174371045099,-1.40860381118664,-0.278399168527124
2.85385021072212,-2.52049474799314,-1.29850831177327
-3.12334251792293,0.155870251089912,1.24500521012362
-5.4793293284671,-1.14060939213412,1.655817701923
-8.12127166166941,0.253209013025489,-1.91128787396018
-1.48505933212562,-0.637784955624406,0.803009125807409
-1.19386257360078,-0.449995283659482,0.837087745848584
-4.6424027926249,1.49918109652539,0.589800877848491
-8.06411110793056,-0.195643925321848,-1.27709907703161
-7.50495930206355,5.00901557456392,-6.23184830458868
-6.64127443628688,1.94544453719492,-1.41870806685632
-3.60499898477225,-4.28336036171785,-0.126621240457425
-5.28848291359839,1.4993918819617,1.23144825860081
-5.79628927030979,-2.0130496490454,1.24316592520766
-5.57024670136552,1.66602962456349,0.639170440167957
-1.97272361268546,3.07326708643753,1.5631466355421
-6.92287197929924,1.17635483254165,-0.00549210083930166
-4.78065844378289,-2.95452027525265,1.02525136887478
-3.54361556300976,-0.375594226497049,1.86003384798079
-3.086815167265,-0.0423762516452302,0.600108608291619
-7.03688675299611,0.563406462192835,-0.306379369769501
-0.706042661350083,-0.510670148889266,0.241361872839296
-0.980653944999035,-0.258048729188837,1.07576032107687
-4.95329255201574,-0.973975730226272,2.12480903793946
-7.04414452971081,-0.783163776739203,1.17581556209524
0.0295475587191253,0.616931235408112,1.60952210870942
-7.34005840678762,0.566794740563963,-0.249049809522737
-6.96706400454966,-1.25705135747958,-0.248392955994368
0.427760119339653,-0.0339841415501326,0.693488548364798
-3.09495070466757,0.173400793889881,1.45315771169143
-4.66414243479341,1.18905127826599,1.38685778832473
-3.44653801737302,0.664964026387889,2.38962536400077
-5.61418454872024,2.09348181514355,0.51710732898263
-7.49587746374572,0.124171326057739,-0.437602964860679
2.51420794386853,-2.37062215538905,-0.422356770598862
0.700988148206481,-0.373482982390706,1.09087585916057
-7.97573678827053,1.19173519534271,-4.03464613578584
-0.361153339646118,0.71721220679578,0.71805451745094
-0.877704475748531,1.35155521496384,0.760966826023711
-7.98512098302437,-0.328820066065411,-2.14212145189907
-2.8785569422329,-0.00112220690711096,1.35242067668239
4.38580664939755,2.04173113649856,-0.674210039929715
-0.106535320712026,-2.19908529300021,-0.443202299938874
3.54999691297988,0.272371560366971,0.39689945873498
-2.37758878245161,1.40529955941348,1.79144467051087
1.21762898174879,0.857909714223792,1.20197541139545
-5.14163353768259,-2.13944596302345,1.80769210960962
-2.30622048967239,0.121384711312439,1.04726962282879
-5.41172251415766,1.6758062134957,0.824550991595388
-0.813867442222582,-0.397975119818123,1.28401182850648
-2.89835704486652,-0.0144639184783005,1.37747402134167
-5.14379908109273,-1.92693637341081,1.01849023491109
-5.16384154784077,-0.685734351873036,2.05168497399235
-0.231101495339105,-0.24141714520931,0.00678189505050164
-7.85368035560771,-0.489220428356967,-1.90066652413199
-6.56852550680766,0.338227880963593,-0.800864508647301
1.03842573826876,-3.91832010816556,-1.08584101889556
-7.42467387305933,4.84060920287034,-6.31659861813537
-5.9467863389482,2.52416271691317,-1.18451981170765
-4.95103999944429,0.928842786485266,1.5020727742726
-6.11183044998004,-0.354862819637156,0.0218016494096309
-5.2395101437682,1.72039117814561,0.492756355240038
4.00176856065651,-8.03165888513199,-4.99901057464152
-4.67670365645522,1.36190926061998,1.87986770765708
-0.591732371682449,-1.12465588774253,0.741779146296372
-4.80686600675798,-1.56033395681611,1.80185072386568
-6.90000202528995,-0.845934511859487,-0.0813467572686992
3.52198035371651,-2.3166758363143,-0.893728037264736
-4.02939895311812,0.0910230268808358,1.71500810030828
5.9365212492117,2.80885949283369,0.0659532940132058
-7.80871713233897,-0.970999653384104,-1.66623402140243
-4.49881220692217,0.871111097826974,1.91522559931856
-1.86810681994143,0.258366670948861,1.33719240052129
-1.58376736849646,-0.168928530134305,1.88902136135632
-4.9864593305998,2.34104542502605,0.531256071052411
-6.25460035596621,0.199614932089789,-0.21978180435003
-3.02234098715925,-0.117021873048871,1.1675029356999
-5.59325994962369,-0.776694131523026,2.18022432993845
4.71244954367224,1.16141547147448,1.36685510633642
-7.90564795046016,-0.323457673287747,-0.709415497214064
0.14185355278377,1.67229497790833,0.0436114458955191
-3.78624086773655,-3.38183475709651,0.84941986751542
-7.09374129541733,4.4550310141769,-4.91430399509778
-7.66290899547742,4.85212269957488,-5.7333589249858
-5.15836622436185,-2.15044421840573,1.94934024256187
-6.64334871757285,-1.15436452882112,-0.0982244018655856
-7.87528993967741,0.825631415150579,-3.90704359980309
4.38307189284564,1.0785294830278,-0.361687928164742
-3.70008542444657,0.0736184632361039,2.62934631414974
4.40282262145813,-6.22924000387388,-2.9940109935418
-4.18649556823554,-2.01680376530266,1.46857420286489
-6.81543622182915,4.31660258988751,-5.44912832152705
-8.45271130304749,-1.36684252960829,-3.2493171924775
-6.13674667805053,3.57508845641678,-0.349528291218746
-5.06758034965363,1.60340115756235,1.05225097257537
-7.91756342493092,-1.05166762801785,-1.75229734667802
-5.24844754912064,-0.818879967363124,2.18838705673641
-1.11904993958057,-0.060495725990763,0.982193076142605
-5.04597620861943,-2.22127636933927,1.46914828257212
-8.48854814771974,-0.155977049934254,-3.71497969651229
-5.11363255430438,1.68021858380843,0.784984878010144
-0.248804176792058,-0.284943933015872,0.213009885681488
-4.40181687013849,-0.800614944208787,1.77052404219092
-7.28882316031359,2.16161157568047,-2.90384413285484
-4.57936562578818,0.0849405252881843,2.15058357022607
-3.88017058054933,0.0696357219971143,2.68381460677148
1.69914128575278,-5.30265324960671,-1.77153544957255
-2.12092699609179,3.15238519775916,1.54164561216835
-5.22637057242272,0.967261367677041,2.55620156463517
-0.0818520931494914,0.480901453396825,0.153029452215346
1.14334254162469,-2.05887301764006,0.316041954294573
-0.476754716450982,-3.13273009519466,-0.240077975313403
1.60742258370131,-0.949328029331235,0.353306761425523
-3.77295956311084,-3.44703478225788,0.786468137470547
0.622551848780907,-0.680200706141945,0.945278369938557
-7.401815527239,0.70593109852673,-0.426533597201471
2.59689730467093,0.861606870104832,0.0561566428186534
-4.29000464083152,1.34113087146272,1.03253694819849
-2.91384068346394,-6.73620653883466,-1.31719332878063
-4.89259417389721,1.16503142545683,1.28714909643695
-5.05789746495462,0.365073228832089,1.90248939945897
-5.55093249502618,1.09242920352315,1.93603944231681
2.46290830437469,1.65433422194334,-0.32190347683612
-6.8384725836616,-0.665347293853456,-0.786684934718174
-6.30837274321158,0.21699750749129,-0.40775829743435
-3.27460788180451,0.287815813972577,0.945843728708187
-4.80735806743562,-0.43606902272098,2.11346746066997
-7.42387397943926,-0.536651121832739,0.180299662246124
-3.18105332961048,-1.94385016301539,1.37093189660865
-4.98480864481921,2.99700599964872,1.30128535847403
2.33475554064768,-0.360738308975963,0.0562262167585813
-4.08640443903365,-3.60478915544146,0.928795748269764
-6.42360275259448,3.13531237463636,-1.79318563444159
-1.88352488708942,-0.0595591508023963,1.89292216465224
0.813443610658485,-0.191686596412705,1.04661330642814
-4.96857585370465,-1.76827657836807,1.81939491645149
-5.81120452379561,2.84162498674281,-0.361034597209243
-3.97804074108048,-0.147649969566329,2.39060047716865
-3.38071778974677,-4.01801025137988,0.00774027451932432
-0.858109483933268,-0.672470550144858,0.280228751492199
4.2596291569214,2.32353771549248,-1.35312213960848
-3.54191444321247,-4.9506806892158,-0.341700763203448
-0.195229935865937,-1.80230554958293,-0.190331651584199
-8.91832441912009,6.99140115845929,-9.95301025474773
-8.90195033120334,6.5533682908721,-9.92670533635527
-8.8071712877423,6.7402901405974,-10.0608579938725
-8.60741807448309,-0.325762832143563,-4.01755869095879
-8.60201926947543,-0.965110444979841,-4.01755155411123
-8.48854814771974,-0.155977049934254,-3.71497969651229
-8.48826361809838,-0.181540426162844,-3.63715935319448
-8.48172247515701,1.70309074672107,-6.00520464788529
-8.45271130304749,-1.36684252960829,-3.2493171924775
-8.44766531340591,-0.221049227156871,-3.58293337187973
-8.19517242342561,1.04109800301989,-3.91590950317512
-8.12127166166941,0.253209013025489,-1.91128787396018
-8.07591084462876,-0.128722254113632,-1.64184557631365
-8.07245808433763,-1.08483876411222,-2.62947638932574
-8.06411110793056,-0.195643925321848,-1.27709907703161
-8.01110994167821,-1.08624039043635,-1.52450278025076
-7.9951917675068,-0.67505246040055,-2.42544797330605
-7.98512098302437,-0.328820066065411,-2.14212145189907
-7.97573678827053,1.19173519534271,-4.03464613578584
-7.95224303665905,0.859421092898334,-2.35166112723062
-7.91756342493092,-1.05166762801785,-1.75229734667802
-7.90564795046016,-0.323457673287747,-0.709415497214064
-7.87528993967741,0.825631415150579,-3.90704359980309
-7.86591777097761,-0.955842643275213,-1.86447826416439
-7.85865962199037,5.37371845640786,-6.9246330749389
-7.85368035560771,-0.489220428356967,-1.90066652413199
-7.84948282585289,-0.438667323737632,-1.80739089332037
-7.84325290642343,1.34421748483942,-2.63858722839264
-7.83211366576487,5.8909794858526,-8.17291232090813
-7.83075327522647,1.77823712202273,-5.34154171348034
-7.8278881604996,-0.352975037363259,-0.772458156296486
-7.80871713233897,-0.970999653384104,-1.66623402140243
-7.80110496479135,0.476201316209382,-1.52280073870622
-7.79735962268413,5.76172423527167,-7.72222922128546
-7.77642700390522,-0.289287644609466,-0.604125374224141
-7.75766580795978,6.86412748382663,-8.30773980443602
-7.73274556492243,1.04802107614814,-2.67914284537371
-7.69872465066863,0.849195088012336,-2.42730881906046
-7.68934639886361,-0.494800513596446,-0.499341941950562
-7.6707654975158,-1.16883220998562,-1.1733237902567
-7.66290899547742,4.85212269957488,-5.7333589249858
-7.65210670218726,0.100242180863957,-2.05260794795995
-7.63932756700857,5.05527396955672,-6.17460041118249
-7.63369115544785,-0.870009738105307,-1.83479415828494
-7.62699561224448,5.41632756132839,-7.87064810124084
-7.62029373124943,2.18021572502201,-3.65749494985662
-7.61746753457206,-0.937863397619845,-0.994131520060189
-7.59697505106849,5.07070581628261,-7.36372070442715
-7.58449903862796,-0.967355953172745,-1.08001649758165
-7.55274633836515,4.5788464615958,-5.3705537140323
-7.52153998978431,-1.38475543099945,-1.05089353904843
-7.50495930206355,5.00901557456392,-6.23184830458868
-7.49808122018379,5.03553903471694,-5.83972262907452
-7.49587746374572,0.124171326057739,-0.437602964860679
-7.49520345429045,3.96610145381338,-4.63150860185308
-7.49033673841119,4.63124175357105,-5.25202558858254
-7.44303287474148,4.40855204595433,-5.31195417037353
-7.42467387305933,4.84060920287034,-6.31659861813537
-7.42387397943926,-0.536651121832739,0.180299662246124
-7.41075630167369,-0.422910975520412,0.488054940700887
-7.401815527239,0.70593109852673,-0.426533597201471
-7.38849967387127,3.99945954764405,-4.4982172455622
-7.36778688785129,-0.985357861975979,0.401569575470149
-7.34005840678762,0.566794740563963,-0.249049809522737
-7.33980505866589,-0.848100156853903,-1.17342314123677
-7.33531070711787,2.95280753394366,-4.4171781298517
-7.33120344351863,0.934313303967084,-1.56915881303061
-7.31107651566461,-1.28380954694252,-0.860410313250344
-7.31082972590269,3.77251250777522,-3.95646710821032
-7.29769259686219,-0.0399591432717432,-0.0894965164266751
-7.28882316031359,2.16161157568047,-2.90384413285484
-7.26824143491568,-0.925426319846854,0.439194812511647
-7.26530497296437,-1.20504989338543,-0.618479840957125
-7.26298289299757,-0.524103640272875,0.233360625710245
-7.2281842889355,-0.249571371695664,-0.204049583673325
-7.2259159003151,1.67820170553518,-1.13015456161936
-7.21804619056675,1.07357445066716,-1.48632378511017
-7.21622238166996,3.67122761077732,-3.650510582604
-7.21166016954106,3.98529267983385,-4.50122286862789
-7.1863687438237,1.49801559313057,-2.19902881045714
-7.18460146295886,-1.13184876852792,-0.454982429814997
-7.18172762091662,-1.13654477232846,-0.422702770302913
-7.1753300449917,1.73936958537676,-2.24214312733867
-7.16747420746388,-1.11039209227337,-1.12601673831347
-7.16436982846018,3.38487825050098,-3.03375399652055
-7.14021222711689,-0.337955620657886,0.684809568683511
-7.13838784733294,3.13415326811386,-2.85446278858651
-7.13096059085688,-0.658306438828493,0.969563749609812
-7.12886722250154,2.46173363041966,-3.70921009044261
-7.11708408196405,3.33192958034849,-3.58228770849327
-7.11562167524773,0.0699379284954679,0.099814111750953
-7.10665091207038,4.35672742966426,-5.19889254577533
-7.10535964846425,2.53113581622285,-3.59136939141201
-7.10421929974769,4.09316615801635,-4.55324901839292
-7.09374129541733,4.4550310141769,-4.91430399509778
-7.09017412979265,3.00081966689584,-2.35912561015952
-7.07124027007731,-0.272891023097192,-1.13197883075682
-7.04702834633357,3.17927087159052,-2.55059945007621
-7.04414452971081,-0.783163776739203,1.17581556209524
-7.03688675299611,0.563406462192835,-0.306379369769501
-7.02344986573215,1.3135715434737,-0.353449710812173
-6.9939586789752,-0.987728780317332,-0.333762263631236
-6.9849973412977,1.54174397061393,-1.48090366660767
-6.96706400454966,-1.25705135747958,-0.248392955994368
-6.95094833595004,-0.614138987110726,-0.797926744076887
-6.92819132593205,-0.662050138795881,-0.78893740933167
-6.92399892169151,-0.771557784300415,0.111161377013365
-6.92287197929924,1.17635483254165,-0.00549210083930166
-6.90000202528995,-0.845934511859487,-0.0813467572686992
-6.8887788768756,2.0676066718865,-2.66269638641321
-6.8778384421747,2.88146276272839,-1.81963803275355
-6.87483145770764,-1.26088070756147,-0.316351695503188
-6.86826938282992,3.53890145612311,-3.60735448438885
-6.86124135401778,1.25285021605932,0.289883814461531
-6.84850041803749,3.24504658175419,-2.90230366177525
-6.8384725836616,-0.665347293853456,-0.786684934718174
-6.83163676932554,3.36899523748138,-2.59747036265171
-6.81543622182915,4.31660258988751,-5.44912832152705
-6.81097419624815,1.40157642505515,-1.20861393982522
-6.76065027415479,-0.789387433976656,-0.338094356451226
-6.7537887838613,4.11338953705156,-5.52900752930749
-6.74691303098078,-0.185360969114985,1.14337951008549
-6.74500166683277,1.43086594705141,0.215885681120737
-6.68353586031755,2.73294000959039,-1.72670602425227
-6.64334871757285,-1.15436452882112,-0.0982244018655856
-6.64127443628688,1.94544453719492,-1.41870806685632
-6.56852550680766,0.338227880963593,-0.800864508647301
-6.55090121252657,-0.837930297940004,0.124467086504176
-6.54933146392256,-1.32345971901304,0.286758174251707
-6.54824870206552,-2.01398167601004,0.295964009551983
-6.540780692346,-0.987812928924543,-0.322172974778172
-6.53901706841375,-0.428432847038837,1.53956221772168
-6.48581283610583,2.79643041069546,-1.76276946472527
-6.46952358296756,-0.60691492952371,1.7531365886115
-6.42360275259448,3.13531237463636,-1.79318563444159
-6.4048632364184,-1.04324837195428,1.57022902940486
-6.38985895595732,2.24199020797081,0.611691061347989
-6.35759035024009,4.11645466076857,-4.72760101550604
-6.33620273907009,-0.951594221088272,1.27933044617003
-6.33263276631093,-0.589782169524335,1.20143824940014
-6.31413746549338,1.06673148805128,-0.214279681691397
-6.30837274321158,0.21699750749129,-0.40775829743435
-6.29664087322416,-0.947434322874795,0.524986287953351
-6.25460035596621,0.199614932089789,-0.21978180435003
-6.25380166652086,3.21058186029128,-1.28567097746376
-6.22180863408304,-0.741746961169774,1.91463748238186
-6.21900861158744,-0.208331077323068,-0.100969359670579
-6.19765411704713,3.63640212425886,-3.30883244615798
-6.16229781352126,2.1920813021388,-0.616094056257739
-6.15610331902844,-0.273858947819689,-0.0410822683692079
-6.14722285512442,-1.65043924449123,0.908480012268516
-6.13674667805053,3.57508845641678,-0.349528291218746
-6.13247464636608,-1.46230025187928,0.916298475338676
-6.11183044998004,-0.354862819637156,0.0218016494096309
-6.09734482863579,1.88596320084804,-0.542817538922575
-6.06756883904403,-1.37298853189873,-0.10160045973166
-6.06186741900304,-0.752513520180585,0.120876987784288
-5.9467863389482,2.52416271691317,-1.18451981170765
-5.94537610649091,-1.84852434508969,1.26192862046763
-5.92486454977776,-1.81763510727454,1.56039232113444
-5.919791165917,-2.17464913778964,1.18964057537422
-5.91863536080674,3.05569632921789,-1.49616285990024
-5.91353275119256,1.60680780004481,0.129817609795218
-5.89794807733292,-1.72942463896339,0.831578496721695
-5.88950513560842,-1.79387438577303,1.28237866904147
-5.8873654122537,-1.46821745264942,1.17001093621236
-5.87685983404148,-1.68535879050969,0.856798939222506
-5.86927479185186,-1.9370245050187,0.849846581975021
-5.86878931321568,0.768527568967067,1.69473664880916
-5.85060135374524,-2.08550042360964,0.556951793876865
-5.84998131271949,0.997204419398703,1.0938525260755
-5.83750845131721,-0.284684523997594,0.833270406742744
-5.83503747077674,-0.132976415370628,0.950493843965951
-5.81120452379561,2.84162498674281,-0.361034597209243
-5.79730536105342,-0.574210326394547,1.71953747654775
-5.79628927030979,-2.0130496490454,1.24316592520766
-5.79189308928945,-3.09616175347594,1.23155753060621
-5.78373666497418,-1.94740170320294,1.11830631823227
-5.75981236169419,1.51427490822265,0.214551117793474
-5.74491851328334,0.746982084029081,1.57813542611927
-5.74286285193748,1.16868504936875,0.395488747733607
-5.71787681104867,-1.97732196755871,1.32011962800797
-5.69729692246648,-0.364387407890992,1.53640385487001
-5.61441648843474,-0.63088118992294,2.13458680999118
-5.61418454872024,2.09348181514355,0.51710732898263
-5.59325994962369,-0.776694131523026,2.18022432993845
-5.58503489526252,-1.32380060971765,0.970222111466515
-5.57024670136552,1.66602962456349,0.639170440167957
-5.55093249502618,1.09242920352315,1.93603944231681
-5.52408940627744,0.607314897536332,1.96955938144989
-5.51898267070889,2.18397503480641,0.529815498281928
-5.50544471772091,-0.183813764719868,1.35661716566895
-5.4935045481414,-1.90288310708838,1.72151054328779
-5.48178871426883,1.59574442457702,0.245125674324445
-5.4793293284671,-1.14060939213412,1.655817701923
-5.46560516830778,-1.8588158577519,1.54221753038556
-5.46554039070363,-0.688927702007185,2.19523134700805
-5.42996372840909,1.62770385454166,1.00661589498803
-5.42908633225242,1.30901114382057,-1.24663814517244
-5.41172251415766,1.6758062134957,0.824550991595388
-5.40260536068808,1.40780620155626,-0.398930542425047
-5.40108286019205,-0.666014415192167,2.0503661314477
-5.39632526942774,-0.872644707170141,2.2029293144522
-5.39371931922711,0.667906646023379,-1.33066741268382
-5.35125426182114,2.53137700420837,-0.360093263939236
-5.34856468674653,1.45076020447616,-0.236228588747625
-5.33723711182259,-0.64747065913016,2.23053382053016
-5.33008285520289,1.21211376671087,-0.396247496650024
-5.30078479062933,-0.830326903079708,1.9914116557913
-5.29807899537731,-2.80552953262646,1.33530575284121
-5.29695385332571,-0.273338905242818,1.52095419344067
-5.28848291359839,1.4993918819617,1.23144825860081
-5.25795861111219,-1.50176984579708,1.61127891590263
-5.25616299341944,-1.43578170168876,1.53994174709092
-5.24844754912064,-0.818879967363124,2.18838705673641
-5.2395101437682,1.72039117814561,0.492756355240038
-5.22637057242272,0.967261367677041,2.55620156463517
-5.21831593679406,1.75949138143594,0.650366409974885
-5.21095371721686,-0.171560250832739,1.42973109785979
-5.20692911545643,2.28902858840755,0.942769346138106
-5.1861529551887,1.91179473531664,0.717241563422698
-5.18184107736351,1.87859769570759,-0.327019044226512
-5.16384154784077,-0.685734351873036,2.05168497399235
-5.15836622436185,-2.15044421840573,1.94934024256187
-5.14937684269719,-2.01131894874746,1.90843483399538
-5.14379908109273,-1.92693637341081,1.01849023491109
-5.14163353768259,-2.13944596302345,1.80769210960962
-5.1399571978797,-0.116112557507261,2.37690369216759
-5.12312178974087,-2.62564701934249,1.07871880638352
-5.11363255430438,1.68021858380843,0.784984878010144
-5.10306806330518,-0.620662053748463,2.05679278833514
-5.09847242793157,1.16004620631679,1.70911458065041
-5.06758034965363,1.60340115756235,1.05225097257537
-5.05789746495462,0.365073228832089,1.90248939945897
-5.05655303554749,1.97283176759155,0.858065524514585
-5.05288682356214,2.01856864731222,1.10886575347423
-5.04597620861943,-2.22127636933927,1.46914828257212
-5.04328873664967,-2.76751285500273,1.36264572612104
-5.0283635629232,1.94053340763365,-0.346881551316234
-5.00381034013719,1.53664323170054,1.19771553366875
-4.99006784927772,-0.0162746989442037,1.63552423695833
-4.9864593305998,2.34104542502605,0.531256071052411
-4.98480864481921,2.99700599964872,1.30128535847403
-4.96857585370465,-1.76827657836807,1.81939491645149
-4.96149615025119,1.38357850846059,1.49464607389786
-4.95914649619486,1.98185417834509,1.40708652836535
-4.95574312248793,-0.081035529247041,1.14040118345047
-4.95329255201574,-0.973975730226272,2.12480903793946
-4.95251209930008,1.68147202716318,2.41550417907958
-4.95103999944429,0.928842786485266,1.5020727742726
-4.95040020726929,2.55975773206832,-1.32874874736194
-4.94233555595343,-0.843153692669541,2.06041625938221
-4.92017547124219,-2.42080115484616,1.44706503659893
-4.89259417389721,1.16503142545683,1.28714909643695
-4.88440156153627,2.05907897246311,0.480846252455855
-4.87634188681535,1.12030607183025,1.6299042397367
-4.85404580853208,-2.58217002545708,1.40167315920714
-4.84993108672918,1.17485074626018,1.22764565562687
-4.8457698672574,-2.75730154507403,0.895481895368244
-4.82449570442394,1.29491752309007,-0.0724178362066263
-4.80735806743562,-0.43606902272098,2.11346746066997
-4.80686600675798,-1.56033395681611,1.80185072386568
-4.7891336557786,1.39396068341502,1.99347693760198
-4.78065844378289,-2.95452027525265,1.02525136887478
-4.73127161578915,1.71377239739785,1.40334592413131
-4.7215099052159,1.85347307389139,1.07555128982484
-4.70728446757404,1.67727363707289,1.30597111829251
-4.69440066293044,-0.292534578518878,1.73895956505017
-4.69432984376338,-1.40441750313476,1.54489479441519
-4.68259889713894,-0.595317125815547,2.2370309188406
-4.68119283455962,0.847478837673414,1.98937943627529
-4.67670365645522,1.36190926061998,1.87986770765708
-4.66414243479341,1.18905127826599,1.38685778832473
-4.66097548037236,-1.59529956880738,1.75773729648625
-4.6424027926249,1.49918109652539,0.589800877848491
-4.6275958647975,-0.962655207181457,1.62275088096843
-4.60550414711567,0.860545084313897,2.03607855631183
-4.58590035916875,1.12132981407177,1.39761553155695
-4.5800924442168,1.55358971496582,1.1683062009862
-4.57936562578818,0.0849405252881843,2.15058357022607
-4.57874326072342,-3.08501542946,1.34826480684948
-4.55502227931279,0.53204054066017,2.64482087072693
-4.53834948232097,-0.473834487605442,1.99190715856164
-4.5360548035741,-0.861816631346101,1.70419895898755
-4.50332475994139,1.381967463959,1.74936680256059
-4.49881220692217,0.871111097826974,1.91522559931856
-4.49016572058322,-0.501075813232189,1.74404854101212
-4.47756316850138,-0.464266894598456,1.740708401639
-4.46977665732698,1.25652147625511,1.55837729274523
-4.45753589670599,-1.58003304099963,1.55942887089069
-4.45166522994396,0.696235827298182,2.2690515785706
-4.45010219853971,-0.111715194835707,2.31247414201127
-4.44529703272689,-0.335763442803779,2.24556106480695
-4.42163986495995,1.17027854814043,-0.389074286803134
-4.42114815708964,0.287666765885683,2.39893066987723
-4.41018167749461,2.02836669560525,0.949335079178174
-4.40855197626396,0.447109718798477,2.44120332526388
-4.40181687013849,-0.800614944208787,1.77052404219092
-4.38195872744962,1.22248323792271,0.258189540760706
-4.34972932998823,2.00938784426502,1.10350680653181
-4.33904860458214,-3.43020722835276,1.17081015883219
-4.33764359308648,-0.370352759515011,2.20434687662943
-4.32985974554551,-0.667132396863341,2.06298997456262
-4.30689620096167,1.47631296777137,2.20844051840733
-4.30540189973989,-0.188720114584719,2.27285025791316
-4.30232315039116,-1.27935115161386,1.80702156485579
-4.29000464083152,1.34113087146272,1.03253694819849
-4.28449158361302,1.68392781834638,1.01627250364474
-4.27896020336183,-1.96787912422973,1.41512130063749
-4.27626570799561,1.18115481073717,1.72301083964966
-4.2592101461468,-0.905362647331591,1.96660365357087
-4.2367369912723,1.44760318986735,0.629653889739362
-4.20653913444963,0.141777280786984,2.49456262141001
-4.19706718065159,-3.3065849604955,0.875396872748013
-4.18649556823554,-2.01680376530266,1.46857420286489
-4.16560423411285,-1.58968652284528,1.62678559927143
-4.15570859210124,-2.25980493004664,0.709658626800766
-4.13785753188326,-1.73029877691197,1.65038194320609
-4.13398830971215,-0.895370772708793,2.2029660738659
-4.12808346915033,0.316281534480621,-0.1460455977196
-4.12648878326837,-2.47514060049101,1.1101761153763
-4.087256016374,1.64067282513647,1.44479611347263
-4.08640443903365,-3.60478915544146,0.928795748269764
-4.06308625292358,0.0163165797878978,0.820254216311884
-4.05637430622206,-3.45956525349413,1.10916745774744
-4.05199564001097,-4.01292566191472,1.06373007590158
-4.04808309752531,0.0763284851600867,2.65484417388005
-4.04008983091423,-0.112880334208077,2.05487969457718
-4.02939895311812,0.0910230268808358,1.71500810030828
-4.02821254421157,-3.19004981573441,0.755306828047283
-3.98316785392433,-0.188314339717825,2.33154213099805
-3.97804074108048,-0.147649969566329,2.39060047716865
-3.97603614740693,-0.301531951384642,2.35720802408566
-3.88017058054933,0.0696357219971143,2.68381460677148
-3.82669590620392,-2.62741764474902,0.824909941358345
-3.79077360491294,-0.104212891464352,2.26180400415401
-3.78624086773655,-3.38183475709651,0.84941986751542
-3.77939742392017,-1.44051779762023,1.02339002163152
-3.77295956311084,-3.44703478225788,0.786468137470547
-3.7676101973741,0.468657670115405,1.91023427351111
-3.75050554302304,0.787362084980193,2.5204907416571
-3.74881234878971,0.255537187060094,2.22431607972765
-3.74218308274978,-3.05895265153771,0.584217164333278
-3.72981519480813,-3.86950054405558,0.949260020258367
-3.70159094667362,0.821431724261363,2.6036707978513
-3.70008542444657,0.0736184632361039,2.62934631414974
-3.68633498875222,1.27864367687707,2.84298755366206
-3.66805741600189,0.0397750955638692,2.64177076636176
-3.66666160083323,0.779389757101479,2.49604597276651
-3.64570889637665,0.566505618827437,2.74451037623457
-3.62764934060224,-1.56120567526978,1.47384399098739
-3.61868435762726,0.473542157840723,1.08882958078264
-3.60786972502801,-6.16145358192347,-0.865833016767567
-3.60499898477225,-4.28336036171785,-0.126621240457425
-3.59831766119288,-1.86202448212158,0.899426143898601
-3.57967220950491,-0.341192970908067,1.85102308645467
-3.54361556300976,-0.375594226497049,1.86003384798079
-3.54191444321247,-4.9506806892158,-0.341700763203448
-3.52034429078382,0.336867676756459,0.797565145798346
-3.51028677542123,0.973363940720374,2.22595621909603
-3.49101392258952,-0.751321390179363,1.8853713164244
-3.44917974554996,0.663743198392276,2.76790757956162
-3.44653801737302,0.664964026387889,2.38962536400077
-3.4421744585789,-0.302878463468849,0.398740421848935
-3.43597484666278,0.515577465584484,1.76501533655937
-3.42818316293374,-6.94300647781485,-1.55267655290954
-3.40980911866759,-0.371381579227892,1.93378253632454
-3.38071778974677,-4.01801025137988,0.00774027451932432
-3.36521557681547,0.871247647782228,1.57286573246567
-3.35375697466401,0.951910766378901,2.59368983861778
-3.34066424686389,0.579312568295244,2.70625080431604
-3.32068750707509,-2.19290371703818,1.00278350387413
-3.31241787581522,0.462885320904592,2.8745002302757
-3.30287529863757,0.58340864319444,1.73627743941424
-3.29944319598117,0.189808419498936,2.68455678430802
-3.28318276910824,0.748217450953303,2.05986749643871
-3.27460788180451,0.287815813972577,0.945843728708187
-3.27430240366237,0.772622576506242,1.58879829792306
-3.25906936889999,-0.682750392014899,0.586107720184242
-3.24171464939915,-0.750673686680258,1.78952726457867
-3.22061366523668,-2.0971957068183,0.443630214211069
-3.22030475097751,0.0986940710524084,2.3080088821898
-3.21640234023937,-1.49450811354531,1.50347842199978
-3.20874683566811,0.612332414826695,1.99962482982174
-3.18105332961048,-1.94385016301539,1.37093189660865
-3.16750908920566,-1.895875484723,1.70094880959864
-3.16324151412686,-0.522474471216665,2.13699114933891
-3.14495351366889,-6.68601502391414,-1.39063763110402
-3.130086385815,0.933561188659203,2.20399877450888
-3.12939791242266,-3.50976343462537,-0.0832301026737131
-3.12554005460152,-0.119663211240154,1.04414585119591
-3.12334251792293,0.155870251089912,1.24500521012362
-3.11366835380659,-1.32489077509087,1.01938297786015
-3.10617684545557,-0.205830723041967,1.51105938643624
-3.09495070466757,0.173400793889881,1.45315771169143
-3.086815167265,-0.0423762516452302,0.600108608291619
-3.06898209161647,0.162596235945644,2.03042457499729
-3.0659412274599,-5.12517415523168,-0.323994972937896
-3.04175176048758,-1.32438534333015,1.01890649167231
-3.02234098715925,-0.117021873048871,1.1675029356999
-3.01448494473548,-1.14899592256389,1.17793052116612
-2.99990595747495,-0.847456734982291,2.03345132145821
-2.94088962960121,0.15174783267211,2.38662773503971
-2.93986000159956,1.13805668747244,2.49418598346529
-2.93611106281482,-1.32247896775901,0.57041792212585
-2.91852833390382,0.428758048229057,2.14615764479693
-2.91384068346394,-6.73620653883466,-1.31719332878063
-2.90983513338561,0.538391557299677,1.97452672168788
-2.89835704486652,-0.0144639184783005,1.37747402134167
-2.89525289952489,-1.47738410946821,0.691660906645606
-2.89384506760875,0.19290662018458,1.14946684857042
-2.8785569422329,-0.00112220690711096,1.35242067668239
-2.84410611857287,0.434129614899355,2.19408903805793
-2.83839728421191,2.78325231539757,2.38801633702246
-2.83380847618121,-0.896309294901015,0.875080434068628
-2.81150728001708,-0.124983930112902,1.00484229624659
-2.80971383326212,-0.991841114920059,1.9025117948731
-2.80526296072782,-0.153339212593791,1.34886005768379
-2.77634267009686,-2.01364688716063,1.14407457971752
-2.75938837617464,-0.947618421481876,1.6669590133236
-2.75400842287458,-0.0206243237327928,1.10305930819152
-2.72287034498815,0.191408548836448,1.92475213341709
-2.71734556670138,-1.85748113044556,0.732066753643468
-2.68661101004285,-3.54599744406339,0.198793728894365
-2.66509881727194,-2.94475281417999,0.152974958120578
-2.64959026456245,-0.284976330693123,1.05263217055189
-2.63162464715022,0.0428467465878885,1.64622932613882
-2.58578456382697,-0.97689858292948,1.9697165720924
-2.555765504273,0.0260763975690692,1.53277092738426
-2.54092171715476,-0.849834015027471,1.8765726488433
-2.52288174920882,-0.349843820827456,1.97638976474353
-2.49498270130037,2.95985104307698,2.01462228929728
-2.4927154902984,0.240503360100066,1.23844953671877
-2.48508684506799,2.79923499769429,2.16502060682181
-2.46621314436873,2.3038166567239,1.91538183810442
-2.44588739812569,-0.139115576261867,1.70612681041384
-2.43130561832442,-1.08779787645635,1.35562186785877
-2.40549427223666,-3.40923157815413,0.205284524431629
-2.39143044502799,-1.07283937806204,1.73728134631198
-2.37758878245161,1.40529955941348,1.79144467051087
-2.37573628112809,-6.93189729645097,-1.61597402671235
-2.34691863653532,-1.10689886794194,1.74750052035013
-2.30622048967239,0.121384711312439,1.04726962282879
-2.30594879987362,-0.158289417093421,1.91772317248439
-2.30081032484824,-0.981492231864488,1.34085701270469
-2.27258989830083,2.92699874468893,1.53285701706824
-2.25809378978562,-0.327630845217199,1.5063807852872
-2.24276396019903,4.03729571722663,2.61414953095667
-2.22383565027638,-0.625732500137597,1.0408837775996
-2.22020310555926,-5.09330209407538,-0.649115893119036
-2.16874737081383,0.100906689368031,1.88895265425652
-2.13483209314302,-0.0542315522997895,1.4691634540404
-2.12092699609179,3.15238519775916,1.54164561216835
-2.10628639344373,0.123240892131835,1.70097591894952
-2.0858949548298,0.0164948931023466,1.13643272530871
-2.07476033911612,-1.42206575747481,0.810465034672353
-2.07155728256426,0.044164824932604,1.89145805833675
-2.04799405450765,2.61509018227979,1.49201715355963
-2.04691822515932,-2.3903278214905,0.483801172506481
-2.01756676903321,0.0833394877960516,2.01519172188779
-2.01249853303057,-1.20428023679177,1.47003883157281
-1.97272361268546,3.07326708643753,1.5631466355421
-1.9660625430664,-1.43716819307658,1.57645873826135
-1.92616350512337,-2.76471935131909,0.304743626553292
-1.88352488708942,-0.0595591508023963,1.89292216465224
-1.86810681994143,0.258366670948861,1.33719240052129
-1.84744864153962,-0.363813701495411,1.72178408033007
-1.82613251397742,-1.84186840076285,0.620080638408857
-1.80447582483735,-0.257497861035604,1.71983656919527
-1.77794741023695,-0.201017298796892,1.65986157560935
-1.75988521275107,0.190952619979817,1.61325780469687
-1.74207328287362,-0.337646060471449,1.18704845101872
-1.73182125365651,0.0806386859461003,1.39341042422419
-1.73117293165758,0.0767527352580219,1.89335164971079
-1.72777947234546,-0.370552132670096,1.28507069989191
-1.71078123696347,-0.723638156008617,1.10159245154169
-1.70314962673064,0.296990252778236,0.922170694114277
-1.70148745910576,-1.19441934922859,0.712992437414083
-1.67563888116043,0.111683693464391,1.45000179743212
-1.66452660482086,3.27974329083004,1.27227422813302
-1.66192085404273,4.34829009367048,2.77395262201198
-1.65398132110507,-0.185567035846447,1.65509240897022
-1.62640391874098,-0.350467951658664,1.8033404856345
-1.59509319502157,-0.289057972639272,1.77059857955303
-1.58376736849646,-0.168928530134305,1.88902136135632
-1.5713157988969,3.62835986030283,1.44009654097172
-1.55185064716526,0.0731220962568685,1.8845758101376
-1.5430097736181,-0.0587354285459286,1.40403280580101
-1.50657573573831,-0.312126056650379,1.80710040614117
-1.49261287792638,-0.168563326350678,1.96308457904393
-1.48505933212562,-0.637784955624406,0.803009125807409
-1.4664016858431,0.766458896780414,1.36165300218349
-1.45841640700474,0.349547503977523,1.79266247966232
-1.44223738839155,0.457655518806663,2.05976745089782
-1.42839408543725,-0.612262459380827,0.798433489891312
-1.42496413404511,0.394286984834484,1.82958037679325
-1.42128874578416,-0.708572688208797,1.24893917334851
-1.37106356107699,-0.516852720392389,1.00128223961193
-1.33731620584357,-0.246680207395762,1.84055093550883
-1.31148374524133,0.89348578603013,1.02827592001303
-1.30442238120042,0.387420110026885,1.69882720275692
-1.28674131409686,-0.638260900539316,1.42291102185582
-1.24755599524628,-1.19595198741956,0.761536085027222
-1.24043677633047,-0.181459621249156,2.01986966607575
-1.24025556724857,0.490776515100525,0.854287861600812
-1.23510039267726,0.214481734979675,0.922629273058592
-1.19386257360078,-0.449995283659482,0.837087745848584
-1.1591685109862,-0.045466240460378,0.873317709950996
-1.11904993958057,-0.060495725990763,0.982193076142605
-1.05367649247737,-0.905543109105051,0.874604322471755
-1.05202020631796,-0.328346040474631,1.64363041184161
-1.03865079955777,0.34808821812125,1.59574457178693
-1.0212240771214,-0.296312359782774,1.35919437274982
-1.00026360768341,0.496751274025595,1.66735181077604
-0.98879496945057,1.65156231870712,0.752705110423862
-0.980653944999035,-0.258048729188837,1.07576032107687
-0.947699257188805,-0.995416678421656,0.74519622704478
-0.928766990340132,0.0629571690676249,1.55947259050175
-0.913265670273183,0.390746482244915,0.828419879215104
-0.89284016104065,-0.33144630862808,0.427271811183857
-0.892762062668448,-0.597513204642871,1.04508075922265
-0.877704475748531,1.35155521496384,0.760966826023711
-0.858109483933268,-0.672470550144858,0.280228751492199
-0.839204313213764,-0.614549550645765,1.59400470980279
-0.813867442222582,-0.397975119818123,1.28401182850648
-0.79606216325701,-0.561379389625631,0.396455763144978
-0.788951313736607,0.294987254945218,0.970399055986473
-0.766449869998521,-0.865738302765537,1.21760412946339
-0.751924755984574,4.83236851273174,2.42885719230688
-0.722743644486045,0.279122120916491,1.53006827631947
-0.722261702635659,2.55226646029115,0.0265750262697455
-0.706042661350083,-0.510670148889266,0.241361872839296
-0.640603890511104,-2.91354055222547,-0.372909539927332
-0.637275428744655,0.415095319462058,1.27557265433182
-0.626249574500466,-0.484297955538491,0.438405313582431
-0.607951876568987,-4.27448268992389,-0.920281688521859
-0.593986342069194,0.998785095794696,0.987523818104846
-0.591732371682449,-1.12465588774253,0.741779146296372
-0.580863835416311,-0.549672671373794,1.25674382126432
-0.571910083510841,0.352544346735362,1.30990511909526
-0.566888948643953,-0.102980796127096,0.103199572408882
-0.561936576296226,-0.300099084513426,0.327761660452044
-0.55100403240594,-0.0450031088853261,1.49472373851195
-0.533800046744323,0.6432235057232,1.3538213498177
-0.52921304233265,0.0296719545618858,1.16938822881425
-0.519625039502596,0.908880845762243,0.793545607911354
-0.500696541986717,0.0554713552360405,1.3513360118264
-0.488340692736738,1.04299693112212,0.83961605765592
-0.481939505869143,-1.53043337864294,-0.249306393541526
-0.476754716450982,-3.13273009519466,-0.240077975313403
-0.45606362509868,-0.781284031944947,-0.0427611208280897
-0.411780811304428,-2.509839322573,-0.0428186560260622
-0.410733137053581,-0.693687012350131,0.486323785324053
-0.390437830129493,0.817565529573933,1.15242143949692
-0.390289937123137,-0.323626620363259,0.0800029147364419
-0.369731560029384,0.82107121800791,1.72394295158104
-0.361153339646118,0.71721220679578,0.71805451745094
-0.359232428222452,1.01944919075075,1.00121497229325
-0.339612646429395,-0.393998495307305,0.816216409611991
-0.324066481055063,-1.90426126567793,-0.257585155416546
-0.307915248517383,-3.04276285435292,-0.392582786235765
-0.288947682188719,0.777385926771799,0.599870631274766
-0.257734496497021,-0.667745685636335,0.564602135583719
-0.248804176792058,-0.284943933015872,0.213009885681488
-0.240550655687902,-1.55029476229463,-0.396367976823273
-0.236077102376173,-2.47810275978249,-0.17663112266625
-0.231101495339105,-0.24141714520931,0.00678189505050164
-0.224609663553039,-0.386364480041494,0.018309252129309
-0.220770689049178,-1.42041854047944,-0.0800329433956448
-0.217112152877176,1.27111585984871,1.01006360849292
-0.199225922548521,1.89560851784836,0.333485039934965
-0.195229935865937,-1.80230554958293,-0.190331651584199
-0.192440563548903,1.06471908814367,0.796973803981519
-0.154174371045099,-1.40860381118664,-0.278399168527124
-0.148352873560867,0.60007553474604,1.38092695698578
-0.140561166351089,-0.700880815163386,0.138347727208001
-0.130000353774979,-0.988709147192491,-0.129521471443218
-0.12776941790531,0.907134239121436,0.998231187498623
-0.118450339268458,-2.14499616652651,-0.449302479071594
-0.110303582902992,-0.947410302246342,0.422257309811234
-0.106535320712026,-2.19908529300021,-0.443202299938874
-0.102266987494688,0.981593211504261,0.957735059596307
-0.0990615404970492,-1.50984417953173,1.0034509418152
-0.0871712249656806,1.02472393063378,0.5200773485162
-0.0818520931494914,0.480901453396825,0.153029452215346
-0.0725410486420734,-1.02454786996953,0.292970499210538
-0.0438908587993137,3.2651832318176,0.135076432520322
-0.0433017969458336,-1.97376296584288,-0.158429887693751
-0.0384004272382152,-2.05259921321614,-0.212961927200153
-0.0316333202642629,0.39504930836896,-0.124609690606028
-0.0243754218586261,2.98586962356894,0.0714575677341739
-0.0129133807886259,1.22488741137603,0.648911853257416
-0.0099849128050396,0.216210270849678,0.971751948442723
-0.00307759412378804,3.5122834784847,0.435234962763769
0.00658736244220195,2.72371320065396,0.0666681139279105
0.0196971021952225,-0.508589356083809,-0.291807674335481
0.0222511182287983,-0.903925512576943,0.470912571161916
0.0295475587191253,0.616931235408112,1.60952210870942
0.0316159516119002,-2.30912227936391,-0.0667605314947449
0.0369406446388483,-0.918396111119305,-0.38857050945475
