sample,habitatPC1,habitatPC2,climatePC1,climatePC2,Emberiza_jankowskii,Emberiza_cioides,Alauda_arvensis,Alectoris_chukar,Anthus_hodgsoni,Athene_noctua,Calandrella_cheleensis,Carduelis_sinica,Corvus_corone,Corvus_dauuricus,Corvus_macrorhynchos,Coturnix_japonica,Cuculus_canorus,Delichon_urbicum,Falco_amurensis,Falco_tinnunculus,Galerida_cristata,Hirundo_daurica,Hirundo_rustica,Lanius_cristatus,Melanocorypha_mongolica,Motacilla_flava,Numenius_arquata,Oenanthe_isabellina,Oenanthe_pleschanka,Passer_montanus,Pica_serica,Streptopelia_decaocto,Upupa_epops,Vanellus_cinereus
1,0.2334631,2.949685412,-1.191274497,0.490700576,0,0,0,0,0,0,0,0,0,0,0,0,1,0,0,0,0,2,0,0,0,0,0,0,0,4,2,0,0,0
2,-0.864800103,-0.364427611,-1.239764853,0.492195874,0,2,0,0,0,0,0,0,0,0,0,0,0,0,0,0,0,2,1,0,0,0,0,0,1,4,2,0,0,0
3,-1.017129385,1.194416302,-1.083660731,0.205047884,0,1,2,0,0,0,0,0,0,0,0,0,0,0,0,0,0,0,0,0,0,0,0,0,0,4,0,0,0,0
4,0.626181827,-2.29575623,-1.037346975,0.28138143,0,1,2,0,0,0,0,0,0,0,0,0,0,0,0,0,0,0,0,0,0,0,0,0,0,10,0,0,0,0
5,-1.428337542,1.393516837,-1.037346975,0.28138143,0,0,0,0,0,0,0,0,0,0,0,0,0,0,1,0,0,0,0,0,0,0,0,0,0,8,0,0,0,0
6,-0.757068422,0.990501711,-1.42358781,-0.330175748,0,2,1,0,0,0,0,0,0,0,0,0,1,0,0,0,0,0,0,0,0,0,0,0,0,0,1,0,0,0
7,-1.26466581,3.051008849,-1.439855568,-0.875881288,0,1,0,0,0,0,0,0,0,0,0,0,1,0,0,0,0,0,0,0,0,0,0,0,0,0,0,0,0,0
8,0.143010039,-2.446130524,-1.42358781,-0.330175748,1,2,3,2,0,0,0,0,0,0,0,0,0,0,0,0,0,0,3,0,0,0,0,0,0,0,0,0,0,0
9,-1.213405781,0.404843934,-1.326051603,0.588211945,0,0,1,0,0,0,0,0,0,0,0,0,0,0,0,0,0,0,0,0,0,0,0,0,0,0,0,0,0,0
10,-1.091817949,2.789300429,-1.42358781,-0.330175748,0,0,4,0,0,0,0,0,0,0,0,0,0,0,0,0,0,0,0,0,0,0,0,0,0,0,0,0,0,0
11,0.064759609,1.984784432,-1.419789711,-0.283944583,0,0,2,0,0,0,0,0,0,0,0,0,0,0,0,0,0,0,0,0,0,0,0,0,0,0,0,0,0,0
12,1.296756436,0.012226993,-1.470213133,-1.142134146,0,0,1,0,0,0,0,0,0,0,0,0,0,0,0,0,0,0,0,0,0,0,0,0,0,2,1,0,0,0
13,-0.938999563,2.524220075,-1.439855568,-0.875881288,0,1,0,0,0,0,0,0,0,0,0,0,0,0,0,0,0,0,0,0,0,0,0,0,0,0,0,0,0,0
14,-0.548341941,0.092849481,-1.42358781,-0.330175748,0,1,0,0,0,0,0,0,0,0,0,0,0,0,0,0,0,0,0,0,0,0,0,0,0,1,0,0,0,0
15,-0.98142013,-0.431613751,-1.332661236,0.237860384,0,1,1,0,0,0,0,0,0,0,0,0,1,0,0,0,0,0,0,0,0,0,0,0,0,2,0,0,0,0
16,1.398393346,3.599931093,-1.332661236,0.237860384,0,0,0,0,0,0,0,0,0,0,0,0,0,0,0,0,0,0,0,0,0,0,0,0,0,5,0,0,0,0
17,-1.179644542,1.576173715,-1.439855568,-0.875881288,0,1,0,0,0,0,0,0,0,0,0,0,0,0,0,0,0,0,0,0,0,0,0,0,0,0,0,0,0,0
18,0.694712754,2.493388738,-1.312839608,-0.140718023,0,0,0,0,0,0,0,0,0,0,0,0,0,0,0,0,0,0,0,0,0,0,0,0,0,0,2,0,0,0
19,-0.065215837,-0.280711507,-1.312839608,-0.140718023,0,1,0,0,0,0,0,0,0,0,0,0,0,0,0,0,0,0,0,0,0,0,0,0,0,0,2,0,0,0
20,-0.504447228,1.697242443,-1.439855568,-0.875881288,0,1,0,0,0,0,0,0,0,0,0,0,1,0,0,0,0,0,0,0,0,0,0,0,0,0,0,0,0,0
21,-0.136283957,1.085162246,-1.470213133,-1.142134146,1,1,0,0,0,0,0,0,0,0,0,0,1,0,0,0,0,0,0,0,0,0,0,0,0,1,0,0,0,0
22,1.396773301,2.182790654,-1.264573029,0.723917024,0,0,0,0,0,0,0,0,0,0,0,0,0,0,0,1,0,0,0,0,0,0,0,0,0,2,2,1,0,0
23,-1.027620166,-1.731503322,-1.791269148,1.978715139,2,0,4,0,0,0,0,0,0,0,0,0,1,0,0,0,0,0,0,0,0,0,0,0,0,0,0,0,0,0
24,-0.003265088,-2.108362331,-1.78731738,1.900894491,0,0,2,0,0,0,0,0,0,0,0,0,0,0,0,0,0,0,0,0,2,0,0,0,0,0,0,0,0,0
25,1.714219467,-2.702982603,-1.78731738,1.900894491,1,0,1,0,0,0,0,0,0,0,0,0,0,0,0,0,0,1,0,0,0,0,0,0,0,0,0,0,0,0
26,1.697288525,-1.374078384,-1.697482496,2.238933644,0,0,1,0,0,0,0,0,0,0,0,0,0,0,0,0,0,0,0,0,3,0,0,0,0,3,0,0,0,0
27,0.083620745,0.036090998,-1.697482496,2.238933644,1,0,0,0,0,0,0,0,0,0,0,0,0,0,0,0,0,0,0,0,0,0,0,0,0,13,0,0,0,0
28,-1.414888003,0.406058426,-1.604109575,2.162326581,0,0,2,0,0,0,0,0,0,0,0,0,1,0,0,0,0,0,0,0,0,0,0,0,0,5,0,0,0,0
29,-0.033342128,1.214085248,-1.604109575,2.162326581,0,0,3,0,0,0,0,0,0,0,0,0,0,0,1,0,0,0,0,1,0,0,0,0,0,4,0,0,0,0
30,1.412402083,1.275624029,-1.625078595,2.168484927,0,0,3,0,0,0,0,0,0,0,0,0,0,0,0,0,0,0,0,0,0,0,0,0,0,7,0,0,0,0
31,1.726707518,1.36217714,-1.527845118,1.681745929,0,1,3,0,0,0,0,0,0,0,0,0,0,0,1,0,0,0,0,0,0,0,0,0,0,0,0,0,0,0
32,1.720793031,1.381815104,-1.527845118,1.681745929,0,0,2,0,0,0,0,0,0,0,0,0,0,0,0,0,0,0,0,0,0,0,0,0,0,0,0,0,0,0
33,-0.452616351,2.006924898,-1.503120595,1.062047728,0,0,2,0,0,0,0,0,0,0,0,0,0,0,0,0,0,0,0,0,1,0,0,0,0,1,0,0,0,0
34,1.695241405,1.906556637,-1.332589708,0.018769675,0,1,2,0,0,0,0,0,0,0,0,0,0,0,0,0,0,0,0,0,0,0,0,0,0,4,0,0,0,0
35,-0.673474943,0.175054709,-1.332589708,0.018769675,0,0,2,0,0,0,0,0,0,0,0,0,1,0,0,0,0,0,0,0,0,0,0,0,0,2,0,0,0,0
36,-0.311198188,-1.564907169,-1.645450251,-0.288005133,1,0,1,0,0,0,0,0,0,0,0,0,0,0,0,0,0,0,0,0,0,0,0,0,0,1,0,0,0,0
37,1.706030467,1.210212085,-1.401249698,-0.907180108,0,0,1,0,0,0,0,0,0,0,0,0,0,0,0,0,0,0,0,0,0,0,0,0,0,1,0,0,0,0
38,1.683006795,2.811650303,-1.879746193,-1.03225051,0,0,0,0,0,0,0,0,0,0,0,0,0,0,0,0,0,0,0,0,0,0,0,0,0,2,0,0,0,0
39,1.59734968,2.921032053,-1.879746193,-1.03225051,0,0,0,0,0,0,0,0,0,0,0,0,0,0,0,0,0,0,0,0,0,0,0,0,0,5,0,0,0,0
40,1.667868509,2.63354371,-1.892576757,-1.100236977,0,0,0,0,0,0,0,0,0,0,0,0,0,0,0,0,0,0,0,0,0,0,0,0,0,20,0,0,0,0
41,1.685835698,1.039898582,-1.892576757,-1.100236977,0,0,3,0,0,0,0,0,0,0,0,0,0,0,0,0,0,0,0,0,0,0,0,0,0,0,0,0,0,0
42,1.780616637,-0.297463008,-2.023476687,-1.430102848,0,2,4,0,0,0,0,0,0,0,0,0,1,0,0,0,0,0,0,0,0,0,0,0,0,0,0,0,0,0
43,1.868878926,-0.643865245,-2.011640947,-1.136441878,1,0,2,0,0,0,0,0,0,0,0,0,0,0,1,0,0,0,0,0,1,0,0,0,0,0,0,0,0,0
44,1.534621126,-0.100261535,-2.011640947,-1.136441878,1,0,0,0,0,0,0,0,0,0,0,0,0,0,0,0,0,0,0,0,2,0,0,0,0,0,0,0,0,0
45,-0.489544077,-1.691500201,-2.080970423,-0.651735327,2,0,4,0,0,0,0,0,0,0,0,0,0,0,0,0,0,0,0,0,6,0,0,0,0,0,0,0,0,0
46,-0.733409156,0.07843033,-2.069941009,-0.523874702,1,0,3,0,0,0,0,0,0,0,0,0,0,0,0,0,0,0,0,0,1,0,0,0,0,4,0,0,0,0
47,0.040190791,-2.239295011,-2.069941009,-0.523874702,1,0,8,0,0,0,0,0,0,0,0,0,0,0,0,0,0,0,0,0,2,0,0,0,0,0,0,0,0,0
48,1.875397576,-1.634824598,-1.939499127,-0.859740444,2,0,4,0,0,0,0,0,0,0,0,0,0,0,0,0,0,0,0,0,4,0,0,0,0,0,0,0,0,0
49,1.822129908,-1.202294378,-1.805464172,0.004583666,1,0,2,0,0,0,0,0,0,0,0,0,0,0,0,0,0,0,0,0,2,0,0,0,0,0,0,0,0,0
50,1.437904963,-0.661076698,-1.805464172,0.004583666,0,0,2,0,0,0,0,0,0,0,0,0,0,0,0,0,0,0,0,0,0,0,0,0,0,0,0,0,0,0
51,-1.070357378,-1.953206831,-1.673703482,0.933620176,0,0,2,0,0,0,0,0,0,0,0,0,0,0,0,0,0,0,0,0,0,0,0,0,0,0,0,0,0,0
52,-0.266239115,2.129184108,-1.620163081,0.603032364,0,0,0,0,0,0,0,0,1,0,0,0,0,0,0,0,0,0,0,0,0,0,0,0,0,2,0,0,0,0
53,0.478607643,2.553397542,-1.605644013,1.328571345,0,0,0,0,0,0,0,0,0,0,0,0,0,0,0,0,0,0,0,0,0,0,0,0,0,0,1,0,0,0
54,0.633723281,2.303700602,-1.605644013,1.328571345,0,0,0,0,0,0,0,0,0,0,0,0,0,0,0,0,0,0,0,0,0,0,0,0,0,3,0,0,0,0
55,1.634647942,3.301311551,-1.590007734,1.471335879,0,0,2,0,0,0,0,0,0,0,0,0,0,0,0,0,0,0,0,0,1,0,0,0,0,0,0,0,0,0
56,0.172542767,-1.470676803,-1.590007734,1.471335879,4,0,2,0,0,0,0,0,0,0,0,0,0,0,0,0,0,0,0,0,2,0,0,0,0,0,0,0,0,0
57,-0.75463627,-2.086017659,-1.623390643,1.239917527,2,0,1,0,0,0,0,0,0,0,0,0,0,0,0,0,0,0,0,0,1,0,0,0,0,0,0,0,0,0
58,-0.648258918,-1.178350941,-1.594511325,1.496456751,0,0,1,0,0,0,0,0,0,0,0,0,0,0,0,0,0,0,0,0,1,0,0,0,0,4,0,0,0,0
59,-0.475013759,-0.850121497,-1.608500557,1.647094488,1,0,2,0,0,0,0,0,0,0,0,0,0,0,0,0,0,0,0,0,1,0,0,0,0,1,1,0,1,0
60,-1.011698388,-0.963577482,-1.62845693,1.905999437,2,0,0,0,0,0,0,0,0,0,0,0,0,0,0,0,0,0,0,0,4,0,0,0,0,0,0,0,0,0
61,1.715258978,1.964862916,-1.690560129,1.855864059,0,0,3,0,0,0,0,0,0,0,0,0,0,0,0,0,0,0,0,0,0,0,0,0,0,0,0,0,0,0
62,1.66199131,2.397393136,-1.690560129,1.855864059,0,0,1,0,0,0,0,0,0,0,0,0,0,0,0,0,0,0,0,0,0,0,0,0,0,0,0,0,0,0
63,0.470613899,1.146534024,-1.368788409,0.228235119,0,0,0,0,0,0,0,0,0,0,0,0,0,0,0,0,0,0,0,0,0,0,0,0,0,2,0,0,0,0
64,-0.125096708,1.204285685,-1.231777097,1.045864268,0,0,0,0,0,0,0,0,0,0,0,0,0,0,0,0,0,0,0,0,0,0,0,0,0,1,0,0,0,0
65,-0.008384626,0.542688844,-1.269735286,0.684246358,0,0,0,0,0,0,0,0,0,0,0,0,0,0,0,0,0,0,0,0,0,0,0,0,0,0,1,0,0,0
66,1.226994795,2.442251623,-1.264573029,0.723917024,0,0,0,0,0,0,0,0,0,0,0,0,0,0,0,0,0,0,0,0,0,0,0,0,0,1,0,0,0,0
67,-1.889138254,2.161326738,-1.262637302,0.663557901,0,0,0,0,0,0,0,0,0,0,0,0,0,0,0,0,0,0,0,0,0,0,0,0,0,1,0,1,0,0
68,-1.913292756,1.719919032,-1.315877638,0.042887843,0,0,0,0,0,0,0,0,0,0,0,0,0,0,0,0,0,0,3,0,0,0,0,0,0,0,0,0,0,0
69,-1.094972094,2.542892209,-1.267561054,-0.340306106,0,0,0,0,0,0,0,0,0,0,0,0,0,0,0,0,0,0,1,0,0,0,0,0,0,2,0,1,0,0
70,1.49491822,-1.263028997,-1.791269148,1.978715139,0,0,1,0,0,0,0,0,0,0,0,0,0,0,0,0,0,0,0,0,0,0,0,0,0,1,0,0,0,0
71,0.256771521,1.48389389,-1.825712069,1.969992616,0,0,2,0,0,0,0,0,0,0,0,0,0,0,0,0,0,0,0,0,0,0,0,0,0,0,0,0,0,0
72,1.284701437,1.112734149,-1.819106183,1.760913564,0,0,2,0,0,0,0,0,0,0,0,0,0,0,0,0,0,0,0,0,0,0,0,0,0,0,0,0,0,0
73,1.595779182,0.180302086,-1.856178274,1.604548169,0,0,2,0,0,0,0,0,0,0,0,0,0,0,0,0,0,0,0,0,0,0,0,0,0,0,0,0,0,0
74,1.717688646,-0.422026166,-1.854667732,1.418876693,0,0,3,0,0,0,0,0,0,0,0,0,0,0,0,0,0,0,0,0,0,0,0,0,0,0,0,0,0,0
75,-1.772076074,1.065293639,-1.882708067,1.299215467,0,0,1,0,0,0,0,0,0,0,0,0,0,0,0,0,0,1,0,0,0,0,0,0,0,0,0,0,0,0
76,-0.480486506,2.774582674,-1.882708067,1.299215467,0,0,0,0,0,0,0,0,0,0,0,0,0,0,0,0,0,2,0,0,0,0,0,0,0,0,0,0,0,0
77,-0.162310264,3.029948938,-1.853825606,1.419328064,0,0,0,0,0,0,0,0,0,0,0,0,0,0,0,0,0,2,0,0,0,0,0,0,0,0,0,0,0,0
78,-0.82804038,2.117986586,-1.84935639,1.454522944,0,0,0,0,0,0,0,0,0,0,0,0,0,0,0,0,0,2,0,0,0,0,0,0,0,1,0,0,0,0
79,-1.950740447,0.370067072,-1.84935639,1.454522944,0,0,1,0,0,0,0,0,0,0,0,0,0,0,0,0,0,0,0,0,0,0,0,0,0,2,0,0,0,0
80,-0.677107139,2.082695541,-1.879925533,1.207768821,0,0,1,0,0,0,0,0,0,0,0,0,0,0,0,0,0,0,0,0,0,0,0,0,0,2,0,0,0,0
81,-0.905072978,0.596596269,-1.91124538,0.741284347,0,0,1,0,0,0,0,0,0,0,0,0,0,0,0,0,0,0,0,0,0,0,0,0,0,0,0,0,0,0
82,-0.773809985,0.484259315,-1.91124538,0.741284347,0,0,2,0,0,0,0,0,0,0,0,0,0,0,0,0,0,0,0,0,0,0,0,0,0,0,0,0,0,0
83,1.494543051,-1.072023916,-1.992625649,-0.332106398,0,0,2,0,0,0,0,0,0,0,0,0,0,0,0,0,0,0,0,0,0,0,0,0,0,0,0,0,0,0
84,1.679921212,1.059536546,-2.010027577,-0.059271193,0,0,2,0,0,0,0,0,0,0,0,0,0,0,0,0,0,0,0,0,2,0,0,0,0,0,0,0,0,0
85,1.90260363,-0.205584808,-2.040786549,-0.792568496,3,0,0,0,0,0,0,0,0,0,0,0,0,0,0,0,0,0,0,0,0,0,0,0,0,0,0,0,0,0
86,1.662632762,1.170283208,-2.010027577,-0.059271193,0,0,2,0,0,0,0,0,0,0,0,0,0,0,0,0,0,0,0,0,0,0,0,0,0,0,0,0,0,0
87,-1.13256181,1.315136937,-1.9773992,0.274210497,0,0,2,0,0,0,0,0,0,0,0,0,0,0,0,0,0,0,0,0,0,0,0,0,0,0,0,0,0,0
88,-0.850968408,1.330481628,-1.980720683,0.002492146,0,0,2,0,0,0,0,0,0,0,0,0,0,0,0,0,0,0,0,0,0,0,0,0,0,0,0,0,0,0
89,1.679772059,2.082690703,-2.005808761,-0.089240875,0,0,1,0,0,0,0,0,0,0,0,0,0,0,0,0,0,0,0,0,0,0,0,0,0,0,0,0,0,0
90,1.691824761,0.508683539,-1.970735155,0.385184508,0,0,1,0,0,0,0,0,0,0,0,0,0,0,0,0,0,0,0,0,0,0,0,0,0,0,0,0,0,0
91,2.071402379,-1.376858602,-1.911380424,1.307341252,0,1,0,0,0,0,0,0,0,0,0,0,0,0,0,0,0,0,0,0,0,0,0,0,0,5,0,0,0,0
92,2.111372877,-1.449021792,-1.970314092,0.385410193,0,0,2,0,0,0,0,0,0,0,0,0,0,0,0,0,0,0,0,0,0,0,0,0,0,0,0,0,0,0
93,2.028495488,-0.66251321,-1.970314092,0.385410193,1,0,2,0,0,0,0,0,0,0,0,0,0,0,0,0,0,0,0,0,0,0,0,0,0,0,0,0,0,0
94,1.715482708,0.43013168,-1.970314092,0.385410193,0,0,1,0,0,0,0,0,0,0,0,0,0,0,0,0,0,0,0,0,2,0,0,0,0,0,0,0,0,0
95,1.455093888,0.739809848,-1.925005463,0.077061297,0,0,2,0,0,0,0,0,0,0,0,0,0,0,0,0,0,0,0,0,0,0,0,0,0,0,0,0,0,0
96,-1.599230531,0.437993709,-1.940850964,0.284061447,0,0,1,0,0,0,0,0,0,0,0,0,0,0,0,0,0,0,0,0,0,0,0,0,0,0,0,0,0,0
97,-0.364920115,1.812990784,-1.939215152,0.360902217,0,0,1,0,0,0,0,0,0,0,0,0,0,0,0,0,0,0,0,0,0,0,0,0,0,0,0,0,0,0
98,-1.206923664,-0.614575925,-1.28585358,0.664717283,0,0,0,0,0,0,0,0,0,0,0,0,0,0,0,0,0,0,0,0,0,0,0,0,0,2,0,0,0,0
99,1.419491071,-0.253255409,-1.228961039,0.465264943,0,0,0,0,0,0,0,0,0,0,0,0,0,0,0,0,0,0,0,0,0,0,0,0,0,2,0,0,0,0
100,-1.480388318,0.501297425,-1.214047823,0.468768664,0,0,0,0,0,0,0,0,0,0,0,0,0,0,0,0,0,0,0,0,0,0,0,0,0,1,0,0,0,0
101,-0.851243441,-1.97643744,-1.51865626,-2.207150226,0,1,0,0,0,0,0,0,0,0,0,0,0,0,0,0,0,0,0,0,0,0,0,0,0,0,0,0,0,0
102,-2.118991177,-0.053365079,-1.533169494,-1.63857628,0,1,0,0,0,0,0,0,0,0,0,0,0,0,0,0,0,0,0,0,0,0,0,0,0,0,0,0,0,0
103,-1.269470964,0.305756622,-1.49213248,-2.436154447,0,2,0,0,0,0,0,0,0,0,0,0,0,0,0,0,0,0,0,0,0,0,0,0,0,0,0,0,0,0
104,-1.238784311,-0.983746111,-1.36261164,-0.370483096,0,2,0,0,0,0,0,0,0,0,0,0,1,0,0,0,0,0,0,0,0,0,0,0,0,0,0,0,0,0
105,-2.557785212,-1.108172672,-1.36261164,-0.370483096,0,1,0,0,0,0,0,0,0,0,0,0,0,0,0,0,0,0,0,0,0,0,0,0,0,0,1,1,0,0
106,-1.653259553,-0.736987549,-1.320162693,-0.485634059,0,2,0,0,0,0,0,0,0,0,0,0,0,0,0,0,0,0,0,0,0,0,0,0,0,0,0,1,0,0
107,-1.860598593,2.430689751,-1.259688044,-0.293978339,0,0,0,0,0,0,0,0,0,0,0,0,0,0,0,0,0,0,0,0,0,0,0,0,0,1,0,0,0,0
108,-2.990934725,-1.798838223,-1.187116628,0.027148776,0,1,0,0,0,0,0,0,0,0,0,0,0,2,0,0,0,0,0,0,0,0,0,0,0,5,1,1,0,0
109,-1.369548045,0.083022798,-1.187116628,0.027148776,0,0,0,0,0,0,0,0,0,0,0,0,0,0,0,0,0,2,0,0,0,0,0,0,0,0,0,0,0,0
110,1.837857561,0.874908799,-1.342046917,-1.003463151,0,0,2,0,0,0,0,0,0,0,0,0,1,0,0,0,0,0,0,0,0,0,0,0,0,0,0,0,0,0
111,0.4996237,2.260448627,-1.342046917,-1.003463151,0,0,1,0,0,0,0,0,0,0,0,0,0,0,0,0,0,0,0,0,0,0,0,0,0,0,0,0,0,0
112,0.657468035,1.659722768,-1.267561054,-0.340306106,0,0,0,0,0,0,0,0,0,0,0,0,0,0,0,0,0,0,0,0,0,0,0,0,0,1,0,0,0,0
113,-1.929525462,1.946469509,-1.144419726,-0.197932175,0,0,0,0,0,0,0,0,0,0,0,0,0,0,0,0,0,0,0,0,0,0,0,0,0,0,0,2,0,0
114,0.299803166,0.887686219,-1.072518617,0.591518813,0,1,1,0,0,0,0,0,0,0,0,0,0,0,0,0,0,0,0,0,0,0,0,0,0,2,1,0,0,0
115,-2.247128422,0.392800255,-1.041750679,0.89222706,0,0,0,0,0,0,0,0,0,0,0,0,0,0,0,0,0,0,0,0,0,0,0,0,0,4,0,1,0,0
116,-4.563749224,-1.536867166,-1.023766435,0.889916829,0,1,0,0,0,0,0,0,0,0,0,0,0,0,0,0,0,0,0,0,0,0,0,0,0,0,1,0,0,0
117,-2.525831031,-1.015897343,-1.023766435,0.889916829,0,0,0,0,0,0,0,0,0,0,0,0,0,0,0,0,0,0,0,0,0,0,0,0,0,1,1,0,0,0
118,-1.498044552,0.1480218,-1.06129395,0.391264846,0,0,0,0,0,0,0,0,0,0,0,0,0,0,0,0,0,4,0,0,0,0,0,0,0,4,0,0,0,0
119,-0.698450772,1.782375616,-1.053760121,0.571431107,0,0,0,0,0,0,0,0,0,0,0,0,0,0,0,0,0,0,0,0,0,0,0,0,0,6,0,0,0,0
120,-0.683192202,3.013984192,-1.128233833,0.269733117,0,0,0,0,0,0,0,0,0,0,0,0,0,0,0,0,0,0,0,1,0,0,0,0,0,4,0,0,0,0
121,-1.681575351,0.752157894,-1.091539537,0.569972997,0,0,0,0,0,0,0,0,0,0,0,0,0,0,0,0,0,0,0,0,0,0,0,0,0,4,0,0,0,0
122,-2.023193085,0.372631931,-1.127562717,0.258696832,0,0,0,0,0,0,0,0,0,0,0,0,0,0,0,0,0,0,0,0,0,0,0,0,0,5,1,0,0,0
123,-1.498693338,0.555738169,-1.16357875,-0.609940354,0,0,0,0,0,0,0,0,0,0,0,0,0,0,0,0,0,0,0,0,0,0,0,0,0,4,1,0,0,0
124,-0.861697419,2.30006643,-1.191821121,-1.366582077,0,0,1,0,0,0,0,0,0,0,0,0,0,0,0,0,0,0,0,0,0,0,0,0,0,0,0,0,0,0
125,-0.609338898,2.534918753,-1.174404774,-1.647499274,0,0,1,0,0,0,0,0,0,0,0,0,0,0,0,0,0,0,0,0,0,0,0,0,0,0,0,0,0,0
126,0.359234331,2.334970565,-1.203009556,-1.639751134,0,0,2,0,0,0,0,0,0,0,0,0,0,0,0,0,0,0,0,0,0,0,0,0,0,0,0,0,0,0
127,-2.053797374,2.512299999,-1.256426155,-2.25122096,0,0,2,0,0,0,0,0,0,0,0,0,0,0,0,0,0,0,0,0,0,0,0,0,0,1,0,0,0,0
128,-1.29829779,2.446983157,-1.255452873,-1.380328583,0,0,1,0,0,0,0,0,0,0,0,0,0,0,0,0,0,0,0,0,0,0,0,0,0,0,0,0,0,0
129,-1.088818302,3.217213231,-1.215677278,-0.968293002,0,0,2,0,0,0,0,0,0,0,0,0,0,0,0,0,0,0,0,0,0,0,0,0,0,0,0,0,0,0
130,-0.589461502,-1.875147031,-1.2397459,-0.484469475,0,0,2,0,0,0,0,0,0,0,0,0,0,0,0,0,0,0,0,0,0,0,0,0,0,2,0,0,0,0
131,-0.472705369,2.478202868,-1.2397459,-0.484469475,0,0,0,0,0,0,0,0,0,0,0,0,0,0,0,0,0,0,0,0,0,0,0,0,0,2,0,0,0,0
132,-0.317566361,2.452134473,-1.201939392,-0.043853398,0,0,1,0,0,0,0,0,0,0,0,0,0,0,0,0,0,2,0,0,0,0,0,0,0,1,0,0,0,0
133,0.819281655,2.182126271,-1.127512715,0.289664114,0,0,0,0,0,0,0,0,0,0,0,0,0,0,0,0,0,0,0,0,0,0,0,0,0,2,0,0,0,0
134,-3.106626994,-0.383961621,-1.102439499,0.502585025,0,0,0,0,0,0,0,0,0,0,0,0,0,0,0,0,0,0,0,0,0,0,0,0,0,2,0,0,0,0
135,-1.398059104,0.402193535,-1.026908615,0.489403757,0,0,1,0,0,0,0,0,0,0,0,0,0,0,0,0,0,0,0,0,0,0,0,0,0,0,0,0,0,0
136,-1.783557347,2.227125738,-1.026908615,0.489403757,0,0,2,0,0,0,0,0,0,0,0,0,0,0,0,0,0,0,0,0,0,0,0,0,0,0,0,0,0,0
137,-1.137855037,2.609068856,-1.106547596,-0.898761652,0,0,1,0,0,0,0,0,0,0,0,0,0,0,0,0,0,0,0,0,0,0,0,0,0,0,0,0,0,0
138,0.004635499,1.947633757,-1.155401248,-0.710035829,0,0,1,0,0,0,0,0,0,0,0,0,0,0,0,0,0,0,0,1,0,0,0,0,0,0,0,0,0,0
139,-2.030058197,-0.400695365,-1.145721373,-0.42525323,0,0,3,0,0,0,0,0,0,0,0,0,0,0,0,0,0,0,0,0,0,0,0,0,0,0,0,0,0,0
140,0.55096038,-1.163613928,-1.169962495,-0.022392058,0,0,1,0,0,0,0,0,0,0,0,0,0,0,0,0,0,0,0,0,0,0,0,0,0,0,0,0,0,0
141,0.273407772,-0.246683732,-1.214713024,-0.159407573,0,0,1,0,0,0,0,0,0,0,0,0,0,0,0,0,0,0,0,0,0,0,0,0,0,0,0,0,0,0
142,1.268818457,3.92492938,-1.206028807,0.460397245,0,0,0,0,0,0,0,0,0,0,0,0,0,0,0,0,0,0,0,0,0,0,0,0,0,4,0,0,0,0
143,-0.197260756,2.834837036,-1.206028807,0.460397245,0,0,0,0,0,0,0,0,0,0,0,0,0,0,0,0,0,0,0,0,0,0,0,0,0,2,0,0,0,0
144,1.261993202,1.282824876,-1.120172985,0.55433426,0,0,0,0,0,0,0,0,0,0,0,0,0,0,0,0,0,0,0,0,0,0,0,0,0,1,0,0,0,0
145,1.578395248,3.21850631,-1.150716577,0.152162544,0,0,2,0,0,0,0,0,0,0,0,0,0,0,0,0,0,0,0,0,0,0,0,0,0,0,0,0,0,0
146,-1.289309438,3.342935177,-1.162309559,0.440123227,0,0,1,0,0,0,0,0,0,0,0,0,0,0,0,0,0,0,0,0,0,0,0,0,0,0,0,0,0,0
147,0.332690867,2.894744805,-1.162309559,0.440123227,0,0,0,0,0,0,0,0,0,0,0,0,0,0,0,0,0,0,0,0,0,0,0,0,0,4,0,0,0,0
148,-1.271709828,2.053292767,-1.162309559,0.440123227,0,0,0,0,0,0,0,0,0,0,0,0,0,0,0,0,0,2,0,0,0,0,0,0,0,1,0,0,0,0
149,-1.698076737,0.250821515,-1.173799444,0.112992468,0,0,0,0,0,0,0,0,0,0,0,0,0,0,0,0,0,2,0,0,0,0,0,0,0,2,0,0,0,0
150,-0.417217528,0.881922093,-1.173799444,0.112992468,0,0,0,0,0,0,0,0,0,0,0,0,0,0,0,0,0,0,0,0,0,0,0,0,0,2,0,0,0,0
151,-0.692278274,1.620267769,-1.147194545,-0.661032878,0,0,0,0,0,0,0,0,0,0,0,0,0,0,0,0,0,0,0,0,0,0,0,0,0,5,1,0,0,0
152,1.614894613,-0.292756585,-1.121650897,-0.791463923,0,0,2,0,0,0,0,0,0,0,0,0,0,0,0,0,0,0,0,0,0,0,0,0,0,0,0,0,0,0
153,0.272440646,2.848579802,-1.163997488,-0.000735533,0,0,1,0,0,0,0,0,0,0,0,0,0,0,0,0,0,0,0,0,0,0,0,0,0,1,0,0,0,0
154,-1.583199422,2.970378916,-1.227007048,-0.237945361,0,0,1,0,0,0,0,0,0,0,0,0,0,0,0,0,0,0,0,0,0,0,0,0,0,0,0,0,0,0
155,-0.553719169,0.565718918,-1.227007048,-0.237945361,0,0,0,0,0,0,0,0,0,0,0,0,0,0,0,0,0,0,0,0,0,0,0,0,0,2,0,0,0,0
156,-1.156668908,-0.793223396,-1.228164944,-0.323793306,0,0,0,0,0,0,0,0,0,0,0,0,0,0,0,0,0,0,0,0,0,0,0,0,0,4,0,0,0,0
157,-0.222970312,-1.034547154,-1.164097375,-0.586460291,0,0,0,0,0,0,0,0,0,0,0,0,0,0,0,0,0,0,0,0,0,0,0,0,0,2,0,0,0,0
158,-0.987934759,0.705962684,-1.218331763,-0.969995282,0,0,0,0,0,0,0,0,0,0,0,0,0,0,0,0,0,0,0,0,0,0,0,0,0,2,0,0,0,0
159,1.679645197,-0.799252227,-1.190381756,-1.379547291,0,0,1,0,0,0,0,0,0,0,0,0,0,0,0,0,0,2,0,0,0,0,0,0,0,0,0,0,0,0
160,1.028134219,-0.730305498,-1.254843727,-1.655336661,0,0,2,0,0,0,0,0,0,0,0,0,0,0,0,0,0,0,0,0,0,0,0,0,0,2,1,0,0,0
161,0.559545589,-0.887094,-1.283552035,-1.90038823,0,0,1,0,0,0,0,0,0,0,0,0,0,0,0,0,0,0,0,0,0,0,0,0,0,4,0,0,0,0
162,0.046320085,2.784659163,-1.256623911,-1.921103201,0,0,1,0,0,0,0,0,0,0,0,0,0,0,0,0,0,0,0,0,0,0,0,0,0,0,0,0,0,0
163,-0.793932526,1.707187681,-1.255781786,-1.92065183,0,0,1,0,0,0,0,0,0,0,0,0,0,0,0,0,0,0,0,0,0,0,0,0,0,0,0,0,0,0
164,-1.454442101,2.834164521,-1.219715474,-2.403441132,0,0,1,0,0,0,0,0,0,0,0,0,0,0,0,0,0,0,0,0,0,0,0,0,0,1,0,0,0,0
165,-0.278871305,1.34578712,-1.254085506,-2.255637269,0,0,2,0,0,0,0,0,0,0,0,0,0,0,0,0,0,0,0,0,0,0,0,0,0,0,0,0,0,0
166,-1.2423563,1.026108162,-1.143740574,-1.692183591,0,0,1,0,0,0,0,0,0,0,0,0,0,0,0,0,0,0,0,0,0,0,0,0,0,0,0,0,0,0
167,-1.479911949,3.016342054,-1.189751675,-1.127396053,0,0,1,0,0,0,0,0,0,0,0,0,0,0,0,0,0,0,0,0,0,0,0,0,0,0,0,0,0,0
168,1.257121828,2.433964841,-1.189751675,-1.127396053,0,0,1,0,0,0,0,0,0,0,0,0,0,0,0,0,0,0,0,0,0,0,0,0,0,0,0,0,0,0
169,-1.237558017,1.110893955,-1.174404774,-1.647499274,0,0,1,0,0,0,0,0,0,0,0,0,0,0,0,0,0,0,0,0,0,0,0,0,0,0,0,0,0,0
170,0.327289658,1.68243959,-1.191821121,-1.366582077,0,0,0,0,0,0,0,0,0,0,0,0,0,0,0,0,0,0,0,0,0,0,0,0,0,1,0,0,0,0
171,-0.825076639,2.230828063,-1.017179718,0.793167287,0,0,0,0,0,0,0,0,0,0,0,0,0,0,0,0,0,0,0,0,0,0,0,0,0,2,0,0,0,0
172,-0.917535313,1.876253959,-1.052355428,-0.154221107,0,0,0,0,0,0,0,0,0,0,0,0,0,0,0,0,0,0,0,0,0,0,0,0,0,2,0,0,0,0
173,-2.48546026,2.978406596,-0.875809079,0.303909561,0,0,0,0,0,0,0,0,0,0,0,0,0,0,0,0,0,0,0,0,0,0,0,0,0,3,0,0,0,0
174,-2.801051682,-0.142919398,-0.565053998,-0.837644933,0,0,0,0,0,0,0,0,0,0,0,0,0,0,0,0,0,0,0,0,0,0,0,0,0,5,0,0,0,0
175,1.445643238,0.331822075,-0.829771762,-0.565406694,0,0,1,0,0,0,0,0,0,0,0,0,0,0,0,0,0,0,0,0,0,0,0,0,0,3,0,0,0,0
176,-0.359207535,1.796744772,-0.904135849,-1.517361305,0,0,0,0,0,0,0,0,0,0,0,0,0,0,0,0,0,0,0,0,0,0,0,0,0,8,1,0,0,0
177,-0.13515207,1.815831063,-0.730573811,-2.640162822,0,1,0,0,0,0,0,0,0,0,0,0,0,0,0,0,0,0,0,0,0,0,0,0,0,0,1,0,0,0
178,-0.55053893,-1.426349389,-0.692798399,-1.581930224,0,1,0,0,0,0,0,0,0,0,0,0,0,0,0,0,0,0,0,0,0,0,0,0,0,1,0,0,0,0
179,-1.78198317,2.08267618,-0.648314036,-0.082847864,0,0,0,0,0,0,0,0,0,0,0,0,0,0,0,0,0,0,0,0,0,0,0,0,0,2,0,0,0,0
180,-2.355696588,3.791915466,-0.684621997,1.097004719,0,0,0,0,0,0,0,0,0,0,0,0,0,0,0,0,0,0,0,0,0,0,0,0,0,1,1,0,0,0
181,0.627064306,0.382018122,-0.686453014,0.745012074,0,0,0,0,0,0,0,0,0,0,0,0,0,0,0,0,0,0,0,0,1,0,0,0,0,0,0,0,0,0
182,1.28894596,1.414483295,-0.718180893,0.896879133,0,0,0,0,0,0,0,0,0,0,0,0,0,0,0,0,0,0,0,0,0,0,0,0,0,1,0,0,0,0
183,-2.122491944,-0.04007529,-0.653408972,0.976467722,0,0,0,0,0,0,0,0,0,0,0,0,0,0,0,0,0,0,0,0,0,0,0,0,0,2,0,0,0,0
184,-1.801585106,-1.00378378,-0.609924821,1.126218925,0,0,0,0,0,0,0,0,0,0,0,0,0,0,0,0,0,0,0,0,0,0,0,0,0,4,1,0,0,0
185,-1.848595142,0.228306861,-0.609924821,1.126218925,0,0,0,0,0,0,0,0,0,0,0,0,0,0,0,0,0,0,0,0,0,0,0,0,0,2,0,0,0,0
186,-2.186982499,-1.338513336,-0.568851121,1.08794895,0,0,0,0,0,0,0,0,0,0,0,0,1,0,0,0,0,0,0,0,0,0,0,0,0,5,1,0,0,0
187,-2.327499956,-0.529694738,-0.604807284,1.08981134,0,0,0,0,0,0,0,0,2,0,0,0,0,0,0,0,0,0,0,0,0,0,0,0,0,2,0,0,0,0
188,1.959517947,-0.249463006,-2.069272481,-0.024931645,0,0,0,0,0,0,0,0,0,1,0,0,1,0,0,0,0,0,0,0,0,0,0,0,0,1,0,0,0,0
189,1.251988455,-2.827108212,-2.076921303,0.599649132,2,0,0,0,0,0,0,0,0,0,0,0,0,0,0,0,0,0,0,0,0,0,0,0,0,2,0,0,0,0
190,-0.273601517,0.694272777,-2.077092312,0.588161477,0,0,0,0,0,0,0,0,0,0,0,0,0,0,0,0,0,4,0,0,0,0,0,0,0,1,0,0,0,0
191,-0.810703801,1.070827427,-2.077092312,0.588161477,0,0,2,0,0,0,0,2,0,0,0,0,0,2,0,0,0,0,0,0,0,0,0,0,0,0,0,0,0,0
192,1.749910454,1.231792513,-1.981854054,0.443848223,0,1,0,0,0,0,0,0,0,0,0,0,0,0,0,0,0,0,0,0,0,0,0,0,0,0,0,0,0,0
193,1.814514796,0.963942135,-1.980274606,0.289114277,0,0,1,0,0,0,0,1,0,0,0,0,0,2,0,0,0,0,0,0,0,0,0,0,0,0,0,0,0,0
194,1.815118959,-0.007379254,-1.992178992,0.33672994,0,0,0,0,0,0,0,0,0,0,0,0,0,0,1,0,0,0,0,0,0,0,0,0,0,2,0,0,2,0
195,1.636153427,2.724431911,-1.996864954,0.538346938,0,0,2,0,0,0,0,0,0,0,0,0,0,0,0,0,0,0,0,0,0,0,0,0,0,2,0,0,0,0
196,1.727774118,0.232177591,-1.980832509,0.76646715,0,0,0,0,0,0,0,0,0,0,0,0,0,1,1,0,0,0,0,0,0,0,0,0,0,0,0,0,0,1
197,-1.210682577,0.862508382,-1.980832509,0.76646715,0,0,0,0,0,0,0,0,0,0,0,0,0,5,2,0,0,0,0,0,0,0,0,0,0,0,0,0,0,1
198,-0.656461032,-1.673853529,-1.921337565,0.905253847,0,0,0,0,0,0,0,0,0,2,0,0,0,1,0,0,0,0,0,0,0,0,0,0,0,0,0,0,0,2
199,-1.021698124,-1.841921598,-1.921337565,0.905253847,0,0,0,0,0,0,0,0,0,0,0,0,0,0,0,0,0,0,0,0,0,0,0,0,0,2,0,0,0,0
200,-1.10247159,-0.900683415,-1.919928263,1.002548551,0,0,0,0,0,0,0,0,0,0,0,0,0,0,2,0,0,0,0,0,0,0,0,0,0,0,0,2,1,0
201,-0.831009094,1.929408541,-1.919928263,1.002548551,0,0,0,0,0,0,0,0,0,0,0,0,0,0,0,0,0,0,0,0,0,0,0,0,0,0,0,0,0,4
202,-1.287368407,0.123992224,-1.933393511,0.957570989,0,0,0,0,0,0,0,0,0,0,0,0,0,2,0,0,0,0,2,0,0,0,0,0,0,0,0,0,0,0
203,0.493906239,0.987194605,-1.930437537,1.003350782,0,0,0,0,0,0,0,0,0,4,0,0,0,0,0,0,0,0,0,0,0,0,0,0,0,4,0,0,0,0
204,-0.242660213,2.242213681,-1.930437537,1.003350782,0,0,0,0,0,0,0,0,0,0,0,0,0,0,1,0,0,0,0,0,0,0,0,0,0,0,0,0,0,0
205,-1.011529746,1.893654188,-1.947165996,0.871396847,0,0,0,0,0,0,0,0,0,0,0,0,0,0,0,0,0,0,0,0,0,0,0,0,0,0,3,0,0,0
206,-2.405310109,-0.569944956,-1.980515316,0.801863831,0,0,0,0,0,0,0,0,0,0,0,0,0,0,0,0,0,0,1,0,0,0,0,0,0,5,0,6,0,2
207,-3.061668913,1.630973776,-1.980515316,0.801863831,0,0,0,0,0,0,0,0,0,0,0,0,1,0,0,0,0,0,0,0,0,0,0,0,0,2,0,0,0,0
208,-4.439752517,-0.420940845,-1.944852589,0.665810089,0,0,0,0,0,0,0,0,0,0,0,0,1,0,0,0,0,0,0,0,0,0,0,0,0,0,0,1,0,0
209,-3.732231029,-0.253630249,-1.940488177,0.545368281,0,0,0,0,0,0,0,0,0,0,0,0,0,0,0,0,0,0,0,0,0,0,0,0,0,0,0,1,0,0
210,-2.406054292,-0.927731548,-1.959080682,0.144049025,0,0,0,0,1,0,0,0,0,0,0,0,0,0,0,0,0,0,0,0,0,0,0,0,0,0,0,0,0,0
211,1.575484569,-0.91037426,-1.959080682,0.144049025,0,0,0,0,0,0,0,0,1,0,0,0,0,0,0,0,0,0,0,0,0,0,0,0,0,0,0,0,0,0
212,-0.260729007,-1.056635629,-2.031823107,-0.188565746,0,0,0,0,0,0,0,0,0,0,0,0,0,0,0,0,0,0,0,1,0,0,0,0,0,0,0,1,0,0
213,-0.207498628,-1.23337731,-2.031823107,-0.188565746,0,0,0,0,0,0,0,0,0,0,0,0,1,0,0,0,0,0,0,0,0,0,0,0,0,6,0,3,0,0
214,-0.95319112,-0.437446915,-2.018121133,-0.035441983,0,0,0,0,0,0,0,0,0,0,0,0,0,0,0,0,0,0,0,0,0,0,0,0,0,0,0,2,0,0
215,-2.765404887,-2.570159262,-1.970997906,0.07026528,0,0,0,0,0,0,0,0,0,0,0,0,1,0,0,0,0,0,0,0,0,0,0,0,0,0,0,1,0,0
216,-1.296401237,-1.125974897,-1.970997906,0.07026528,0,0,0,0,0,0,0,0,0,0,0,0,0,0,0,0,0,0,0,0,0,0,0,0,0,6,0,0,0,0
217,-0.464728097,1.642137287,-2.013663693,0.548416006,0,0,0,0,0,0,0,0,0,0,0,0,0,0,0,0,0,0,0,0,0,0,0,0,0,0,0,1,0,0
218,2.135546534,-2.830658792,-2.055305635,-0.659747184,2,0,0,0,0,0,0,0,0,0,0,0,0,0,0,0,0,0,0,0,0,0,0,0,0,0,0,0,0,0
219,0.657340299,-2.630178668,-2.04540176,-0.552854586,2,0,0,0,0,0,0,0,0,0,0,0,0,0,0,0,0,0,0,0,0,0,0,0,0,0,0,0,0,0
220,0.660036179,1.4275319,-1.963094237,-0.729185633,0,0,1,0,0,0,0,0,0,0,0,0,0,0,0,1,0,0,0,0,0,0,0,0,0,0,0,0,0,0
221,1.724367134,-1.106793415,-2.031199679,-0.422254763,1,0,0,0,0,0,0,0,0,3,0,0,0,0,2,0,0,0,0,0,0,0,0,0,0,0,0,0,0,0
222,0.003140527,0.243770751,-2.031199679,-0.422254763,2,0,2,0,0,0,0,0,0,0,0,0,0,0,0,0,0,0,0,0,0,0,0,0,0,0,0,0,0,0
223,-0.965095641,-1.359128821,-2.022876438,-0.56421083,0,0,1,0,0,0,0,0,0,0,0,0,0,0,0,0,0,0,0,0,0,0,0,0,0,0,0,0,0,0
224,1.756578257,-0.782320996,-2.04540176,-0.552854586,1,0,0,0,0,0,0,0,0,1,0,0,0,0,0,0,0,0,0,1,0,0,0,0,0,0,0,0,0,0
225,1.700624146,-0.656075826,-2.018099802,0.332224824,1,0,0,0,0,0,0,0,0,0,0,0,1,0,0,0,0,0,0,0,0,0,0,0,0,0,0,0,0,0
226,0.231247949,-0.345791292,-2.018099802,0.332224824,2,0,6,0,0,0,0,0,0,0,0,0,0,0,0,0,0,0,0,0,0,0,0,0,0,0,0,0,1,0
227,2.097723862,-1.617076936,-1.955476944,0.911269869,0,0,4,0,0,0,0,0,0,0,0,0,0,4,0,0,0,0,0,0,0,0,0,0,0,6,2,0,0,0
228,-0.487808431,0.581284877,-1.921079759,1.168291926,0,0,4,0,0,0,0,0,1,0,0,0,0,0,0,0,0,0,0,0,0,0,0,0,0,0,0,0,0,0
229,-0.684212979,-0.344792088,-1.921079759,1.168291926,0,0,3,0,0,0,0,0,0,0,0,0,0,2,0,0,0,0,0,0,0,0,1,0,0,0,0,0,0,0
230,1.826502527,-0.388330795,-1.977099417,0.288870662,0,0,6,0,0,0,0,0,0,0,0,0,0,0,0,0,0,0,0,0,0,0,0,0,0,0,0,0,0,1
231,1.475650094,0.561499133,-1.978389916,-0.319447646,5,0,2,0,0,0,0,0,0,0,0,0,0,1,0,0,0,0,0,0,0,0,0,0,0,0,0,0,0,0
232,1.804966726,-0.233980877,-1.955476944,0.911269869,6,0,2,0,0,0,0,0,0,0,0,0,0,0,1,0,0,0,0,0,0,0,0,0,0,0,0,0,0,0
233,1.540151818,-0.329935548,-1.978389916,-0.319447646,0,0,4,0,0,0,0,0,0,0,0,0,0,0,0,0,0,0,0,0,0,0,0,0,1,6,0,0,0,0
234,-0.192881777,0.494518498,-1.985744897,0.346263286,0,0,8,0,0,0,0,0,0,0,0,0,0,0,0,0,0,0,0,0,4,0,0,0,0,0,0,0,0,0
235,0.766386502,-1.025929445,-2.023385312,0.347222935,0,0,6,0,0,0,0,0,0,0,0,0,0,0,0,0,0,0,0,0,2,0,0,0,0,0,0,0,0,0
236,1.808600309,0.9835801,-2.023385312,0.347222935,0,0,2,0,0,0,0,0,0,0,0,0,0,0,0,0,0,0,0,0,0,0,0,0,0,0,0,0,0,0
237,1.5094502,-1.500701463,-1.973445974,1.03841849,0,0,2,0,0,0,0,0,0,0,0,0,0,0,0,0,0,0,0,0,0,0,0,0,0,0,0,0,0,0
238,-0.526389864,-1.039434607,-1.973445974,1.03841849,0,0,2,0,0,0,0,0,0,0,0,0,0,0,0,0,0,0,0,0,0,0,0,0,0,0,0,0,0,4
239,-4.477237269,-1.927650025,-1.912291675,1.263237921,0,0,1,0,0,0,0,0,0,0,0,0,0,0,0,0,0,0,0,0,0,0,0,0,0,0,0,0,0,4
240,-5.231767845,-1.405331999,-1.912291675,1.263237921,0,0,0,0,0,0,0,0,0,0,0,0,0,0,0,0,0,0,0,0,0,0,0,0,0,0,0,0,0,6
241,0.455773276,-0.81276951,-1.911870612,1.263463606,0,0,4,0,0,0,0,0,0,0,0,0,0,4,0,0,0,0,0,0,0,0,0,0,0,0,0,0,0,0
242,-0.25849353,0.200445699,-1.940756789,1.12549942,0,0,2,0,0,0,0,0,0,0,0,0,0,0,0,0,0,0,0,0,0,0,0,0,0,0,1,0,0,0
243,0.450728226,-0.704070289,-1.989143204,1.0191151,0,0,4,0,0,0,0,0,0,0,0,0,0,0,0,0,0,0,0,0,0,0,0,0,0,2,0,0,0,0
244,-0.239511142,0.838851162,-2.002244573,0.921904674,0,0,1,0,0,0,0,0,0,0,0,0,0,0,0,0,0,2,0,0,0,0,0,0,0,0,0,0,0,0
245,0.246679088,-0.635876607,-2.002244573,0.921904674,0,0,4,0,0,0,0,0,0,0,0,0,0,0,0,0,0,0,0,0,0,0,0,0,0,0,0,0,0,0
246,-0.622572713,0.117213158,-2.016617663,0.779817196,0,0,2,0,0,0,0,0,0,0,0,0,0,0,0,0,0,0,3,0,0,0,0,0,0,0,0,0,0,0
247,1.474259936,0.548625921,-2.016617663,0.779817196,0,0,0,0,0,0,0,0,0,0,0,0,0,0,0,0,0,0,1,0,0,0,0,0,0,2,2,0,0,0
248,-1.28197697,0.390768647,-2.063990944,0.685371903,0,0,1,0,0,0,0,0,0,0,0,0,0,0,0,0,0,0,0,0,0,0,0,0,0,0,0,0,0,0
249,0.719667012,-1.407427236,-2.063990944,0.685371903,0,0,1,0,0,0,0,0,0,0,0,0,1,0,0,0,0,0,0,0,0,0,0,0,0,0,0,0,0,0
250,1.644814726,1.74077418,-2.01349068,0.837084645,0,0,2,0,0,0,0,0,0,0,0,0,0,0,0,0,0,0,0,0,0,0,0,0,0,0,0,0,0,0
251,1.362496907,2.505984638,-1.989143204,1.0191151,0,0,2,0,0,0,0,0,0,0,0,0,0,0,0,0,0,0,0,0,0,0,0,0,0,0,0,0,0,0
252,1.738536491,1.322901211,-1.985352508,0.930405042,0,0,2,0,0,0,0,0,0,0,0,0,0,0,0,0,0,0,0,0,0,0,0,0,0,0,0,0,0,0
253,1.756279951,1.263987317,-2.01349068,0.837084645,0,0,2,0,0,0,0,0,0,0,0,0,0,0,0,0,0,0,0,0,0,0,0,0,0,1,0,0,0,0
254,1.275151564,3.311277942,-1.926113015,1.084111337,0,0,0,0,0,0,0,0,0,0,0,0,0,4,0,0,0,0,0,0,0,0,0,0,0,0,0,0,0,0
255,-1.094386976,0.183218008,-1.893929191,1.214404095,0,0,2,0,0,0,0,0,0,0,0,0,0,0,0,0,0,0,0,0,0,0,0,0,0,2,0,0,0,2
256,-0.375159619,0.823370598,-1.910874396,1.319262038,0,0,1,0,0,0,0,0,0,0,0,0,1,0,0,0,0,0,0,0,0,0,0,0,0,0,0,0,0,0
257,-0.568624034,1.056748074,-1.884352121,1.423159771,0,0,2,0,0,0,0,0,0,0,0,0,0,0,0,0,0,0,0,0,0,0,0,0,0,1,0,0,0,0
258,-1.943801341,1.863131303,-1.884352121,1.423159771,0,0,0,0,0,0,0,0,0,0,0,0,0,0,0,0,0,0,0,0,0,0,0,0,0,4,1,0,0,0
259,0.562403989,2.380007434,-1.852961547,1.430026835,0,0,0,0,0,0,0,0,0,0,0,0,0,0,0,0,0,0,2,0,0,0,0,0,0,6,0,0,0,0
260,-0.180658252,2.138631586,-1.85386939,1.33291692,0,0,0,0,0,0,0,0,0,0,0,0,0,0,0,0,0,0,4,0,0,0,0,0,0,8,0,0,0,0
261,-0.683962065,-0.478852485,-1.824835952,1.313330376,0,0,3,0,0,0,0,0,0,0,0,0,0,0,0,0,0,0,0,0,0,0,0,0,0,5,0,0,0,2
262,1.492877291,1.314103559,-1.79665902,1.296189637,0,0,1,0,0,0,0,0,0,0,0,0,0,0,0,0,0,0,0,0,0,0,0,0,0,0,0,0,0,0
263,0.872481285,0.345188594,-1.8231517,1.314233117,0,0,1,0,0,0,0,0,0,0,0,0,0,0,0,0,0,0,0,0,0,0,0,0,0,0,0,0,0,0
264,0.872481285,0.345188594,-1.8231517,1.314233117,0,0,1,0,0,0,0,0,0,0,0,0,0,0,0,0,0,0,0,0,0,0,0,0,0,9,0,0,0,0
265,0.830856732,1.54265378,-1.795816894,1.296641008,0,0,0,0,0,0,0,0,0,0,0,0,0,0,0,0,0,0,20,0,0,0,0,0,0,0,0,0,0,1
266,-1.686862609,1.510624624,-1.796560196,1.211851879,0,0,1,0,0,0,0,0,0,0,0,0,0,0,0,0,0,0,0,0,0,0,0,0,0,0,0,0,0,1
267,0.269476968,1.061055812,-1.796560196,1.211851879,0,0,1,0,0,0,0,0,0,0,0,0,0,0,1,0,0,0,0,0,0,0,0,0,0,0,0,0,0,2
268,1.680070365,0.036382389,-1.794875944,1.212754621,0,0,1,0,0,0,0,0,0,0,0,0,0,0,0,0,0,0,2,0,0,0,0,0,0,2,0,0,0,1
269,1.685835698,1.039898582,-1.794454882,1.212980306,0,0,0,0,0,0,0,0,0,0,0,0,0,0,0,0,0,0,0,0,0,0,0,0,0,0,1,0,0,0
270,1.733375321,-0.65193637,-1.794454882,1.212980306,0,0,0,0,0,0,0,0,0,0,0,0,0,0,2,0,0,0,0,0,0,0,0,0,0,0,0,1,0,0
271,1.951226728,-0.970629517,-1.782366648,1.298251706,0,0,0,0,0,0,0,0,0,0,0,0,1,0,1,0,0,0,0,0,0,0,0,0,0,0,2,0,0,0
272,-1.078905551,0.631297951,-1.793191693,1.213657363,0,0,0,0,0,0,0,0,0,0,0,0,0,0,1,0,0,0,0,0,0,0,0,0,0,0,0,0,0,2
273,-1.112222426,0.451131921,-1.783854994,1.223706627,0,0,1,0,0,0,0,0,0,0,0,0,0,0,3,0,0,0,0,0,0,0,0,0,0,0,0,0,0,0
274,-1.732516958,1.254075925,-1.783854994,1.223706627,0,0,1,0,0,0,0,0,0,0,0,0,0,0,0,0,0,0,0,0,0,0,0,0,0,0,0,0,0,0
275,1.57757593,2.101976554,-1.93025308,0.821133579,0,0,0,0,0,0,0,0,0,0,0,0,0,0,0,0,0,0,0,0,0,0,0,0,0,4,1,0,0,0
276,1.605635327,-0.540628867,-1.93025308,0.821133579,0,0,1,0,0,0,0,0,0,1,0,0,0,0,1,0,0,0,0,0,0,0,0,0,0,2,1,0,1,0
277,1.720011495,-0.093805344,-1.85951921,1.023249038,0,0,0,0,0,0,0,0,0,1,0,0,2,0,0,0,0,0,3,0,0,0,0,0,0,0,0,0,0,0
278,-0.798212419,0.737867479,-1.85951921,1.023249038,0,0,0,0,0,0,0,0,0,1,0,0,0,0,0,0,0,4,0,0,0,0,0,0,0,8,0,0,0,0
279,-0.729919415,-1.398912005,-1.910066725,1.348331878,0,0,0,0,0,0,0,0,0,2,0,0,0,4,0,0,0,0,0,0,0,0,0,0,0,8,0,1,0,2
280,0.848011083,-0.391828828,-1.866059376,1.081770089,0,0,1,0,0,0,0,0,0,0,0,0,0,2,0,0,0,0,2,0,0,0,0,0,0,4,0,0,0,0
281,1.956137846,-1.785151213,-1.866437752,0.843483613,0,0,0,0,0,0,0,0,0,0,0,0,0,0,2,0,0,0,0,0,0,0,0,0,0,1,1,1,0,0
282,1.866246369,-1.404507767,-1.87055809,0.712689006,0,0,0,0,0,0,0,0,0,0,0,0,0,2,0,0,0,0,0,1,0,0,0,0,0,1,2,1,0,0
283,1.791461013,0.071172605,-1.841736229,0.712601198,0,0,0,0,0,0,0,0,0,0,0,0,0,0,0,0,0,0,0,0,0,0,0,0,0,0,1,1,0,0
284,1.55008021,0.646166178,-1.841736229,0.712601198,0,0,0,0,0,0,0,0,0,2,0,0,0,0,0,0,0,0,0,0,0,0,0,0,0,20,0,0,0,0
285,-0.645431946,0.631669224,-1.782100341,1.165318685,0,0,0,0,0,0,0,0,0,0,0,0,0,0,2,0,0,0,0,0,0,0,0,0,0,2,2,1,0,0
286,0.042725304,0.688104637,-1.781679278,1.165544371,0,0,2,0,0,0,0,0,0,0,0,0,0,0,0,0,0,0,0,0,0,0,0,0,0,3,0,0,0,0
287,-1.825379111,0.605637987,-1.804943108,0.928503321,0,0,0,0,0,0,0,0,1,0,0,0,0,0,1,0,0,0,0,0,0,0,0,0,0,3,1,2,0,2
288,-0.514609493,-0.356151695,-1.804943108,0.928503321,0,1,1,0,0,0,0,0,0,0,0,0,0,0,1,0,0,0,0,0,0,0,0,0,0,2,0,0,0,0
289,0.752128836,1.134904797,-1.767175067,0.793578005,0,0,1,0,0,0,0,0,0,0,0,0,0,0,0,0,0,0,0,0,0,0,0,0,0,1,0,0,0,0
290,1.705159219,-0.10747203,-1.815811537,0.698455655,0,0,4,0,0,0,0,0,0,5,0,0,0,0,0,0,0,0,0,0,0,0,0,0,0,0,3,0,0,0
291,1.790235811,-0.04297441,-1.799254088,0.818921935,0,0,0,0,0,0,0,0,0,1,0,0,0,0,1,0,0,0,0,0,0,0,0,0,0,0,2,0,0,0
292,1.411434437,-0.806655525,-1.800175258,0.841220189,0,0,1,0,0,0,0,0,0,0,0,0,0,0,0,0,0,0,0,0,0,0,0,0,0,0,0,0,0,0
293,1.436923726,-0.606538953,-1.800175258,0.841220189,0,0,0,0,0,0,0,0,0,0,0,0,0,0,0,0,0,0,0,4,0,0,0,0,0,12,4,0,0,0
294,1.924665264,-2.026198974,-1.787494952,0.93820493,0,0,0,0,0,0,0,0,1,2,0,0,0,0,0,0,0,0,0,2,0,0,0,0,0,6,0,0,0,0
295,1.417737677,-0.195916172,-1.835460305,0.832046295,0,0,0,0,0,0,0,0,0,0,0,0,0,0,0,0,0,0,0,0,0,0,0,0,0,10,0,0,0,0
296,-0.338797307,-1.033489543,-1.834368126,0.821235696,0,0,0,0,0,0,0,0,2,0,0,0,0,0,0,0,0,0,0,0,0,0,0,0,0,0,1,0,0,0
297,-1.378319032,-1.975257086,-1.834368126,0.821235696,0,0,0,0,0,0,0,0,0,0,0,0,0,0,0,0,0,0,0,0,0,0,0,0,0,8,2,1,0,0
298,-0.802846072,-0.704756197,-1.811008836,0.71242585,0,0,0,0,0,0,0,0,0,0,0,0,0,0,0,0,0,0,0,0,0,0,0,0,0,2,0,0,0,0
299,0.954100854,-1.1843904,-1.811008836,0.71242585,0,0,0,0,0,0,0,0,0,1,0,0,0,0,1,0,0,0,0,0,0,0,0,0,0,1,1,1,0,0
300,0.333268794,-0.475290542,-1.777237406,0.785889635,0,0,0,0,0,0,0,0,0,0,0,0,0,0,0,0,0,0,0,0,0,0,0,0,0,6,1,0,0,0
301,0.893146358,0.606487183,-1.774209247,0.927494841,0,0,0,0,0,0,0,0,0,0,0,0,0,0,0,0,0,0,0,0,0,0,0,0,0,2,0,0,0,0
302,0.222241406,0.124947702,-1.741714333,1.11968974,0,0,0,0,0,0,0,0,0,0,0,0,0,0,0,0,0,0,0,0,0,0,0,0,0,1,0,0,0,0
303,-1.478014327,-0.01860547,-1.741714333,1.11968974,0,0,0,0,0,0,0,0,0,0,0,0,0,0,0,0,0,0,0,0,0,0,0,0,0,4,2,0,0,0
304,-0.927470469,0.367077918,-1.669988551,1.496086455,0,0,0,0,0,0,0,0,0,0,0,0,0,0,0,0,0,0,0,0,0,0,0,0,0,1,0,0,0,0
305,-1.090514853,0.786568301,-1.67925697,1.546360519,0,0,0,0,0,0,0,0,0,0,0,0,0,0,1,0,0,0,0,0,0,0,0,0,0,1,0,0,0,1
306,0.542407841,1.670825815,-1.67925697,1.546360519,0,0,0,0,0,0,0,0,0,0,0,0,0,0,0,0,0,0,2,0,0,0,0,0,0,10,0,0,0,0
307,0.307287908,0.572904651,-1.705168306,1.401741671,0,0,0,0,0,0,0,0,3,0,0,0,0,0,0,0,0,0,0,0,0,0,0,0,0,8,0,1,0,0
308,1.696803778,1.951172626,-1.697759053,1.303575126,0,0,0,0,0,0,0,0,0,1,0,0,0,0,2,0,0,0,0,0,0,0,0,0,0,1,0,0,0,0
309,1.564780703,-0.945964005,-1.697759053,1.303575126,0,0,0,0,0,0,0,0,0,0,0,0,0,0,0,0,0,0,0,0,0,0,0,0,0,2,4,0,0,0
310,-0.669577991,-1.769580943,-1.735228459,1.316022431,0,0,0,0,0,0,0,0,0,0,0,0,0,0,1,0,0,0,0,0,0,0,0,0,0,1,1,0,0,0
311,-0.385799099,1.521434524,-1.734386333,1.316473801,0,0,0,0,0,0,0,0,0,0,0,0,0,0,0,0,0,0,0,0,0,0,0,0,0,0,0,0,0,1
312,1.682477228,0.91936831,-1.734807396,1.316248116,0,0,0,0,0,0,0,0,0,0,0,0,0,0,1,0,0,0,0,0,0,0,2,0,0,0,0,0,0,0
313,-1.262342157,-1.410686151,-1.773539991,1.328018364,0,0,0,0,0,0,0,0,0,0,0,0,0,0,0,0,0,0,0,0,0,0,0,0,0,0,0,0,0,1
314,-3.293156857,-0.327184937,-1.898002827,0.664824039,0,0,0,0,0,0,0,0,0,0,0,0,0,0,0,0,0,0,0,0,0,0,0,0,0,6,0,1,0,1
315,-2.754480674,-0.572475666,-1.846111407,1.006891249,0,0,0,0,0,0,0,0,0,0,0,0,0,0,0,0,0,0,2,0,0,0,0,0,0,2,0,0,0,0
316,-0.309909082,0.291320411,-1.898002827,0.664824039,0,0,0,0,0,0,0,0,0,0,0,0,0,0,0,0,0,0,0,0,0,0,0,0,0,2,0,0,0,0
317,0.508785638,1.732011863,-1.898002827,0.664824039,0,0,0,0,0,0,0,0,0,0,0,0,0,0,0,0,0,0,0,0,0,0,0,0,0,6,0,0,0,0
318,1.905997836,-1.648995391,-1.893790707,0.009811732,0,0,2,0,0,0,0,0,0,0,0,0,0,0,0,0,0,0,0,0,0,0,0,0,0,10,0,0,0,0
319,1.908358442,-0.406903775,-1.872273351,-0.230796681,0,0,2,0,0,0,0,0,0,0,0,0,0,0,0,0,0,0,0,0,0,0,0,0,0,8,0,0,0,0
320,1.823484755,0.202210179,-1.790640369,-0.623272534,0,0,2,0,0,0,0,0,0,0,0,0,0,0,0,0,0,0,0,0,0,0,0,0,0,0,0,0,0,0
321,2.069591036,-1.874965887,-1.790640369,-0.623272534,1,0,0,0,0,0,0,0,0,0,0,0,0,0,0,0,0,0,0,0,0,0,0,0,0,0,0,0,0,0
322,2.015348788,-1.220131447,-1.746279311,-0.491291228,2,0,2,0,0,0,0,0,0,0,0,0,0,0,0,0,0,0,0,0,0,0,0,0,0,0,0,0,0,0
323,2.048866681,-1.58553508,-1.69068646,-0.097084795,1,0,0,0,0,0,0,0,0,0,0,0,0,0,0,0,0,0,0,0,0,0,0,0,0,0,0,0,0,0
324,1.701046001,-1.799977142,-1.676568279,0.452020675,2,0,0,0,0,0,0,0,0,0,0,0,0,0,0,0,0,0,0,0,0,0,0,0,0,0,0,0,0,0
325,0.325498179,-1.893826026,-1.676568279,0.452020675,3,0,0,0,0,0,0,0,0,0,0,0,0,0,0,0,0,0,0,0,0,0,0,0,0,0,0,0,0,0
326,-1.001638048,-1.024391088,-1.71594873,0.884673169,0,0,2,0,0,0,0,0,0,0,0,0,0,0,0,0,0,0,0,0,0,0,0,0,0,0,0,0,0,0
327,-0.462045681,-0.96917666,-1.752282574,1.031763196,0,0,2,0,0,0,0,0,0,0,0,0,0,0,0,0,0,0,0,0,0,0,0,0,0,0,0,0,0,0
328,-0.389723668,-0.636718237,-1.799226258,0.981743584,0,0,2,0,0,0,0,0,0,0,0,0,0,0,0,0,0,0,0,0,0,0,0,0,0,0,0,0,0,0
329,1.029967756,-1.306702435,-1.774071506,1.062972084,0,0,2,0,0,0,0,0,0,0,0,0,0,0,0,0,0,0,0,0,0,0,0,0,0,2,0,0,0,0
330,1.571761858,0.170780836,-1.799580647,0.971013377,0,0,2,0,0,0,0,0,0,0,0,0,0,0,0,0,0,0,0,0,0,0,0,0,0,0,0,0,0,0
331,-1.884563943,2.015313188,-1.767525029,0.853057594,0,0,0,0,0,0,0,0,0,0,0,0,0,0,0,0,2,0,2,1,0,0,0,0,0,18,0,0,0,0
332,1.000481787,-0.528467918,-1.767525029,0.853057594,0,0,3,0,0,0,0,0,0,0,0,0,0,0,0,0,0,0,0,0,0,0,0,0,0,4,0,0,0,0
333,-1.624179337,1.064529086,-1.768367154,0.852606224,0,0,0,0,0,0,0,0,0,0,0,0,0,0,0,0,0,0,0,0,0,0,0,0,0,2,0,3,0,0
334,-0.028030926,1.986529205,-1.756699984,0.937651938,0,0,1,0,0,0,0,0,0,0,0,0,0,0,0,0,0,0,0,0,0,0,0,0,0,0,0,0,0,0
335,-0.273166472,1.164409793,-1.81818409,1.174013211,0,0,0,0,0,0,0,0,0,0,0,0,1,2,0,0,0,0,0,1,0,0,0,0,0,2,0,0,0,0
336,1.869879003,1.293271064,-1.81818409,1.174013211,0,0,1,0,0,0,0,0,0,0,0,0,1,0,1,0,0,0,0,0,0,0,1,0,0,0,0,0,0,0
337,-0.424754882,-0.353078159,-1.756270387,0.982077619,0,0,4,0,0,0,0,0,0,0,0,0,0,0,0,0,0,0,0,0,2,0,0,0,0,0,0,0,0,0
338,-0.793072522,-0.454210129,-1.861105232,0.921956899,0,0,4,0,0,0,0,0,0,0,0,0,0,0,0,0,0,0,0,0,0,0,0,0,0,0,0,0,0,0
339,0.227190651,1.274185194,-1.861105232,0.921956899,0,0,1,0,0,0,0,0,0,0,0,0,0,2,0,0,0,0,0,0,2,0,0,0,0,0,0,0,0,0
340,0.932113261,-0.184574943,-1.913927504,0.812156326,0,0,2,0,0,0,0,0,0,0,0,0,0,0,0,0,0,0,0,0,0,0,0,0,0,3,0,0,0,0
341,-0.576229764,-0.967994303,-1.894124844,-0.223435838,1,0,2,0,0,0,0,0,0,0,0,0,1,0,0,0,0,0,0,0,0,0,0,0,0,0,0,0,0,0
342,1.716371308,-0.892384348,-1.960832004,-0.428439554,2,0,0,0,0,0,0,0,0,0,0,0,1,0,0,0,0,0,0,0,0,0,0,0,0,8,0,0,0,0
343,1.01205569,-0.307790425,-1.961003013,-0.439927209,2,0,2,0,0,0,0,0,0,0,0,0,0,2,1,0,0,0,0,0,0,0,0,0,2,2,0,0,0,0
344,1.672920614,-1.067418478,-1.915771103,-0.30827919,2,0,4,0,0,0,0,0,0,0,0,0,0,0,0,0,0,0,0,0,2,0,0,0,0,2,0,0,0,0
345,-1.073705018,0.012776124,-2.007775688,-0.478459166,1,0,2,0,0,0,0,0,0,0,0,0,0,0,0,0,0,0,0,0,4,0,0,0,0,0,0,0,0,0
346,-0.576644988,-0.167625314,-2.022148779,-0.620546644,0,0,6,0,0,0,0,0,0,0,0,0,0,0,0,0,0,0,0,0,0,0,0,0,0,2,0,0,0,0
347,-0.38197276,-0.14729173,-2.082992705,-0.862221227,1,0,4,0,0,0,0,0,0,0,0,0,0,0,0,0,0,0,0,0,0,0,0,0,0,2,0,0,0,0
348,1.492381685,0.980677998,-2.09070664,-0.068439102,0,0,1,0,0,0,0,0,0,0,0,0,0,0,0,0,0,0,0,0,0,0,0,0,0,0,0,0,0,0
349,0.147648515,0.564865003,-2.09070664,-0.068439102,0,0,1,0,0,0,0,0,0,0,0,0,0,0,0,0,0,0,0,0,0,0,0,0,0,0,0,0,0,0
350,1.366898358,-0.058068925,-2.061748912,0.527709947,0,0,1,0,0,0,0,0,0,0,0,0,0,0,0,0,0,0,0,0,0,0,0,0,0,0,0,0,0,0
351,0.896616543,-0.188294041,-2.041728574,-0.522645879,0,0,3,0,0,0,0,0,0,0,0,0,1,0,0,0,0,0,0,0,0,0,0,0,0,0,0,0,0,0
352,-1.279715794,-0.134123398,-2.054649283,-1.167732838,0,0,0,0,0,0,0,0,0,0,0,0,1,0,0,0,0,0,0,0,0,0,0,0,0,0,0,0,0,0
353,0.027029856,-0.348780779,-2.054649283,-1.167732838,0,0,1,0,0,0,0,0,0,0,0,0,0,0,0,0,0,0,0,0,0,0,0,0,0,0,0,0,0,0
354,1.713426538,-1.38259343,-1.981279125,-0.991607673,2,0,4,0,0,0,0,0,0,0,0,0,0,0,0,0,0,0,0,0,0,0,0,0,0,0,0,0,0,0
355,-0.689936433,-1.679210375,-1.858041345,0.082247145,0,0,6,0,0,0,0,0,0,0,0,0,0,0,0,0,0,0,0,0,0,0,0,0,0,0,0,0,0,0
356,0.373724663,-2.999676651,-1.858041345,0.082247145,1,0,5,0,0,0,0,0,0,0,0,0,0,0,0,0,0,0,0,0,0,0,0,0,0,0,0,0,0,0
357,0.560042535,-2.105854017,-1.790319218,0.909271741,2,0,6,0,0,0,0,0,0,0,0,0,0,0,0,0,0,0,0,0,4,0,0,0,0,0,0,0,0,0
358,1.6664902,-1.935974722,-1.790319218,0.909271741,0,0,5,0,0,0,0,0,0,0,0,0,0,0,0,0,0,2,0,0,0,0,0,0,0,0,0,0,0,0
359,0.583463168,-1.167285827,-1.780655722,1.085290984,0,0,4,0,0,0,0,0,0,0,0,0,0,2,0,0,0,0,0,0,0,0,0,0,0,0,0,0,0,0
360,0.533492802,-0.502856581,-1.796003931,0.848835993,0,0,1,0,0,0,0,0,0,0,0,0,0,1,0,0,0,0,0,0,0,0,0,0,0,0,0,0,0,0
361,-0.831993584,-0.070195384,-1.796003931,0.848835993,0,0,2,0,0,0,0,0,0,0,0,0,0,0,0,0,0,2,0,0,0,0,0,0,0,4,0,0,0,0
362,-1.934873727,-1.732577416,-1.762666079,0.940740991,0,0,0,0,0,0,0,0,0,0,0,0,0,0,0,0,0,2,0,0,0,0,0,0,0,6,0,0,0,0
363,-2.344008641,-0.927360935,0.283537507,-5.854338556,0,0,2,0,0,0,0,0,0,0,0,0,0,0,0,0,0,0,0,0,0,0,0,0,0,10,0,0,0,0
364,1.452387077,-0.932423092,-1.738628813,0.702319822,0,0,0,0,0,0,0,0,0,0,0,0,0,0,0,0,0,0,0,0,0,0,0,0,0,0,0,0,0,2
365,1.73192639,0.768647851,-1.740392109,0.724166705,0,1,0,0,0,0,0,0,0,0,0,0,0,0,0,0,0,0,0,0,0,0,0,0,0,0,0,0,0,1
366,0.841835674,0.719398451,-1.751913219,0.929509921,0,0,3,0,0,0,0,0,0,0,0,0,0,0,0,0,0,0,0,0,0,0,0,0,0,6,0,0,0,0
367,-0.663218954,-0.39990302,-1.765944291,0.810397754,0,0,4,0,0,0,0,0,0,0,0,0,0,0,0,0,0,0,0,0,0,0,0,0,0,5,1,0,0,0
368,-0.600940612,1.956697668,-1.799115491,0.846552283,0,0,4,0,0,0,0,0,0,0,0,0,0,2,0,0,2,0,2,0,0,0,0,0,0,0,0,0,0,0
369,-1.968644061,1.44237226,-1.805915178,0.736360954,0,0,0,0,0,0,0,0,0,0,0,0,0,0,0,0,0,0,0,1,0,0,0,0,0,10,2,1,0,0
370,1.604701487,2.556094974,-1.764973118,0.626883565,0,0,0,0,0,0,0,0,0,0,0,0,0,0,0,0,0,0,4,0,0,0,0,0,0,8,0,2,0,0
371,1.60134335,2.21335575,-1.764973118,0.626883565,0,0,0,0,0,0,0,0,0,0,0,0,0,0,0,0,0,0,0,0,0,0,0,0,0,8,0,0,0,0
372,-0.8387487,0.136327645,-1.799091246,0.506950035,0,0,0,0,0,0,0,0,0,0,0,0,0,0,0,0,0,0,0,1,0,0,0,0,0,0,0,0,0,0
373,0.91717895,1.211303001,-1.836803846,0.412084271,0,0,0,0,0,0,0,0,0,0,0,0,0,0,0,0,0,0,0,0,0,0,0,0,0,2,0,0,0,0
374,1.499308195,0.123178709,-2.004738355,-0.194895885,0,0,0,0,0,0,0,0,0,1,0,0,0,0,0,0,0,0,0,0,0,0,0,0,0,4,0,0,0,0
375,1.790904154,0.601098131,-2.008684059,0.319524463,0,0,1,0,0,0,0,0,0,0,0,0,0,0,0,0,0,0,0,0,0,0,0,0,0,0,0,0,0,0
376,2.025663745,-1.455150453,-1.976594271,0.690634895,1,0,0,0,0,0,0,0,2,0,0,0,1,0,0,0,0,0,0,0,0,0,0,0,0,3,0,0,0,0
377,0.255107418,-1.517356135,-1.898310577,1.413434514,0,0,0,0,0,0,0,0,0,0,0,0,0,1,1,0,0,0,0,0,0,0,0,0,0,4,0,0,0,0
378,-0.476483708,-2.171203467,-1.9148479,0.927167667,1,0,0,0,0,0,0,0,0,0,0,0,1,0,1,0,0,0,2,0,0,0,0,0,0,5,0,0,0,0
379,2.134496413,-2.692579839,3.905750281,-2.04601593,0,0,0,0,0,0,0,0,0,0,0,0,0,0,3,0,0,0,0,0,0,0,0,0,0,0,0,0,0,0
380,-2.676608193,-2.475565494,1.275942692,-0.137957124,0,0,0,0,0,0,0,0,0,0,0,0,0,0,2,0,0,0,0,0,0,0,0,0,0,0,0,0,0,0
381,-1.492409253,-1.387539731,1.279329861,-0.044948556,0,0,0,0,0,1,0,0,0,0,0,0,0,0,0,1,0,0,0,0,0,0,0,0,0,1,2,0,0,0
382,0.640172103,1.221469088,1.69104751,-0.045009221,0,0,0,0,0,0,0,0,0,0,0,0,0,0,6,0,0,0,0,0,0,0,1,0,0,0,2,0,0,0
383,-4.832977122,-1.692889905,1.60472552,-0.111723721,0,0,0,0,0,0,0,0,0,0,0,0,0,0,3,0,0,0,0,0,0,0,0,0,0,0,0,0,0,0
384,0.577688338,0.14232473,1.818843265,-0.449139547,0,0,0,0,0,0,0,0,0,0,0,0,0,0,0,0,0,0,0,0,0,0,0,0,0,0,1,0,0,0
385,1.396333774,1.808075902,3.018881638,-0.619442751,0,0,0,0,0,0,0,0,0,0,0,0,0,0,2,0,0,0,0,0,0,0,0,0,0,0,0,0,0,0
386,1.713635394,0.292981824,2.692986157,-0.320137877,0,0,0,0,0,0,0,0,0,0,0,0,1,0,0,0,0,0,2,0,0,0,0,0,0,2,0,0,0,0
387,0.672047956,1.82164726,2.440699856,-0.025803534,0,0,0,0,0,0,0,0,0,0,0,0,0,0,0,0,0,0,0,0,0,0,0,0,0,0,0,0,0,12
388,-0.973023118,1.299705202,2.82768275,-0.354555634,0,0,0,0,0,0,0,0,0,0,0,0,0,0,0,0,0,0,5,0,0,0,0,0,0,0,0,0,1,0
389,-1.880763411,-3.200199478,1.810253069,0.005803684,0,0,0,0,0,0,0,0,5,0,0,0,0,0,1,0,0,0,0,0,0,0,0,0,0,3,1,0,0,0
390,-2.424413012,-1.964672582,1.775318826,0.276580025,0,0,0,0,0,0,0,0,0,0,0,0,0,0,1,0,0,0,0,1,0,0,0,0,0,2,5,0,2,0
391,1.871887093,-0.944563375,1.360349445,-0.342094979,0,0,0,0,0,0,0,0,0,0,0,0,0,3,0,0,0,0,0,0,0,0,0,0,0,8,4,0,0,0
392,1.844792365,-0.191712951,1.405099974,-0.205079464,0,0,0,0,0,0,0,0,0,0,0,0,1,0,2,0,0,0,0,0,0,0,0,0,0,16,2,0,0,0
393,1.87278506,-0.624613551,1.453367678,-0.203547251,0,0,0,0,0,0,0,0,0,0,0,0,1,0,1,0,0,0,0,0,0,0,0,0,0,2,0,0,0,0
394,1.757323904,0.846719206,3.726732152,-2.785112108,0,0,0,0,0,0,0,0,0,0,0,0,0,0,0,0,0,0,0,0,0,0,0,0,0,2,0,0,0,0
395,-4.078694454,-2.393294817,10.05712031,-0.585633092,0,0,2,0,0,0,0,0,0,0,0,0,0,0,0,0,0,0,0,0,0,0,0,0,0,0,0,0,1,0
396,-0.874201828,-2.103917879,10.24169867,-0.367790797,0,0,0,0,0,0,0,0,0,0,0,0,0,0,0,0,0,0,0,0,0,0,0,0,0,0,0,0,0,2
397,-2.109401825,-1.279333881,11.17948229,2.050946342,0,0,0,0,0,0,0,0,1,0,17,0,0,0,0,0,0,0,0,0,0,0,0,0,0,0,0,0,0,0
398,-4.32243503,-0.686283388,13.11892002,-1.430694847,0,0,0,0,0,0,0,0,0,0,30,0,0,0,0,0,0,0,0,0,0,0,0,0,0,0,0,0,0,0
399,1.717677788,0.072851203,13.17017114,-0.37344795,0,0,0,0,0,0,0,0,3,0,2,0,0,0,0,0,0,0,0,0,0,0,0,0,0,0,0,0,0,0
400,-3.680868789,-1.266865371,13.20558885,-3.327549285,0,0,0,0,0,0,0,0,5,0,3,0,0,0,0,0,0,0,0,0,0,0,0,0,0,0,0,0,0,0
401,-3.701780884,-0.880115133,11.90273421,1.055713857,0,0,0,0,0,0,0,0,3,0,6,0,0,0,0,0,0,0,0,0,0,0,0,0,0,0,0,0,0,0
402,-2.290681276,-2.169237108,11.40420896,-3.013544371,0,0,0,0,0,0,0,0,0,0,0,0,0,0,0,0,0,0,0,0,0,0,0,0,0,1,0,1,0,0
403,1.404461768,0.642545628,9.633099725,3.455443991,0,0,0,0,0,0,0,0,3,0,0,0,0,0,0,0,0,0,0,0,0,0,0,0,0,1,0,0,0,0
404,1.566855216,-1.263364469,10.47660305,1.273211171,0,0,0,0,0,0,0,0,2,0,0,0,0,0,0,0,0,0,0,0,0,0,0,0,0,0,0,0,0,0
405,2.29036496,-3.679182067,11.85357073,0.844490385,0,0,0,0,0,0,0,0,0,0,0,0,0,0,0,0,0,0,0,0,0,0,0,2,0,0,0,0,0,0
406,1.532748223,2.128283607,9.533596632,3.253072275,0,0,2,0,0,0,0,0,0,0,0,0,0,0,0,0,0,0,0,0,0,0,0,0,0,0,0,0,0,0
407,1.328731662,0.249653403,11.39427353,1.24462797,0,0,0,0,0,0,0,0,0,0,0,0,0,2,0,0,0,0,0,0,4,0,0,0,0,1,0,0,0,0
408,1.531395946,0.623913416,11.56256424,1.718423607,0,0,5,0,0,0,0,0,0,0,0,0,0,2,0,0,0,0,0,0,0,0,0,1,0,0,0,0,0,0
409,2.36573903,-1.801523697,11.81256978,0.412649989,0,0,0,0,0,0,1,0,0,0,0,0,0,0,0,0,0,0,0,0,0,0,0,0,0,4,0,0,0,0
410,1.392827761,1.169636531,11.15775177,1.584589329,0,0,0,0,0,0,0,0,0,0,0,0,0,0,0,0,0,0,2,0,0,0,0,0,0,0,0,0,0,0
411,-1.01175297,0.796524596,11.79136676,1.254843618,0,0,0,0,0,0,0,0,0,0,0,0,0,0,0,0,0,0,0,0,0,0,0,0,0,11,0,0,0,0
412,1.952585862,-1.37741615,12.45976857,3.344701254,0,0,1,0,0,0,0,0,0,0,0,0,0,0,0,0,0,0,0,0,0,0,0,0,0,0,0,0,0,0
413,2.099573977,-2.332988229,12.15446141,3.195731924,0,0,1,0,0,0,0,0,0,0,0,0,0,0,0,0,0,0,5,0,0,0,0,0,0,0,0,0,0,0
414,-1.031418984,-1.662626493,12.20897836,0.449441296,0,0,0,0,0,0,0,0,0,0,0,0,0,1,1,0,0,0,0,0,1,0,0,0,0,0,0,0,0,0
415,1.718017094,-1.125194491,11.07404128,3.370518732,0,0,0,0,0,0,0,0,0,0,0,0,0,0,0,0,0,0,0,0,0,0,0,0,0,1,0,0,0,0
416,1.776332244,-0.311132884,10.81929882,4.601974699,0,0,1,0,0,0,0,0,0,0,0,0,0,0,0,0,0,0,0,0,0,0,0,0,0,0,0,0,0,0
417,1.829237838,-0.208513199,12.24123603,4.576890644,0,0,1,0,0,0,1,0,0,0,0,0,0,0,0,0,0,0,0,0,1,0,0,0,0,5,0,0,0,0
418,-4.197759132,-2.110281794,11.90815196,2.225329045,0,0,0,0,0,0,0,0,0,0,0,0,0,2,0,0,0,0,0,0,0,0,0,0,0,0,0,0,0,0
419,0.345653752,-2.675116783,11.58544378,1.45757068,0,0,0,0,0,0,0,0,0,0,0,0,0,0,0,0,0,0,0,0,5,0,0,0,0,0,0,0,0,0
420,0.449894934,-3.253326859,6.486023053,5.460057427,0,0,0,0,0,0,0,0,0,0,0,0,0,5,0,0,0,0,0,0,0,0,0,0,0,0,0,0,1,0
421,1.663132076,0.651580987,5.84599878,5.292134317,0,0,0,0,0,0,0,0,0,0,0,0,0,0,0,0,0,0,0,0,0,1,0,0,0,1,0,0,0,0
422,2.105974101,-2.73246897,5.79041755,5.207361027,0,0,0,0,0,0,0,0,0,0,0,0,0,0,0,0,0,0,6,0,0,0,0,0,0,0,0,0,0,0
423,2.24837679,-3.151947351,5.655752455,5.630854586,0,0,0,0,0,0,0,0,0,0,0,0,0,0,0,0,0,0,0,0,0,1,0,3,0,0,1,0,1,0
424,-0.25769343,-1.416918788,5.492980877,6.520981332,0,0,0,0,0,0,0,0,0,0,0,0,0,0,0,0,0,0,0,0,0,0,0,0,0,0,0,0,1,0
425,1.924662462,-1.173137824,5.936048483,6.021568688,0,0,0,0,0,0,0,0,0,0,0,0,0,0,0,0,0,0,0,0,0,2,0,2,0,0,0,0,0,0
426,1.889029192,-0.88521703,5.580826624,4.416255018,0,0,0,0,0,0,0,0,0,0,0,0,0,0,0,0,0,0,0,0,0,0,0,4,0,0,1,0,0,0
427,1.900549505,-1.146418734,5.825204541,5.931362352,0,0,0,0,0,0,0,0,0,0,0,0,0,0,0,0,0,0,0,0,0,4,0,0,0,0,0,0,0,0
428,1.862128995,-1.239469895,5.840442993,5.822336271,0,0,0,0,0,0,0,0,0,0,0,0,0,0,0,0,0,0,0,0,0,2,0,0,0,0,0,0,1,0
429,1.912378478,-1.185694663,5.8723026,6.055009471,0,0,0,0,0,0,0,0,0,0,0,0,0,0,0,0,0,0,0,0,0,5,0,0,0,0,0,0,0,0
430,1.850300022,-1.200193966,5.677454226,6.678216147,0,0,0,0,0,0,0,0,0,0,0,0,0,0,0,0,0,0,0,0,0,0,0,5,0,0,0,0,0,0
431,1.881612023,-1.141760575,6.115872259,4.430131389,0,0,0,0,0,0,0,0,0,0,0,0,0,0,0,0,0,0,8,0,0,0,0,0,0,1,1,0,0,0
432,1.892274965,-1.877305563,7.893374442,-4.470915395,0,0,0,0,0,0,0,0,0,0,0,0,0,0,0,0,0,0,12,0,0,0,0,0,0,5,0,0,0,0
433,1.9143002,-0.496722956,8.376222041,-3.43667327,0,0,0,0,0,0,0,0,0,0,0,0,0,0,0,0,0,0,1,0,0,0,0,0,0,2,0,0,0,0
434,-2.209072005,-1.932179272,1.853436683,-5.75712193,0,0,1,0,0,0,0,2,0,0,0,0,0,4,0,1,0,0,2,0,0,0,0,0,0,1,0,0,0,0
435,-0.588382893,-0.450773019,2.660278359,-3.676503687,0,0,0,0,0,0,0,1,0,0,0,0,0,0,0,0,0,0,0,0,0,0,0,0,0,0,0,0,0,0
436,2.115886529,-2.326599562,5.023801047,-2.432320744,0,0,0,0,0,0,0,1,0,0,0,2,0,1,0,0,0,0,0,0,2,0,0,0,0,0,0,0,0,0
437,2.035951262,-0.556589314,4.952532226,-2.361543138,0,0,0,0,0,0,0,0,0,0,0,0,0,0,0,0,0,0,1,0,1,0,0,0,0,0,0,0,0,0
438,-1.311876034,-1.075382254,5.269617392,0.155926948,0,0,0,0,0,0,0,0,0,0,0,0,0,0,0,0,0,0,0,0,2,0,0,0,0,0,0,0,0,0
439,0.227103728,-1.163789417,1.312737189,-3.696199073,0,0,5,0,0,0,0,5,0,0,0,0,0,0,0,0,0,0,0,0,0,0,0,0,0,0,0,0,0,0
440,0.369105013,-1.034758215,1.075856708,-1.154184539,0,0,4,0,0,0,0,4,0,0,0,0,0,0,0,0,0,0,0,0,3,0,0,0,0,0,0,0,0,0
441,0.30551477,-2.32135031,2.318945853,-0.563570601,0,0,0,0,0,0,0,0,0,0,0,0,0,0,0,0,0,0,4,2,0,0,0,0,0,1,0,0,1,0
442,-1.883939449,-1.559303285,2.279125293,-0.340327516,0,0,0,0,0,0,0,0,0,0,0,0,0,0,0,0,0,0,0,0,0,0,0,0,0,0,0,1,0,0
443,-3.138001586,-1.98898257,2.751565509,-7.568357556,0,0,3,0,0,0,0,1,0,0,0,0,1,5,0,0,0,5,0,0,0,0,0,0,0,2,0,0,1,0
444,-0.643920968,-2.257967531,2.608533527,-6.156251778,0,0,0,0,0,0,0,1,0,0,0,0,0,0,0,0,0,0,0,0,0,0,0,0,0,0,0,0,0,0
445,-2.641294487,-3.426723777,2.227177992,-4.540725372,0,0,0,0,0,0,0,2,0,0,0,0,0,0,0,0,0,0,0,0,0,0,0,0,2,0,0,0,1,0
446,2.447737745,-3.695205466,2.795032486,-0.573410266,0,0,0,0,0,0,0,4,0,0,0,0,0,0,0,0,0,0,0,0,0,0,0,0,1,0,0,0,0,0
447,0.531029749,-3.818844403,2.983839193,-2.867502202,0,0,0,0,0,0,0,2,0,0,0,0,0,0,0,0,0,0,0,0,0,0,0,0,0,0,0,0,0,0
448,-0.397710211,-1.402318589,0.27703132,-2.551007328,0,0,0,0,0,0,0,2,0,0,0,0,0,0,0,0,0,0,0,0,1,0,0,0,0,2,0,0,0,0
449,1.665188789,-0.682980358,6.423099928,4.237585104,0,0,0,0,0,0,0,0,0,0,0,0,0,0,0,0,0,0,0,0,5,0,0,0,0,0,0,0,0,0
450,1.833412757,-0.384774377,6.673746124,0.734029992,0,0,2,0,0,0,0,6,0,0,0,0,0,0,0,0,0,0,0,0,12,0,0,0,0,0,0,0,0,0
451,1.877727003,-0.452624261,5.490176001,2.126090594,0,0,2,0,0,0,0,0,0,0,0,0,0,0,0,0,0,0,0,0,4,0,0,0,0,0,0,0,0,0
452,1.528279937,-1.485886264,5.553004903,2.911176955,0,0,1,0,0,0,0,0,0,0,0,0,0,0,0,0,0,0,0,0,1,0,0,0,0,0,0,0,0,0
453,1.814514796,0.963942135,5.596168494,2.819051667,0,0,0,0,0,0,0,1,0,0,0,0,0,0,0,0,0,0,0,0,0,0,0,0,0,0,0,0,0,0
454,1.795528354,-1.149014145,4.956435971,3.039455491,0,0,0,0,0,0,0,0,18,8,0,0,0,0,0,0,0,0,0,0,1,0,0,0,0,0,1,0,0,0
455,-1.5082512,0.163295249,1.313566161,0.126581941,0,0,0,0,0,0,0,0,0,5,0,0,0,0,0,0,0,0,0,0,0,0,0,0,0,6,1,1,0,0
456,-2.583302531,0.121827912,0.441301943,-0.057077489,0,0,0,0,0,0,0,0,0,0,0,0,0,0,1,0,0,0,0,0,0,0,0,0,0,0,0,0,0,0
457,-1.273253508,-0.828959485,6.580999827,-6.098484028,0,0,0,0,0,0,0,0,0,3,0,0,0,0,1,0,0,0,0,0,0,0,0,0,0,0,0,0,0,0
458,-0.248617146,-0.713543243,5.476404458,-2.675292246,0,0,0,0,0,0,0,0,0,4,0,0,0,0,0,0,0,0,0,0,0,0,0,0,0,0,2,0,0,0
459,-0.982095919,-0.989828502,4.4837638,0.476735537,0,1,0,0,0,0,0,0,8,5,6,0,0,0,0,0,0,0,0,0,0,0,0,0,0,0,0,0,0,0
460,2.108466557,-1.730081957,5.135471136,-0.992559499,0,2,0,0,0,0,0,0,0,0,0,0,0,0,0,0,0,0,0,0,0,0,0,0,0,0,0,0,0,0
461,-0.239204788,-2.116089362,5.249314572,-0.090573452,0,2,0,0,0,0,0,0,0,0,0,0,0,0,1,0,0,0,0,0,0,0,0,0,0,0,0,0,0,0
462,1.895090029,-1.074948001,5.650779792,-1.896532215,0,0,0,0,0,0,0,0,0,0,0,0,0,0,2,0,0,0,0,0,0,0,0,0,0,5,2,0,0,0
463,-0.799764516,-1.206516993,4.164268045,-1.585115415,0,0,0,0,0,0,0,0,5,0,0,0,0,0,1,0,0,0,0,0,0,0,0,0,0,0,0,1,0,0
464,-3.08103956,-0.218113784,2.471978436,0.584807803,0,0,0,0,0,0,0,0,0,0,0,0,0,0,1,0,0,0,0,0,0,0,0,0,0,0,0,0,0,0
465,-2.372161831,0.223640272,4.214838308,-7.159071888,0,0,0,0,0,0,0,0,0,5,0,0,0,0,0,0,0,0,0,0,0,0,0,0,0,0,0,0,0,0
466,1.725279412,0.574418551,4.580497339,2.00760732,0,0,0,0,0,0,0,0,0,6,0,0,0,0,0,0,0,0,0,0,0,0,0,0,0,0,0,0,0,0
467,2.35558454,-3.221951852,4.165364674,6.873685822,0,0,0,0,0,0,0,0,0,0,0,0,0,0,0,0,0,0,0,0,0,0,0,0,0,4,0,0,0,0
468,2.129673027,-0.974462283,4.185623733,6.44738228,0,0,2,0,0,0,0,0,0,0,0,0,0,0,0,0,0,0,0,0,0,0,0,0,0,1,0,0,0,0
469,1.712650965,-0.362505563,3.564419389,3.251881719,0,0,0,0,0,0,0,0,0,0,0,0,0,0,0,0,0,0,0,0,1,0,0,0,0,0,0,0,0,0
470,-3.694358845,-0.937169246,4.406270687,1.017619622,0,0,0,0,0,0,0,0,0,2,0,0,0,0,0,0,0,0,1,0,0,0,0,0,0,0,0,0,0,0
471,2.342112431,-2.726479489,4.788318747,4.514267229,0,0,3,0,0,0,0,0,0,0,0,0,0,5,0,0,0,0,0,1,2,0,0,0,0,5,0,0,0,0
472,1.289638483,-0.804067392,2.883107406,-4.505356972,0,0,2,0,0,0,0,0,0,0,0,0,0,2,0,0,0,0,0,0,0,0,0,0,0,1,0,0,0,0
473,2.068150805,-0.745157878,4.897996117,3.6516489,0,0,0,0,0,0,0,0,0,0,0,0,0,3,0,0,0,0,0,0,0,0,0,0,0,20,0,0,0,0
474,1.665491777,1.892739235,5.601466007,3.885487961,0,0,3,0,0,0,0,0,0,0,0,0,0,6,0,0,0,0,4,1,0,0,0,0,0,1,0,0,0,0
475,1.746521852,0.969080797,-1.243924656,-5.149119471,0,0,0,0,0,0,0,0,0,0,0,0,0,0,0,0,0,0,0,0,0,0,0,0,0,4,0,0,0,0
476,1.416505228,0.757878779,-1.887974817,-0.871204015,0,0,0,0,0,0,0,0,0,0,0,0,0,0,0,0,0,0,0,0,0,0,0,0,0,1,0,0,0,0
477,1.679651214,1.752414934,-2.01305218,2.120582398,0,0,0,0,0,0,0,0,0,0,0,0,0,0,0,0,0,0,0,0,0,0,0,0,0,1,0,0,0,0
478,-2.710891479,1.946169034,-2.182149034,1.374612507,0,0,0,0,0,0,0,0,1,0,0,0,0,0,0,0,0,0,0,0,0,0,0,0,0,0,0,0,0,0
479,-0.677849813,0.838956974,-2.257245351,-0.998239176,0,0,0,0,0,0,0,0,0,0,0,0,0,0,0,0,0,0,0,0,0,0,0,0,0,4,0,0,0,0
480,0.221166782,0.669760414,-2.672408024,-2.084178559,0,0,0,0,0,0,0,0,0,0,0,0,0,0,0,0,0,0,0,0,0,0,0,0,0,0,0,0,1,0
481,-0.713989094,0.968129165,-2.622886046,-1.843151516,0,0,0,0,0,0,0,0,0,2,0,0,0,0,0,0,0,0,0,0,0,0,0,0,0,1,0,0,0,0
482,1.686141556,2.114885506,-2.570565634,-2.843967146,0,0,0,0,0,0,0,0,0,1,0,0,0,0,0,0,0,0,0,0,0,0,0,1,0,0,0,0,0,0
483,-2.718048763,0.373877826,-2.1515295,1.771889379,0,0,0,0,0,0,0,0,0,1,0,0,0,0,1,0,0,0,0,0,0,0,0,0,1,0,0,0,1,0
484,-0.314615925,2.181550459,-0.382818048,1.220924163,0,0,0,0,0,0,0,0,2,0,0,0,0,0,2,0,0,0,0,1,0,0,0,0,0,12,0,0,0,0
485,-2.43888624,0.470248134,0.183936786,0.108838125,0,0,0,0,0,0,0,0,0,0,0,0,0,0,0,0,0,0,0,0,0,0,0,0,0,5,0,3,0,0
486,1.737916568,-0.492528877,-0.793193387,0.819694609,1,0,0,0,0,0,0,0,0,0,0,0,0,0,1,0,0,0,0,0,0,0,0,0,0,14,0,0,0,0
487,0.282296411,1.015183386,-1.018344425,-1.11159885,0,0,0,0,0,0,0,0,0,0,0,0,0,0,0,0,0,0,0,0,0,0,0,0,0,5,0,0,0,0
488,1.593093094,2.119668711,-0.969624279,-3.016786081,0,0,0,0,0,0,0,0,0,0,0,0,0,0,0,0,0,0,0,0,0,0,0,0,0,5,0,0,0,0
489,-1.351637487,1.277215889,-0.622311743,-4.466933869,0,0,0,0,0,0,0,0,0,0,0,0,0,0,0,0,0,0,0,0,0,0,0,0,0,0,1,0,0,0
490,0.29466851,0.662913669,-1.872799847,1.994682207,0,0,0,0,0,0,0,0,0,0,1,0,0,0,2,0,0,0,0,0,0,0,0,0,0,0,1,0,0,0
491,-1.29188378,-0.181632625,-1.42154244,1.966872334,0,0,0,0,0,0,0,0,0,0,0,0,1,0,0,0,0,0,0,1,0,0,0,0,0,3,0,0,0,0
492,-0.908126503,-0.456013465,-1.875584811,1.960390069,0,2,1,0,0,0,0,0,0,0,0,0,1,1,0,0,0,0,0,3,0,0,0,0,0,2,0,1,0,0
493,-2.153510507,-0.157337347,0.263158949,-4.036166931,0,0,0,0,0,0,0,0,0,0,0,0,1,0,1,0,0,0,0,0,0,0,0,0,0,0,1,3,0,0
494,0.094360257,0.068857957,1.232420788,-4.274960894,0,0,0,0,0,0,0,0,0,0,0,0,0,0,10,0,0,0,0,0,0,0,0,0,0,1,0,0,0,0
495,-2.519145761,0.195589366,1.565802546,-4.968010289,1,0,0,0,0,0,0,0,0,2,0,0,0,0,1,0,0,0,0,0,0,0,0,0,0,0,0,3,0,0
496,-3.438360938,-1.117921187,1.700155943,-7.69225009,0,0,0,0,0,0,0,0,0,2,0,0,0,0,0,0,0,0,0,0,0,0,0,0,0,2,1,0,0,0
497,1.580008385,1.335946353,1.290917729,-2.647121594,0,0,0,0,0,0,0,0,0,0,0,0,0,0,1,0,0,0,0,0,0,0,0,0,0,0,0,0,0,0
498,-2.373442963,-0.741447023,1.946071134,-4.978063931,0,0,0,0,0,0,0,0,0,0,0,0,0,0,0,0,0,0,0,0,0,0,0,0,0,0,0,0,0,3
499,1.611432278,-0.823716105,-2.174447863,-0.659660564,0,0,0,0,0,0,0,0,0,0,0,0,0,0,0,2,0,0,0,0,0,0,0,0,0,2,0,0,0,0
500,0.276439821,-0.939110606,-1.732154557,0.148665678,0,1,0,0,0,0,0,0,0,0,0,0,0,0,3,0,0,0,0,0,0,0,0,0,0,5,2,0,0,3
501,1.624955552,-0.731636176,-2.039372076,-1.450124264,0,0,0,0,0,0,0,0,0,0,0,0,0,0,0,0,0,0,0,0,0,0,0,0,0,0,2,0,0,0
502,-1.601236603,-1.08129244,-2.524725126,-0.365777301,0,0,0,0,0,0,0,0,0,0,0,0,0,0,0,0,0,0,0,0,0,0,0,0,0,2,0,0,1,0
503,-2.670346671,-0.427576577,1.35218687,-2.1377062,0,0,0,0,0,0,0,0,2,0,0,0,0,0,0,0,0,0,0,0,0,0,0,0,0,0,0,0,0,0
504,1.446981953,-0.862329374,0.805417195,-0.508773323,0,0,0,0,0,0,0,0,0,0,0,0,0,0,1,0,0,0,0,1,0,0,0,0,0,0,0,0,0,0
505,1.940368476,-2.182605962,-2.350454708,1.013749289,0,0,0,0,0,0,0,0,0,2,0,0,0,0,0,0,0,0,0,0,0,0,0,0,0,0,2,0,1,0
506,1.883335632,-1.54724915,-2.028296555,1.501881873,0,1,0,0,0,0,0,0,0,0,0,0,0,0,2,0,0,0,0,0,0,0,0,0,0,0,0,0,1,0
507,-3.503023044,-0.198393347,-0.184519739,-4.529778502,0,0,0,0,0,0,0,0,0,0,0,0,0,0,0,0,0,0,0,0,0,0,0,0,0,8,2,0,1,0
508,1.801823275,-0.605242263,-0.643876186,-1.769596668,0,0,0,0,0,0,0,0,0,0,0,0,0,0,1,0,1,0,6,4,0,0,0,0,0,2,0,0,0,0
509,1.581449064,-0.799276858,-0.904803722,-1.351301856,2,0,0,0,0,0,0,0,0,0,0,0,0,0,0,0,0,0,0,0,0,0,0,0,0,0,0,0,0,0
510,1.678793837,-1.644102753,-1.143327719,-3.362555418,1,0,0,0,0,0,0,0,0,0,0,0,0,0,0,0,0,0,0,0,0,0,0,0,0,0,0,0,0,0
511,1.79148765,-0.719024012,-1.247113419,-2.149934358,0,0,0,0,0,0,0,0,1,0,0,0,0,0,0,0,0,0,0,0,0,0,0,0,0,0,0,0,0,0
512,0.935184725,-0.79428311,-1.251104494,-0.698606343,0,0,0,0,0,0,0,0,0,0,0,0,0,1,0,0,0,0,0,0,0,0,0,0,0,0,0,0,0,0
513,0.938280269,0.123863188,-0.463590645,-1.857326902,0,0,0,0,0,0,0,0,0,0,0,0,0,4,3,0,0,0,0,0,0,0,0,0,1,0,0,1,0,0
514,1.285713886,-0.617308109,-0.828891576,-1.817822509,0,0,0,0,0,0,0,0,0,1,0,0,0,0,1,0,0,0,0,0,0,0,0,0,0,0,0,0,0,0
515,0.402574328,0.603823099,-0.722709567,-0.816761135,0,0,0,0,0,0,0,0,0,0,0,0,0,0,0,0,0,1,0,0,0,0,0,0,0,0,0,0,0,0
516,-1.573296324,-0.666956865,-0.921735293,-0.450080601,0,0,0,0,0,0,0,0,0,0,0,0,0,0,0,0,0,1,0,0,0,0,0,0,0,0,0,0,0,0
517,-1.892933176,-0.234945848,-0.982301854,-0.869744884,0,0,0,0,0,0,0,0,0,0,0,0,0,0,0,0,0,0,0,0,0,0,0,0,0,0,0,1,0,0
518,-1.107100726,1.919565492,-0.953287623,-0.849459811,0,0,0,0,0,0,0,0,0,0,0,0,3,0,0,0,0,0,0,0,0,0,0,0,0,0,0,0,0,0
519,1.685202822,-1.35557387,-0.912736514,-0.166203309,0,0,0,0,0,0,0,0,0,0,0,0,0,0,0,0,0,0,0,0,0,0,0,0,1,0,0,0,0,0
520,-2.551895534,-0.06348925,1.853436683,-5.75712193,0,0,1,0,0,0,0,0,0,0,0,0,0,0,1,0,0,0,0,0,0,0,0,0,0,5,0,0,0,0
521,1.375509203,0.458698249,1.518293309,-4.637301754,0,0,0,0,0,0,0,0,0,0,0,0,0,0,0,0,0,0,0,0,0,0,0,0,0,1,0,0,0,0
522,-4.741553714,0.404317796,2.816093183,-8.280098618,0,0,0,0,0,0,0,0,0,0,0,0,0,0,0,0,0,0,0,0,0,0,0,0,0,0,0,2,0,0
523,2.205447804,-1.233303699,2.900825499,-4.285684203,1,0,0,0,0,0,0,0,0,0,0,0,0,0,0,0,0,0,0,0,0,0,0,0,0,0,0,0,0,0
524,0.44385635,-2.307575214,2.780828477,-2.387258559,1,0,0,0,0,0,0,0,0,0,0,0,0,0,0,0,0,0,0,0,0,0,0,0,0,0,0,0,0,0
525,-0.630991716,-0.181214669,-0.671222412,-2.512224519,1,0,0,0,0,0,0,0,0,0,0,0,0,0,0,0,0,0,0,0,0,0,0,0,0,0,0,0,0,0
526,-2.079491685,-1.287689562,0.098061704,-2.415458736,0,0,1,0,0,0,0,0,0,0,0,0,0,2,0,0,0,0,0,0,0,0,0,0,0,0,0,0,0,0
527,-1.781228269,-1.481181328,0.122591167,-3.743016648,1,0,0,0,0,0,0,0,0,0,0,0,0,0,0,0,0,0,0,0,0,0,0,0,0,0,0,0,0,0
528,1.759966858,-0.51960928,5.449680739,-1.56607971,0,0,0,0,0,0,0,0,0,0,0,0,0,0,1,0,0,0,0,0,0,0,0,0,0,5,0,0,0,0
529,-2.067239294,-0.744579635,3.095174012,-4.809318698,0,0,0,0,0,0,0,0,0,0,0,0,0,0,0,0,0,0,0,0,0,0,0,0,0,0,0,1,0,0
530,-4.164914641,-1.303889126,3.141862517,-5.114527904,0,0,0,0,0,0,0,0,0,0,0,0,0,0,0,0,0,0,0,0,0,0,0,0,0,0,4,0,0,0
531,0.393520304,-1.802213029,4.865816247,-9.792046214,0,0,0,0,0,0,0,0,0,1,0,0,0,0,1,0,0,0,0,0,0,0,0,0,0,0,0,0,0,0
532,-4.551813102,-0.031765238,4.296391131,-8.632857107,0,0,1,0,0,0,0,0,0,0,0,0,0,0,2,0,0,0,0,0,0,0,0,0,0,0,0,0,0,0
533,-3.754684163,-2.009152578,3.289586596,-7.68790654,0,0,0,0,0,0,0,0,0,0,0,0,0,0,1,0,0,0,0,0,0,0,0,0,0,0,0,0,0,0
534,-3.228856354,-1.919318563,2.58988628,-4.727408083,0,0,0,0,0,0,0,0,0,0,0,0,0,0,0,0,0,0,0,0,0,0,0,0,0,0,0,3,0,0
535,-5.595531435,-2.516456058,4.407828925,-3.820494057,0,0,0,0,0,0,0,0,0,0,0,0,0,0,0,0,0,0,0,0,0,0,0,0,0,0,0,2,0,0
536,0.456560506,-1.812990208,4.708386227,-4.482791006,0,0,0,0,0,0,0,0,20,0,0,0,0,0,0,0,0,0,0,0,0,0,0,0,0,0,0,0,0,0
537,1.51814008,-1.986937215,10.23387161,-1.69977773,0,0,0,0,0,0,0,0,0,0,0,0,0,0,0,0,0,0,2,0,0,0,0,0,0,2,0,0,0,0
538,-0.469810324,-1.222655987,1.159240117,-2.965101753,0,0,0,0,0,0,0,0,0,0,0,0,0,2,0,0,0,0,0,0,0,0,0,0,0,0,0,0,0,0
539,1.810924364,-1.034846717,0.648924286,-2.362806072,0,0,0,0,0,0,0,0,0,0,0,0,0,0,0,0,0,0,0,0,0,0,0,0,0,9,0,0,0,0
540,0.880608864,-0.97860023,-1.794042089,1.778305983,0,1,0,0,0,0,0,0,0,0,0,0,0,0,0,0,0,0,0,0,0,0,0,0,0,6,0,0,0,0
541,1.774630376,-0.619309115,-1.895818692,0.785656107,0,0,0,0,0,0,0,0,0,0,0,0,0,0,0,0,0,0,0,0,0,0,0,0,0,3,0,0,0,0
542,1.880857052,-1.706295331,0.069201995,-0.966230603,2,0,0,0,0,0,0,0,0,0,0,0,0,0,0,0,0,0,0,0,0,0,0,0,0,0,0,0,0,0
543,0.963951143,-3.122486647,0.093787197,-2.808932543,2,0,0,0,0,0,0,0,0,0,0,0,0,0,0,0,0,0,0,0,0,0,0,0,0,0,0,0,0,0
544,-0.808902524,-1.685676051,1.98053228,-0.335994933,1,0,0,0,0,0,0,0,0,0,0,0,0,0,0,0,0,0,5,0,0,0,0,0,0,10,0,0,0,0
545,-2.788159842,-1.660593996,1.658322048,-0.168357396,0,0,2,0,0,0,0,0,0,0,0,0,1,2,0,0,0,0,0,0,0,0,0,0,0,0,0,0,0,0
546,-0.775717307,-1.125034278,1.361430104,-2.65363255,0,0,0,0,0,0,0,0,0,0,0,0,0,5,0,1,0,0,0,0,0,0,0,0,0,0,0,0,0,0
547,-0.811329545,-1.804645993,1.437749311,-1.064206563,0,0,1,0,0,0,0,0,0,0,0,1,0,0,0,0,0,0,0,0,0,0,0,0,0,0,0,0,0,0
548,-1.116692608,0.09254649,2.536718342,-4.464209371,0,0,2,0,0,0,0,0,0,0,0,0,0,1,0,0,0,0,0,0,0,0,0,0,0,0,0,0,0,0
549,-2.264828652,-2.021820306,2.723179204,-5.724941574,0,0,1,0,0,0,0,0,0,0,0,0,0,0,0,0,0,0,0,0,0,0,0,0,0,0,0,0,0,0
550,-1.084293095,-1.102724447,3.170901385,-2.191551075,0,0,3,0,0,0,0,0,0,0,0,0,0,3,0,0,0,0,0,0,0,0,0,0,0,0,0,0,0,0
551,0.291160643,-1.475506028,3.16151991,-2.47196643,0,0,1,0,0,0,0,0,0,0,0,0,0,0,0,0,0,0,0,0,0,0,0,0,0,0,0,0,0,0
552,1.204888744,-0.211500719,3.238850904,-3.370071831,0,0,1,0,0,0,0,0,0,0,0,0,0,1,0,1,0,0,0,0,0,0,0,0,0,0,0,0,0,0
553,0.380547979,-0.159803794,2.750360311,-2.202944446,0,0,1,0,0,0,0,0,0,0,0,0,0,0,0,1,0,0,0,0,0,0,0,0,0,0,0,0,0,0
554,0.400820723,-2.18457751,1.369113172,-2.682982317,0,0,0,0,0,0,0,0,0,0,0,0,0,0,0,1,0,10,6,0,0,0,0,0,0,20,0,0,0,0
555,-0.756637204,-2.159677891,1.303338976,-2.313062647,0,0,1,0,0,0,0,0,0,0,0,0,0,0,0,0,0,0,0,0,0,0,0,0,0,0,0,0,0,0
556,1.672962425,-1.211643359,2.619213004,-2.731547789,0,0,2,0,0,0,0,0,0,0,0,0,0,0,0,0,0,0,2,0,0,0,0,0,0,0,0,0,0,0
557,0.072155772,0.012311284,2.56552264,-2.843043042,0,0,2,0,0,0,0,0,0,0,0,0,0,0,0,0,0,0,0,0,0,0,0,0,0,0,0,0,0,0
558,-1.17453478,-1.408042112,2.564367199,-4.833121752,0,0,1,0,0,0,0,0,0,0,0,0,0,0,0,0,0,0,0,0,0,0,0,0,0,0,0,0,0,0
559,-0.329950297,-0.589644372,1.334852305,-2.496819148,0,0,3,0,0,0,0,0,0,0,0,0,0,0,0,0,0,0,0,0,0,0,0,0,0,0,0,0,0,0
560,0.812227835,0.329403178,1.766748591,-0.358181805,0,0,0,0,0,0,0,0,0,0,0,0,0,0,0,0,0,0,0,0,0,0,0,0,0,4,1,0,1,0
