Index,OBS_UNIT,Year,DATA_STRUCT,LAT_WGS84,LON_WGS84,VOL,CWD,AGE,PROP_CONIF,SOL_RAD,EFFORT,TRAP_SIZE,NUM_TRAPS,OLD_1KM,YOUNG_1KM,TEMP_MEAN,PRECIP_TOT,Anthaxia_quadripunctata,Platycerus_caprea,Trichius_fasciatus,Plegaderus_vulneratus,Scaphisoma_subalpinum,Scaphisoma_agaricinum,Quedius_plagiatus,Placusa_tachyporoides,Placusa_depressa,Placusa_incompleta,Dadobia_immersa,Dinaraea_aequata,Anomognathus_cuspidatus,Phloeopora_corticalis,Phloeopora_testacea,Oxyporus_maxillosus,Bolitochara_mulsanti,Gyrophaena_boleti,Ischnoglossa_elegantula,Pteryx_suturalis,Gyrophaena_fasciata,Bolitochara_pulchella,Baeocrara_variolosa,Stenichnus_bicolor,Microscydmus_minimus,Microscydmus_nanus,Holobus_apicatus,Sepedophilus_testaceus,Scaphidium_quadrimaculatum,Euryusa_castanoptera,Staphylinus_affinis,Lordithon_speciosus,Quedius_meng,Quedius_xanthopus,Atrecus_pilicornis,Xylostiba_monilicornis,Bibloporus_bicolor,Bibloporus_minutus,Actium_californicum,Euplectus_mutator,Euplectus_piceus,Euplectus_karsteni,Euplectus_punctatus,Tyrus_mucronatus,Acrulia_inflata,Dropephylla_linearis,Phloeonomus_pusillus,Phloeostiba_lapponica,Anisotoma_axillaris,Anisotoma_humeralis,Anisotoma_glabra,Anisotoma_castanea,Anisotoma_orbicularis,Agathidium_nigripenne,Nudobius_lentus,Hadrobregmus_pertinax,Dorcatoma_robusta,Dorcatoma_dresdensis,Dorcatoma_punctulata,Cacotemnus_thomsoni,Microbregma_emarginatum,Ernobius_abietis,Ernobius_explanatus,Magdalis_carbonaria,Hylobius_excavatus,Hylobius_pinastri,Hylobius_abietis,Pissodes_pini,Pissodes_harcyniae,Tomicus_amitinus,Polygraphus_poligraphus,Polygraphus_subopacus,Pityophthorus_micrographus,Dryocoetes_hectographus,Tomicus_piniperda,Hylastes_brunneus,Hylastes_cunicularius,Hylurgops_glabratus,Hylurgops_palliatus,Hylastes_opacus,Phloeotribus_spinulosus,Trypodendron_domesticum,Trypodendron_signatum,Hylesinus_varius,Hylesinus_pilosus,Dryocoetes_alni,Crypturgus_subcribrosus,Crypturgus_hispidulus,Crypturgus_pusillus,Crypturgus_cinereus,Trypodendron_lineatum,Pityogenes_bidentatus,Pityogenes_chalcographus,Pityogenes_quadridens,Orthotomicus_suturalis,Dryocoetes_autographus,Rhyncolus_sculpturatus,Platystomos_albinus,Alosterna_tabacicolor,Leptura_quadrifasciata,Judolia_sexmaculata,Tetropium_fuscum,Tetropium_castaneum,Anastrangalia_sanguinolenta,Rhagium_mordax,Gaurotes_virginea,Rhagium_inquisitor,Lepturobosca_virens,Oxymirus_cursor,Pogonocherus_fasciculatus,Molorchus_minor,Triplax_russica,Corticaria_longicornis,Corticaria_lateritia,Corticaria_lapponica,Corticaria_polypori,Corticaria_rubripes,Stephostethus_pandellei,Latridius_consimilis,Latridius_hirtus,Enicmus_fungicola,Enicmus_planipennis,Orthoperus_corticalis,Nitidula_dubia,Rhizophagus_dispar,Rhizophagus_nitidulus,Rhizophagus_ferrugineus,Rhizophagus_fenestralis,Rhizophagus_depressus,Rhizophagus_cribratus,Cerylon_fagi,Cerylon_ferrugineum,Lyctus_histeroides,Triplax_scutellaris,Dacne_bipustulata,Dendrophagus_crenatus,Silvanoprus_fagi,Nitidula_orbiculata,Ipidia_binotata,Cychramus_variegatus,Cychramus_luteus,Epuraea_neglecta,Epuraea_pallescens,Epuraea_rufomarginata,Epuraea_variegata,Epuraea_muehli,Epuraea_marseuli,Epuraea_contractula,Epuraea_biguttata,Epuraea_boreella,Epuraea_pygmaea,Epuraea_angustula,Epuraea_binotata,Epuraea_terminalis,Epuraea_laeviuscula,Epuraea_thoracica,Epuraea_oblonga,Epuraea_silacea,Pityophagus_ferrugineus,Glischrochilus_quadripunctatus,Atomaria_atrata,Atomaria_alpina,Atomaria_longicornis,Atomaria_subangulata,Atomaria_turgida,Atomaria_ornata,Atomaria_bella,Atomaria_umbrina,Micrambe_abietis,Cryptophagus_dorsalis,Micrambe_longitarsis,Pteryngium_crenatum,Cryptolestes_abietis,Ips_typographus,Leptophloeus_alternans,Ips_rugicollis,Elateroides_dermestoides,Peltis_ferruginea,Thanasimus_formicarius,Dasytes_niger,Dasytes_obscurus,Aplocnemus_nigricornis,Aplocnemus_tarsalis,Mordella_aculeata,Mordella_holomelaena,Chrysanthia_geniculata,Hadraule_elongatula,Dolichocis_laricinus,Cis_glabratus,Cis_lineatocribratus,Cis_jacquemartii,Cis_punctulatus,Cis_boleti,Octotemnus_glabriculus,Orthocis_alni,Ennearthron_cornutus,Sulcacis_nitidus,Cis_micans,Bolitophagus_reticulatus,Corticeus_linearis,Xylita_laevigata,Dolotarsus_lividus,Serropalpus_barbatus,Orchesia_micans,Orchesia_minor,Mycetophagus_piceus,Litargus_connexus,Hallomenus_binotatus,Sphaerites_glabratus,Hallomenus_axillaris,Anidorus_nigrinus,Schizotus_pectinicornis,Bitoma_crenata,Salpingus_ruficollis,Rabocerus_foveolatus,Anaspis_arctica,Anaspis_bohemica,Vesperus_luridus,Anaspis_rufilabris,Anaspis_marginicollis,Mordella_frontalis,Synchita_humeralis,Hylis_procerulus,Dictyoptera_aurora,Pyropterus_nigroruber,Malthinus_flaveolus,Malthinus_biguttatus,Malthodes_pumilus,Malthodes_spathifer,Malthodes_guttifer,Malthodes_mysticus,Malthodes_fuscus,Cantharis_brevicollis,Denticollis_linearis,Anostirus_castaneus,Ampedus_pomorum,Ampedus_nigrinus,Ampedus_tristis,Ampedus_erythrogonus,Melanotus_castanipes,Ampedus_balteatus
1,102,2003,g01,60.68950024,22.60366884,352.4866667,0.1145,103,0.949480359,632439.875,24000,4800,5,0.063794094,0.0111651,11.3,353,0,0,0,5,0,0,1,0,0,0,1,0,0,1,0,0,0,0,0,1,0,0,0,0,0,2,0,0,0,0,0,0,0,10,0,0,1,0,0,0,0,0,0,0,0,0,0,0,0,0,0,0,0,0,0,0,0,0,0,0,0,1,0,0,0,1,2,0,0,0,0,0,0,1,0,3,24,0,1,0,0,0,1,48,1,0,0,1,0,0,6,0,3,0,0,13,0,0,0,0,0,0,0,0,0,0,0,0,0,0,0,0,0,0,0,0,0,0,0,1,3,5,1,0,1,3,1,0,0,0,0,0,0,0,0,0,0,16,0,1,2,0,0,0,0,0,1,0,0,0,1,0,0,0,0,0,1,0,1,0,1,0,0,1,5,6,0,0,68,1,36,0,0,0,0,5,4,0,0,0,0,0,0,0,0,0,0,0,0,0,0,0,1,0,0,0,0,0,0,0,2,0,0,0,0,0,0,0,0,0,0,0,0,0,0,0,0,0,1,0,1,1,0,1,0,1,4,1,0,1,0,0,1,0,0,0,0,0,1,3,0
2,103,2003,g01,60.732367,22.9229607,529.95,12.803,112,0.794549014,640197.0625,24000,4800,5,0.045583337,0.015633254,11.13,333,0,1,0,0,0,0,0,0,0,0,1,0,0,1,0,0,0,1,0,0,0,0,0,0,0,1,0,0,0,0,0,0,0,3,0,0,0,0,0,0,0,0,0,0,0,0,0,0,0,0,0,0,0,0,0,0,0,0,0,0,0,0,0,0,0,0,0,0,0,0,0,0,2,1,0,0,4,0,0,1,0,0,0,8,1,0,0,0,0,0,1,0,2,0,0,2,0,1,0,0,0,0,0,0,0,0,0,0,0,0,0,1,0,0,0,0,0,1,0,0,3,3,0,0,1,1,1,0,0,0,0,0,1,0,0,0,0,8,0,0,1,0,0,0,0,0,3,0,0,0,0,0,0,0,0,0,0,0,0,0,2,0,0,0,2,2,0,1,44,0,12,0,0,0,0,0,4,0,0,0,0,0,1,0,0,0,0,0,0,0,0,0,0,0,1,0,0,0,0,0,3,0,0,0,0,0,0,0,1,0,0,0,0,1,0,0,0,1,3,1,0,0,0,1,0,2,4,0,0,8,0,0,1,0,0,0,1,0,0,3,0
3,107,2003,g01,60.8090597,23.1829928,226.8633333,1.041,63,0.841439046,624127.5625,24000,4800,5,0.02054435,0.027230828,11.12,328,0,0,0,0,0,0,0,0,0,0,0,0,0,0,0,0,0,0,0,0,0,1,0,1,0,6,0,0,0,0,1,0,0,102,0,0,0,0,0,0,0,1,0,0,1,0,0,0,0,0,1,1,0,0,0,0,0,0,0,0,0,0,0,0,0,0,0,0,0,0,0,0,0,1,0,0,3,0,0,0,1,0,2,8,1,0,0,0,0,0,0,0,1,0,0,4,0,1,0,0,0,0,0,0,0,0,0,0,0,0,0,0,0,0,0,0,1,0,0,0,1,0,0,0,0,0,0,0,0,0,0,1,2,0,0,0,0,0,0,0,0,0,1,0,0,0,0,0,0,0,1,0,0,0,0,0,0,0,0,0,1,0,0,0,7,0,1,0,36,0,0,0,0,0,0,0,0,0,0,0,0,0,0,0,0,0,0,0,1,0,0,0,0,0,0,0,0,0,0,0,1,0,0,0,0,0,0,0,0,0,0,0,0,1,0,0,0,0,0,0,0,0,0,0,0,1,4,0,0,0,0,1,5,0,0,0,0,0,0,1,0
4,113,2003,g01,60.7557595,22.7751032,473.0583333,15.0855,109,0.956177004,637377.8125,24000,4800,5,0.100474041,0.025924238,11.13,342,0,0,0,0,0,0,0,0,0,0,0,0,0,1,1,0,0,0,0,0,0,1,0,1,0,5,0,0,0,0,0,0,0,19,0,0,0,0,0,0,0,1,1,0,0,0,1,0,0,0,1,1,0,1,0,1,0,0,0,0,0,0,0,1,0,0,1,0,1,1,1,0,20,0,0,2,43,0,1,2,0,0,0,40,12,0,11,0,0,4,8,0,63,0,0,13,0,0,2,0,0,3,1,0,0,0,1,0,0,0,1,0,4,0,0,0,3,0,0,1,3,16,0,0,1,1,16,0,1,0,0,0,1,0,0,0,1,0,1,0,0,0,0,1,0,0,2,1,1,2,23,0,0,0,0,0,0,0,2,2,1,0,0,0,22,2,0,0,84,1,8,0,1,0,4,1,16,0,0,0,0,0,0,0,0,0,0,0,1,0,0,0,1,0,0,0,0,0,0,0,2,0,0,0,0,0,0,1,0,0,0,0,0,1,0,0,0,1,0,2,3,1,0,0,1,0,4,0,0,1,0,1,3,1,0,0,3,0,7,3,0
5,115,2003,g01,60.6863111,22.6551495,438.77,12.7225,104,0.848327901,624270.25,24000,4800,5,0.06724549,0.020045032,11.25,348,0,1,0,0,1,0,3,0,0,0,0,0,0,0,0,0,0,1,1,2,0,2,0,0,0,0,1,0,0,0,0,0,0,35,0,0,1,1,0,0,0,1,0,0,0,0,0,4,0,1,0,3,0,1,0,1,0,0,0,0,0,0,0,0,4,0,0,0,0,0,0,0,0,1,0,0,24,0,0,0,2,0,3,32,24,0,1,0,0,1,1,0,12,0,0,19,0,0,0,1,0,1,3,0,0,0,0,0,0,1,0,0,4,0,0,0,1,1,0,0,0,18,1,0,6,1,9,0,0,0,1,3,1,0,0,1,0,4,0,1,0,0,0,0,1,3,3,0,0,0,9,0,0,3,0,0,1,1,1,0,4,0,0,0,9,20,0,0,40,0,4,0,0,0,0,1,0,0,0,0,0,0,0,0,0,0,0,0,1,0,0,0,1,0,0,0,0,0,0,0,0,0,0,0,0,0,0,0,0,0,0,0,0,1,0,0,0,0,1,1,0,0,0,1,0,0,4,1,0,1,0,0,0,0,0,0,4,0,0,6,0
6,155,2003,g01,60.7730355,23.0309348,414.28375,5.515,107,0.985589587,628961.8125,24000,4800,5,0.017598856,0.032647878,11.23,323,0,0,0,0,0,0,0,0,0,0,0,0,0,0,0,0,0,0,0,0,0,0,0,0,0,1,0,0,0,0,0,0,0,1,0,0,0,0,0,0,0,1,0,0,0,0,0,0,1,0,0,0,0,0,0,0,0,0,0,0,0,0,1,0,0,1,0,0,0,0,0,0,1,1,0,0,16,0,1,3,1,0,0,184,1,0,0,0,0,0,3,0,6,1,0,3,0,0,0,0,0,0,0,0,0,0,0,0,0,0,0,0,0,0,0,0,1,0,1,0,0,3,0,0,0,0,1,0,0,0,0,0,0,0,0,0,0,4,0,0,0,0,0,0,0,0,1,0,1,1,3,0,0,0,0,0,0,0,1,0,0,0,0,0,1,0,0,0,12,1,0,0,0,0,0,0,4,0,0,0,0,0,0,0,0,0,0,0,1,0,0,3,0,0,0,0,0,0,0,0,1,0,0,0,0,0,0,0,0,0,0,0,0,1,0,0,0,1,0,1,1,0,0,0,0,0,0,0,0,1,0,0,1,0,0,0,1,0,0,0,0
7,162,2003,g01,60.7446853,22.9311807,748.71625,11.161,97,0.842590568,637468.875,24000,4800,5,0.037423602,0.030026813,11.12,336,0,0,0,1,0,1,0,0,0,0,0,0,1,0,1,0,0,0,0,4,0,0,0,0,0,1,0,0,0,0,0,0,0,1,0,0,0,0,0,4,0,1,0,0,0,0,0,0,0,1,0,1,1,1,0,0,0,0,0,8,0,1,0,0,0,1,0,0,0,0,4,0,1,0,1,0,17,0,2,0,0,0,0,80,6,1,1,0,0,0,4,1,9,0,0,6,0,0,0,0,0,0,0,0,0,0,0,0,0,0,0,1,0,0,0,0,5,1,0,1,2,3,0,0,1,1,6,0,0,0,0,0,0,0,0,0,0,0,0,7,5,0,0,0,2,0,1,0,1,1,10,0,0,1,0,0,0,0,1,0,3,0,4,1,8,2,1,0,52,0,24,0,0,0,0,2,4,0,0,0,0,0,0,0,0,0,0,4,2,1,0,0,0,0,0,0,0,0,0,0,1,0,0,0,0,0,0,0,0,0,0,1,0,0,0,0,1,0,0,2,1,0,1,3,0,0,4,1,0,1,0,1,1,0,0,0,3,0,1,1,0
8,164,2003,g01,60.7981559,22.5964983,205.625,5.0455,95,0.968158055,642915.8125,24000,4800,5,0.03011993,0.025078215,11.12,346,0,0,0,0,0,0,1,0,0,0,0,0,0,0,1,0,0,0,0,0,0,0,0,0,0,1,0,0,0,0,0,0,0,5,0,0,0,1,0,0,0,0,0,0,0,0,0,0,0,0,0,0,0,0,1,0,0,0,0,0,0,0,0,0,4,1,0,1,0,0,0,0,0,0,0,0,12,0,0,0,0,0,0,64,0,0,0,0,0,0,1,0,1,0,0,3,0,0,0,0,0,0,0,0,0,0,0,0,0,0,0,0,4,0,0,0,1,0,0,0,5,3,0,0,1,1,2,0,0,0,1,0,1,0,1,0,1,0,0,0,0,0,0,1,0,0,0,0,0,0,1,0,0,1,0,0,0,0,0,0,0,1,0,0,1,8,2,0,32,1,4,0,0,0,0,1,0,0,0,0,0,0,0,0,0,0,0,0,1,0,0,0,0,0,0,0,0,16,0,0,0,0,1,0,0,1,0,1,1,0,0,0,0,0,0,0,1,0,0,1,0,0,0,1,0,1,0,0,0,0,1,1,1,0,0,0,2,0,0,1,0
9,177,2003,g01,60.6978262,22.6612937,352.52375,5.319,99,0.983490474,627998.1875,24000,4800,5,0.081044558,0.023231856,11.25,349,0,0,0,1,0,0,1,0,0,0,0,0,0,0,0,0,0,0,0,0,0,0,0,0,0,1,0,0,0,2,0,0,1,1,0,0,0,0,0,0,0,0,0,0,0,0,0,12,0,0,4,0,0,0,0,0,0,0,0,0,0,0,0,0,0,1,0,0,0,1,10,3,9,1,0,0,34,0,3,1,1,0,1,144,4,0,6,0,0,3,26,0,74,0,1,58,0,0,0,0,0,0,0,0,0,0,0,0,0,1,0,1,20,0,5,0,1,0,0,0,0,30,0,0,1,3,16,0,0,0,0,0,0,0,0,0,0,0,0,0,0,0,0,0,3,0,2,0,0,0,3,0,1,1,3,0,0,0,6,1,0,0,0,0,5,2,0,1,32,1,12,0,0,1,0,0,4,0,0,0,0,0,1,0,0,0,0,0,0,0,0,0,0,0,1,0,0,0,0,3,1,0,0,0,0,0,0,0,0,0,0,0,0,0,0,0,0,0,0,3,0,0,0,1,1,0,4,0,0,0,3,4,2,0,0,0,3,0,1,5,1
10,180,2003,g01,60.7326095,22.9276829,390.055,22.0145,107,0.812109831,641852.9375,24000,4800,5,0.047994504,0.017412755,11.17,332,0,0,0,0,0,2,1,0,0,0,0,0,0,0,0,0,0,0,0,0,0,0,0,0,2,1,0,0,0,0,0,0,0,4,0,0,0,0,0,0,0,3,1,0,0,0,0,4,0,0,0,0,0,0,0,0,0,0,0,8,0,0,0,0,0,0,1,0,0,0,0,0,1,0,0,0,55,0,0,0,0,0,0,40,3,0,0,0,1,1,1,0,3,0,0,7,0,0,0,0,0,0,0,4,0,0,0,0,0,1,0,1,0,0,3,0,0,0,0,0,0,4,0,0,1,1,8,0,0,0,0,0,1,0,0,0,1,4,0,0,0,0,0,0,2,0,0,0,0,0,0,0,0,0,0,0,0,0,2,0,0,0,0,1,1,0,1,0,12,0,4,0,0,0,0,0,0,0,0,0,0,0,0,0,0,0,0,0,0,0,0,0,0,0,0,0,0,16,0,0,1,0,0,0,1,0,0,0,0,0,0,0,0,0,0,0,0,0,0,8,0,0,2,0,0,1,4,0,0,1,0,0,0,0,0,0,0,0,0,1,0
11,201,2003,g02,61.4440058,23.9646831,185.8575,14.015,63,0.4321994,628705.4375,24000,4800,5,0.007973354,0.054935152,11.13,344,0,0,0,0,0,0,1,1,0,0,2,0,0,0,1,1,0,0,0,0,0,0,0,0,0,3,0,0,0,0,0,0,0,15,0,0,3,1,0,0,0,9,1,0,0,0,0,0,0,3,0,1,0,3,0,0,0,0,0,0,0,0,0,0,0,0,0,0,0,0,0,0,0,0,0,0,1,0,1,0,0,0,0,8,3,12,0,0,0,0,1,1,6,0,0,9,0,0,1,0,0,0,1,0,2,0,0,0,0,0,0,0,4,0,0,0,1,1,0,0,1,0,0,0,3,1,0,0,0,0,2,3,2,0,0,0,0,4,0,0,0,0,0,1,0,1,2,0,1,0,3,0,0,0,0,0,1,0,0,0,0,1,0,2,3,2,2,0,68,0,60,5,0,0,0,0,4,0,0,0,0,0,0,0,0,0,0,0,0,0,0,0,1,0,0,0,0,16,0,0,0,0,0,0,1,0,0,0,0,0,0,0,0,1,0,1,0,0,0,0,1,2,0,0,0,0,0,0,0,1,0,0,1,2,0,0,0,0,0,1,0
12,203,2003,g02,61.4296748,24.2969638,191.7775,4.1725,54,0.491428869,635545,24000,4800,5,0.015534835,0.01587395,10.87,347,0,0,0,0,0,0,2,0,1,0,0,0,0,0,0,0,0,0,0,0,0,1,0,0,0,3,1,0,0,0,1,0,0,10,0,0,0,0,0,0,0,0,0,0,0,0,0,0,0,1,0,1,0,1,0,0,0,0,0,0,0,0,0,0,0,0,0,0,0,0,0,0,2,0,0,0,34,0,0,0,0,0,0,8,3,1,0,0,0,0,3,0,2,0,0,5,0,0,0,0,0,0,0,0,1,0,0,0,0,0,0,0,0,0,0,0,0,1,0,0,0,0,0,0,1,0,0,0,0,0,0,0,0,0,0,0,1,24,0,0,0,0,0,0,0,0,1,0,0,0,1,0,0,0,0,0,1,0,1,0,0,0,0,0,1,2,0,0,16,0,0,0,0,0,0,0,4,0,0,0,0,0,0,0,0,0,0,0,0,0,0,0,0,0,1,0,0,0,0,0,1,4,0,0,1,0,0,2,0,0,0,0,0,1,0,0,0,0,1,1,3,2,0,1,0,0,4,0,0,0,0,1,11,2,0,0,1,0,1,1,0
13,204,2003,g02,61.2642916,24.3290572,234.19625,10.023,73,0.517562728,609454.375,24000,4800,5,0.004781119,0.039942144,11.12,335,0,0,0,0,0,1,0,0,0,0,0,1,0,1,1,2,0,1,0,1,1,0,0,0,0,0,0,0,0,0,0,3,0,47,3,0,3,0,0,0,0,0,3,1,0,0,1,4,0,3,0,1,0,1,0,0,0,0,0,0,0,0,0,0,0,0,0,0,0,0,0,0,3,3,0,0,32,0,0,0,0,0,1,48,9,0,25,2,0,0,14,1,14,0,0,37,0,0,1,0,0,0,1,0,3,0,0,0,0,0,0,0,0,0,0,0,0,3,2,0,3,2,1,1,6,1,39,0,0,1,0,1,0,0,1,0,5,44,0,1,3,0,0,3,0,9,0,0,3,0,12,0,1,0,0,0,0,0,4,1,1,1,4,0,34,0,0,0,296,0,0,0,0,0,0,2,0,0,1,0,0,0,0,0,0,0,0,0,0,0,0,0,2,0,0,0,0,0,0,0,0,0,1,0,0,0,0,0,1,0,0,0,0,1,0,1,0,0,1,3,3,0,0,0,0,1,4,2,0,2,1,0,1,0,1,0,2,0,1,4,0
14,211,2003,g02,61.5673914,23.9461089,389.35375,2.2055,93,0.935980455,629523.5625,24000,4800,5,0.027783539,0.03112952,10.85,351,0,3,0,1,1,0,0,0,0,0,1,2,0,0,0,0,0,0,0,0,0,0,0,0,0,1,0,0,0,0,0,0,0,19,0,0,1,0,0,0,0,0,0,0,0,0,0,4,0,0,0,1,0,0,1,0,0,0,0,0,0,0,0,3,0,0,0,0,0,0,25,0,0,0,0,0,11,0,0,0,0,0,0,8,0,0,28,6,0,0,2,1,13,0,0,5,0,0,0,2,0,0,0,0,0,0,1,0,0,0,0,0,0,1,0,0,1,1,0,0,3,1,0,0,0,0,14,0,0,0,1,0,0,0,0,0,0,0,0,0,0,0,0,0,0,1,1,0,2,0,1,0,0,0,0,0,0,0,1,0,0,0,0,0,5,0,0,0,40,0,28,5,0,0,0,1,0,0,0,0,0,0,0,0,0,0,0,0,0,0,1,1,0,0,0,0,0,0,0,0,1,0,0,0,0,0,0,0,0,0,0,0,0,0,1,1,0,0,0,3,0,0,0,0,0,0,0,0,1,1,0,0,1,1,0,0,3,0,1,1,0
15,215,2003,g02,61.4007513,23.9495723,306.4333333,24.597,79,0.681284673,623629.3125,24000,4800,5,0.021241868,0.053874581,11.07,341,0,0,0,0,0,0,1,1,0,0,0,0,0,0,0,0,0,0,0,0,0,1,1,0,0,0,0,1,0,0,0,0,0,3,0,0,0,0,0,0,0,3,0,0,0,0,0,0,0,3,0,1,0,0,0,0,0,0,0,0,0,0,0,0,4,0,0,0,0,0,0,0,1,1,0,0,16,0,1,0,1,0,0,0,5,1,0,0,0,0,0,0,3,0,0,10,0,0,0,0,1,0,1,0,0,0,0,0,0,0,0,0,4,0,0,0,1,3,0,0,0,3,1,0,1,0,0,0,0,0,0,1,1,0,0,0,1,12,0,0,1,0,0,1,0,0,1,0,0,1,3,0,1,0,0,0,1,0,0,0,0,1,0,0,20,6,0,0,128,0,4,2,0,0,0,1,4,0,0,0,0,0,0,0,0,0,0,0,0,0,0,0,1,0,0,0,0,0,0,0,1,4,0,0,0,0,0,0,0,0,0,0,0,0,0,0,0,0,0,0,1,0,0,3,0,0,8,1,1,0,2,0,0,1,1,0,1,0,0,1,0
16,263,2003,g02,61.363139,24.0235448,268.2225,11.905,94,0.936964647,626544.6875,24000,4800,5,0.036878277,0.049649605,10.98,343,0,1,0,1,0,0,4,0,0,0,0,0,0,0,0,0,0,1,0,1,0,1,0,0,0,0,0,0,0,0,0,0,0,4,0,0,0,0,0,0,0,0,0,0,0,0,0,0,0,1,0,1,0,0,0,0,0,0,0,0,0,0,0,0,0,3,0,0,0,0,9,0,0,3,0,1,18,0,1,1,0,0,6,8,1,1,0,0,0,0,82,0,14,0,0,18,0,0,0,0,0,0,1,0,0,0,0,0,0,1,0,0,0,0,0,0,0,0,0,0,0,6,0,0,0,0,11,0,0,0,0,1,1,0,0,1,1,0,2,0,0,0,0,0,0,1,0,0,0,0,3,1,0,0,0,1,0,0,1,0,0,0,0,0,1,0,0,0,20,0,4,0,0,0,0,0,4,0,0,0,0,0,0,0,0,0,0,0,0,0,0,1,1,0,0,0,0,0,0,0,3,4,0,0,0,0,0,0,0,0,0,0,0,0,0,0,0,0,0,2,1,0,1,0,0,3,4,0,0,0,0,1,4,0,0,0,0,0,1,4,0
17,271,2003,g02,61.7345621,23.568448,213.49125,0,82,0.986185031,634673.8125,24000,4800,5,0.035958442,0.022428055,10.58,365,0,3,0,0,0,0,1,0,0,0,0,0,0,1,1,0,0,0,0,0,0,0,0,0,0,1,0,0,0,0,0,0,0,17,0,0,0,0,0,0,0,3,1,0,0,0,0,0,1,1,0,0,0,0,0,0,0,0,0,0,0,0,0,0,0,1,1,0,0,0,0,1,0,1,0,7,99,1,0,0,0,0,0,8,3,0,0,0,0,0,0,6,31,5,0,13,0,0,0,0,0,0,0,0,0,0,0,0,1,0,0,0,4,0,0,0,0,0,0,0,0,0,0,1,1,1,3,0,0,0,0,0,3,0,0,0,2,0,0,0,0,0,0,0,0,0,0,0,0,0,1,0,0,0,0,0,0,0,3,1,0,0,0,0,0,2,0,0,52,0,16,0,0,0,0,0,0,0,0,0,0,0,0,0,0,0,0,0,0,0,0,0,0,0,0,0,0,16,0,0,1,0,0,0,0,0,0,0,1,0,0,0,0,0,0,0,0,0,2,3,0,0,0,0,1,0,0,2,0,0,0,25,3,0,0,0,8,0,0,6,1
18,272,2003,g02,61.3771088,23.9964617,353.18625,5.4315,55,0.877996383,627095.5625,24000,4800,5,0.01484269,0.05159378,11.03,343,0,1,0,0,0,0,1,0,0,0,0,0,0,0,1,0,0,0,0,0,0,0,0,0,0,1,0,0,0,0,0,0,0,21,0,0,0,1,0,0,0,1,0,0,0,0,0,4,0,0,0,0,0,4,0,0,1,0,0,0,0,0,0,0,0,1,1,1,0,0,11,0,1,1,0,2,17,0,36,0,0,0,9,32,27,3,0,0,0,0,35,0,3,0,0,18,0,0,0,0,0,0,1,0,1,0,0,0,0,0,0,0,0,0,0,0,1,3,1,0,1,0,0,0,2,3,1,0,1,0,0,2,1,0,0,0,1,12,1,1,3,0,0,3,0,0,11,0,0,1,10,0,0,0,0,0,4,0,1,1,0,0,0,1,1,2,0,0,124,0,60,1,0,0,0,9,4,0,0,0,0,0,0,0,0,0,0,12,1,0,0,0,0,0,1,0,0,0,0,0,0,4,0,0,0,0,0,0,1,0,0,0,0,5,1,1,0,0,1,10,1,0,0,0,1,1,0,0,1,0,0,1,1,0,0,0,0,0,2,4,0
19,273,2003,g02,61.5519644,23.9369345,341.89875,19.393,77,0.765160738,626979.0625,24000,4800,5,0.004646717,0.081622899,10.98,346,0,0,0,0,0,1,1,0,0,0,1,0,0,0,0,0,0,0,0,0,0,2,0,0,0,0,0,0,0,0,0,0,0,7,0,0,0,0,0,0,0,3,3,0,0,0,0,0,0,1,0,0,0,0,0,0,3,0,1,0,0,0,0,0,0,0,0,0,0,0,0,0,0,0,0,0,3,0,0,0,1,0,1,72,0,0,1,0,0,0,3,0,5,0,0,1,0,0,0,0,0,0,0,0,0,0,0,0,0,0,0,0,0,0,1,0,0,0,0,0,3,0,0,0,0,0,1,0,0,0,0,2,0,0,0,0,0,0,0,0,0,0,0,0,0,0,0,0,0,0,0,0,0,0,0,0,0,0,2,0,0,0,0,0,0,0,0,0,12,0,4,0,0,0,0,0,4,0,0,0,0,0,0,0,0,0,0,0,0,0,0,0,0,1,0,0,0,0,0,0,0,0,0,0,0,0,0,0,1,0,0,0,0,1,0,1,0,0,0,1,0,1,0,0,0,0,12,0,1,0,0,1,1,0,0,0,1,0,0,1,0
20,278,2003,g02,61.3847884,24.0132475,199.39375,3.4215,85,0.846343604,617272.4375,24000,4800,5,0.013366191,0.058383195,11.15,338,0,1,0,1,0,1,1,1,0,0,1,0,0,0,1,0,0,1,1,0,0,0,1,0,0,1,1,0,0,0,0,0,1,25,0,0,1,0,0,0,0,1,0,0,0,0,1,4,0,3,3,0,0,1,0,1,0,1,2,0,0,5,0,0,0,3,0,0,0,0,4,0,3,3,0,4,137,0,90,0,0,0,23,8,9,1,3,13,0,32,10,1,14,1,0,35,0,0,3,0,0,0,1,0,1,0,1,0,0,0,0,0,4,0,0,0,0,0,0,0,3,3,0,2,1,1,16,0,1,0,0,0,2,0,0,0,1,60,8,0,3,0,0,1,1,13,3,0,1,0,3,0,1,0,0,0,0,0,5,0,0,0,0,0,5,24,1,1,44,0,52,0,6,0,4,1,0,0,1,0,0,0,0,0,0,0,0,0,1,0,0,0,0,0,0,0,0,0,0,0,1,0,0,0,1,0,0,0,0,0,0,0,0,1,0,0,0,1,1,4,0,0,0,6,0,1,4,0,3,3,0,3,3,0,0,0,1,0,1,3,1
21,301,2003,g03,62.0049272,23.4613981,160.40375,3.082,63,0.639402134,628225.625,24000,4800,5,0.100658935,0.005957877,9.95,373,0,1,0,0,0,0,1,0,0,0,0,0,0,0,1,0,0,0,0,0,0,1,0,0,0,11,0,0,0,0,0,0,0,5,0,0,1,0,0,0,0,3,2,0,0,0,0,0,0,1,0,0,0,0,0,0,0,0,0,0,0,0,0,0,0,0,1,0,0,0,1,0,0,6,0,0,17,1,3,0,0,0,0,0,2,0,0,0,0,0,1,0,6,0,0,8,0,0,0,0,0,0,0,0,0,0,0,0,0,0,0,0,0,0,0,0,0,0,0,0,5,1,1,0,3,1,1,0,0,0,0,0,0,0,0,0,0,0,0,0,0,0,0,3,0,0,0,0,0,0,6,0,0,0,0,0,0,0,0,0,0,0,0,0,1,2,1,0,172,0,52,0,0,0,0,1,4,0,0,0,0,0,0,0,0,0,0,0,0,0,1,1,3,0,0,0,0,16,0,0,0,0,0,0,0,0,0,0,0,0,0,0,0,0,0,0,0,0,0,0,0,0,0,0,0,1,4,0,0,0,0,11,4,0,0,0,1,0,0,1,0
22,304,2003,g03,62.2257708,23.1060633,356.3475,31.7415,89,0.878054427,628454.25,24000,4800,5,0.079493727,0.017023796,10.02,353,0,1,0,0,0,0,8,0,0,0,1,0,0,0,1,0,0,0,0,0,0,0,0,1,0,1,0,0,0,0,0,0,0,1,0,0,0,0,0,0,0,1,1,0,0,0,0,0,0,0,0,0,0,0,0,1,0,0,0,0,0,0,0,1,0,6,1,0,0,0,1,0,1,4,0,0,142,0,2,0,3,0,33,0,61,0,3,0,0,0,177,1,15,0,0,91,0,0,0,0,0,0,0,0,0,0,0,0,0,0,0,0,4,0,0,1,1,0,1,0,1,0,0,1,1,0,67,0,0,0,1,0,0,0,0,0,3,16,0,0,0,0,0,0,0,5,5,0,0,1,10,0,0,0,0,0,0,0,31,2,1,0,0,0,0,2,2,0,60,0,24,0,1,0,0,0,8,0,0,0,0,0,0,0,0,0,0,0,0,0,1,1,1,0,1,0,0,16,0,0,0,0,0,0,0,0,0,0,0,0,0,0,0,1,0,0,0,0,0,8,0,0,0,3,0,1,0,0,2,0,0,8,1,0,1,0,1,0,0,2,1
23,312,2003,g03,62.0830133,23.1181794,226.7966667,8.9405,89,0.884165699,621212.5,24000,4800,5,0.055387515,0.028389174,10.15,365,0,1,0,0,0,0,1,0,0,0,1,0,0,0,0,0,0,0,1,0,0,1,0,0,0,3,0,0,0,0,1,0,0,11,0,0,0,0,0,0,0,1,0,0,0,0,0,0,0,1,0,1,0,0,0,1,0,0,0,0,0,0,0,0,0,0,0,0,0,0,4,0,1,0,0,0,17,0,2,0,0,0,1,0,1,0,0,0,0,0,7,0,1,0,0,20,0,0,0,0,0,0,0,0,0,0,0,0,0,1,0,0,0,1,0,0,0,0,0,0,1,3,0,0,1,1,3,0,0,0,1,1,0,0,0,0,1,4,0,0,0,0,0,0,0,0,0,0,0,0,7,0,0,0,0,0,0,0,1,0,1,0,4,0,4,2,1,0,108,0,16,0,0,0,0,1,0,0,0,0,0,0,0,0,0,0,0,0,0,0,0,0,1,0,0,0,0,48,0,0,3,0,0,0,0,0,0,0,0,0,0,0,0,0,0,1,0,0,0,1,0,0,0,1,0,0,0,0,0,6,0,4,8,1,0,0,3,0,1,1,0
24,316,2003,g03,62.0152355,23.3988254,371.83375,24.334375,83,0.973277708,629620.6875,24000,4800,5,0.05813076,0.024390079,10.08,370,0,0,0,0,0,0,1,0,0,0,0,0,0,0,0,0,0,7,0,0,0,0,0,1,0,17,0,0,0,0,0,0,0,12,0,0,0,0,0,0,0,1,1,0,0,0,0,0,0,4,0,1,0,0,0,0,0,0,0,0,0,0,0,0,0,0,1,0,0,0,0,0,1,3,0,0,14,0,0,0,0,0,2,8,0,0,0,1,0,4,1,0,3,0,0,1,0,0,0,0,0,0,1,0,0,0,0,0,0,0,1,0,4,0,0,0,0,1,1,0,1,0,0,0,1,0,1,0,0,0,1,0,0,0,0,0,0,20,0,0,0,0,0,0,0,1,0,0,0,0,4,0,0,0,1,0,0,0,0,0,0,0,0,0,0,0,0,0,212,0,72,1,0,0,0,1,0,0,0,0,0,0,1,0,0,0,0,0,0,0,0,0,0,0,0,1,0,16,0,1,0,0,0,0,0,0,0,0,0,0,0,0,0,0,0,0,0,0,0,5,4,3,0,1,0,0,12,1,0,0,9,0,6,1,0,0,3,0,1,1,0
25,319,2003,g03,62.0470429,23.4102136,325.2066667,7.2565,83,0.899666366,637386.3125,24000,4800,5,0.065357062,0.018247353,10.03,371,0,4,0,0,0,0,1,0,0,0,0,0,0,0,0,0,0,0,0,0,0,0,0,1,0,15,0,0,0,0,0,0,0,18,0,0,0,0,0,0,0,1,0,0,0,0,0,0,0,0,0,0,0,1,0,0,0,0,0,0,0,0,0,0,0,0,1,0,0,0,0,0,0,0,0,0,13,0,0,0,0,0,0,0,1,0,0,0,0,0,0,0,0,0,0,1,0,0,0,0,0,0,0,0,0,0,0,0,0,0,0,0,0,0,0,0,0,1,1,0,3,0,0,0,0,0,1,0,0,0,0,0,0,0,0,0,0,4,0,0,0,0,0,0,0,0,1,0,0,0,1,0,0,0,0,0,0,0,0,0,0,0,0,0,0,2,0,0,4,0,28,0,0,0,0,0,8,0,0,0,0,0,0,0,0,0,0,0,0,0,0,1,0,0,0,0,0,16,0,0,0,0,0,0,0,0,0,0,0,0,0,0,0,0,0,0,0,0,0,1,0,0,0,0,0,0,0,0,0,4,0,0,2,0,0,0,2,0,0,1,1
26,358,2003,g03,62.0285883,23.3146713,347.64875,0,83,0.857812663,617631.875,24000,4800,5,0.064598491,0.014443746,10.12,369,0,3,0,0,0,0,1,0,0,0,0,0,0,0,3,0,0,0,0,0,0,1,0,1,0,10,0,0,0,0,0,0,0,10,0,0,0,0,0,0,0,0,3,0,1,0,0,0,0,1,0,3,0,0,0,0,0,0,0,0,0,0,0,0,0,1,2,0,0,0,0,0,0,0,0,0,28,0,0,0,0,0,1,8,1,3,0,0,0,0,1,0,1,0,0,6,0,0,0,0,0,0,0,0,0,0,0,0,0,0,0,0,4,0,0,0,1,0,1,0,0,0,0,0,0,0,1,0,0,0,0,0,1,0,0,0,0,4,0,0,0,0,0,0,0,0,1,0,0,0,0,0,0,0,0,0,0,0,1,0,0,0,0,0,1,0,1,1,36,1,12,0,0,0,0,1,4,0,0,0,0,0,0,0,0,0,0,0,1,0,0,0,0,0,0,0,0,0,0,0,1,0,0,0,0,0,0,0,0,0,0,0,0,2,0,0,0,0,0,0,0,0,0,0,1,0,4,0,0,0,1,0,9,0,0,0,0,0,0,1,0
27,361,2003,g03,62.0495874,22.9960277,247.1566667,0.992,66,0.998492859,622110.5625,24000,4800,5,0.057983146,0.005563497,10.1,368,0,0,0,0,0,0,1,0,0,0,1,0,0,0,1,0,1,0,0,0,0,0,0,0,1,7,0,0,0,0,0,0,0,4,0,0,0,0,0,0,0,1,0,0,1,0,0,0,0,1,2,0,0,0,0,0,0,0,0,0,0,1,0,0,8,0,1,0,0,0,0,0,0,0,0,0,36,0,0,0,1,0,0,8,4,0,0,0,1,0,0,0,1,0,0,2,0,0,1,1,0,0,0,0,0,0,0,0,0,0,0,0,0,0,1,0,0,0,0,0,0,0,0,0,0,0,1,0,0,0,0,0,0,0,1,0,0,4,0,0,0,0,0,1,0,0,3,0,0,0,1,0,0,1,0,0,0,0,0,0,0,0,0,0,0,2,0,0,44,0,12,0,0,0,0,0,0,0,0,0,0,0,0,0,0,0,0,0,0,0,0,0,1,0,0,0,0,0,0,0,2,0,0,1,0,0,0,0,0,0,0,0,0,0,0,0,0,0,0,2,1,0,0,2,0,0,4,0,0,0,1,0,4,0,0,0,1,0,1,5,2
28,362,2003,g03,61.8973499,23.7775577,428.81,26.544,110,0.943386931,615306.75,24000,4800,5,0.055240774,0.047327707,10.47,364,0,1,0,0,0,0,1,0,0,0,0,0,0,0,0,0,0,0,0,0,0,0,0,1,1,0,0,0,0,0,0,1,0,15,0,0,1,0,0,0,0,0,1,0,0,0,0,0,0,3,1,0,0,0,0,0,0,0,0,0,0,0,0,0,0,0,0,0,0,0,0,0,0,0,0,0,22,0,0,0,0,0,1,16,3,0,0,1,0,0,1,0,1,0,0,3,0,0,0,0,0,0,1,0,0,0,0,0,0,0,0,1,4,0,0,0,0,0,0,0,2,0,0,0,0,0,4,0,0,0,0,4,0,0,0,1,1,0,0,0,0,0,0,0,0,1,0,0,0,0,1,0,0,0,0,0,0,0,0,1,0,0,0,0,1,0,0,0,124,0,28,0,0,0,0,0,0,0,0,0,0,0,0,0,0,0,0,0,0,0,0,0,0,0,0,0,0,0,0,0,0,0,1,0,0,0,0,0,0,0,0,0,0,1,0,1,0,0,0,1,0,0,0,1,0,0,12,0,0,3,4,0,1,1,0,0,1,0,0,3,0
29,364,2003,g03,62.2045423,23.6037262,324.0258333,4.63,112,0.900031119,621839.9375,24000,4800,5,0.062983702,0.047271518,10.2,352,0,3,0,0,0,0,1,0,0,0,0,0,0,0,1,0,0,0,0,0,0,0,0,0,0,0,0,0,0,0,0,0,0,54,0,0,1,0,0,0,0,2,1,0,0,0,0,4,0,0,1,1,0,0,0,1,0,0,0,0,0,0,0,0,8,1,0,1,1,0,0,0,0,0,0,3,62,0,0,0,0,0,0,8,9,0,0,0,0,0,1,1,1,0,0,4,0,0,0,0,0,0,0,0,0,0,0,0,0,0,0,0,0,0,1,0,0,0,2,0,1,0,0,0,0,0,2,0,0,0,0,0,1,0,0,0,0,12,0,0,0,0,0,1,0,0,1,1,0,0,1,0,0,1,0,0,0,0,0,0,0,0,0,0,1,0,0,0,72,0,0,0,2,0,0,1,4,0,0,0,0,0,0,0,0,0,0,0,1,0,0,1,0,0,0,0,0,0,0,0,0,0,0,0,0,0,0,0,0,0,0,0,0,0,0,0,0,0,0,0,0,0,0,0,0,0,4,0,0,0,0,2,7,0,0,0,0,0,0,1,0
30,377,2003,g03,62.2122776,23.6118976,319.6983333,1.7635,97,0.987454319,617698.4375,24000,4800,5,0.074553649,0.024005937,10.2,351,0,1,0,0,0,0,1,0,0,0,0,0,0,0,0,0,0,2,1,0,0,0,0,1,0,8,0,0,0,0,0,0,0,20,1,0,0,0,0,0,0,1,0,0,0,0,0,0,0,0,1,1,0,0,0,0,0,0,0,0,0,0,0,0,0,0,0,0,0,0,0,0,0,0,0,0,12,1,0,0,0,0,0,8,1,0,0,2,0,0,3,0,1,0,0,3,0,0,0,0,0,0,0,0,1,0,0,0,0,0,0,0,0,0,0,0,0,0,0,0,3,0,0,0,0,1,1,0,0,0,0,0,1,0,0,0,0,4,1,0,0,0,0,0,0,1,0,0,0,0,0,0,0,0,0,0,0,0,0,0,0,0,0,0,0,0,0,0,32,1,4,0,1,0,0,0,4,0,0,0,0,0,0,0,0,0,0,0,1,0,1,0,0,0,0,0,0,0,0,0,1,0,0,0,0,0,0,0,0,0,0,0,0,1,0,0,0,0,0,0,0,0,0,0,0,0,0,0,0,2,0,1,6,0,0,0,1,0,2,1,0
31,407,2003,g04,61.9337276,25.2738989,348.731,12.9605,102,0.916148837,616754.875,24000,4800,5,0.037003565,0.034443852,10.6,367,0,1,0,0,1,0,1,0,0,0,0,0,0,1,1,0,0,0,0,0,0,0,1,0,0,1,0,2,0,0,0,0,0,67,3,0,0,0,0,0,0,0,1,0,0,0,0,0,0,2,0,0,0,0,0,0,0,0,0,0,0,0,0,0,0,0,1,0,0,0,0,0,0,0,0,0,14,0,3,0,1,0,6,16,1,0,0,0,0,0,0,0,6,0,0,9,0,0,1,0,0,0,0,0,1,0,0,0,1,0,0,0,0,0,0,0,1,1,0,0,2,1,0,0,0,1,3,0,0,0,1,1,1,0,0,0,0,4,0,0,0,0,0,1,0,0,0,0,1,0,1,0,0,0,0,0,1,0,1,0,1,1,0,0,0,0,0,0,36,0,12,1,0,0,0,3,8,0,0,0,0,0,0,0,0,0,0,0,0,0,0,0,0,0,0,3,0,0,0,0,1,4,0,0,0,1,0,0,0,0,0,0,0,6,0,2,0,0,0,0,1,0,0,1,1,1,12,1,1,4,1,0,1,1,0,0,5,0,1,4,0
32,416,2003,g04,61.8817991,25.4102672,217.5383333,2.3825,87,0.922619002,606831.9375,24000,4800,5,0.037616186,0.033428989,10.75,354,0,2,0,0,0,1,4,0,0,0,1,0,0,0,1,0,0,0,0,0,0,1,0,0,0,0,0,0,0,0,0,0,0,13,1,0,1,0,0,0,1,0,0,0,0,0,0,0,0,3,1,1,0,1,1,0,0,0,0,0,0,0,0,0,0,0,0,0,0,0,0,0,0,0,0,0,7,0,0,0,1,0,0,0,1,1,0,0,0,0,4,0,0,0,0,6,0,0,0,0,0,0,0,0,0,0,0,0,0,1,1,0,0,0,1,0,0,1,0,0,1,1,0,0,0,1,1,0,0,1,3,3,1,0,0,1,1,4,0,0,0,0,0,1,0,0,1,0,0,0,1,0,0,0,1,0,1,0,0,0,1,0,0,0,0,2,0,0,12,0,8,0,0,1,0,0,8,0,0,0,0,0,0,0,0,0,0,0,0,0,0,0,0,0,0,0,0,16,0,0,0,0,0,0,0,0,0,0,0,0,0,0,0,3,0,0,0,0,0,0,1,0,0,0,0,1,0,0,0,3,9,0,3,0,0,0,1,0,0,6,0
33,420,2003,g04,61.9388052,25.300435,404.2816667,16.1465,72,0.989736941,601022.375,24000,4800,5,0.037550214,0.046667792,10.8,362,0,1,0,0,0,0,1,0,0,0,0,0,0,0,1,1,0,0,0,0,0,1,0,3,0,1,0,0,0,0,0,0,0,7,0,0,1,0,0,0,0,1,1,0,0,0,0,0,0,2,0,1,0,0,0,0,0,0,0,0,0,0,0,0,0,1,0,0,0,1,0,0,1,0,0,0,76,0,1,0,0,0,1,8,1,0,0,1,0,2,2,0,24,0,0,12,0,0,0,0,0,0,0,0,2,0,0,0,1,0,0,0,4,0,0,0,1,0,1,0,1,0,3,0,0,0,1,0,0,0,0,0,0,0,0,1,2,4,0,0,0,0,0,0,0,3,3,0,0,1,1,0,0,0,0,0,0,0,1,0,0,0,0,0,1,2,0,0,312,0,8,0,0,0,0,0,0,0,0,0,0,0,0,0,0,0,0,0,0,0,0,0,1,0,0,0,0,0,0,0,9,8,0,0,0,0,0,1,0,0,0,0,0,3,0,3,0,0,0,10,1,0,0,17,0,0,0,0,0,13,12,0,3,0,0,0,3,0,0,6,0
34,424,2003,g04,61.8307064,25.3856529,345.2475,2.164,102,0.875404601,625954.4375,24000,4800,5,0.018753618,0.034704907,10.58,360,0,3,0,0,0,0,2,0,0,0,0,0,0,0,0,0,0,0,0,0,0,0,0,0,0,0,0,1,0,0,0,0,1,10,0,0,0,0,0,0,0,0,0,0,1,0,0,0,0,1,0,1,0,0,0,0,0,0,0,0,0,1,0,0,0,0,0,0,0,0,0,0,0,0,0,0,12,0,1,0,0,0,0,16,3,0,0,0,0,0,0,0,0,0,0,3,0,0,0,1,0,0,0,0,0,0,0,0,0,0,0,0,0,0,0,0,1,0,0,0,0,0,0,0,0,0,1,0,0,0,0,1,0,0,0,0,1,0,0,0,0,0,0,0,0,0,2,0,0,0,1,0,0,0,0,0,0,0,0,0,0,0,0,0,0,0,0,0,4,0,4,0,0,0,0,0,0,0,0,0,0,0,0,0,0,0,0,0,0,0,0,0,1,0,0,0,0,0,0,0,1,0,0,0,0,0,0,0,0,0,0,0,0,0,0,0,0,0,0,0,0,0,0,1,0,1,0,0,0,3,3,0,3,0,0,0,2,0,0,4,0
35,430,2003,g04,61.859705,25.3531943,294.76625,34.80166667,88,0.826091013,601886.625,24000,4800,5,0.052129409,0.028112427,10.57,365,0,0,0,0,0,0,0,0,0,0,0,0,0,0,0,0,0,0,0,0,0,0,0,0,0,0,0,0,0,0,0,0,0,7,0,0,0,0,0,0,0,0,0,0,0,0,0,0,0,1,0,0,1,0,0,0,0,0,0,0,0,1,0,0,0,0,0,0,0,0,0,0,0,0,0,0,21,0,0,0,0,0,1,8,4,0,0,0,0,0,12,0,0,0,1,9,0,0,0,0,0,0,0,0,0,0,0,0,0,0,0,0,0,0,0,0,0,0,0,0,0,1,0,0,0,0,10,0,0,0,0,0,0,0,0,0,0,4,0,0,0,0,0,1,0,0,0,0,0,0,4,0,0,0,0,0,0,0,2,0,0,0,0,0,0,4,0,0,12,0,0,0,0,0,0,1,0,0,0,0,0,0,1,0,0,0,0,0,0,0,0,1,0,0,1,0,0,0,0,0,1,0,0,0,1,0,0,0,0,0,0,0,0,0,0,0,0,0,6,3,0,0,0,12,3,0,4,0,0,0,1,0,1,0,0,0,0,0,4,1,0
36,463,2003,g04,61.8673512,24.9570478,331.1241667,21.778,106,0.9801434,614642.3125,24000,4800,5,0.067428854,0.035724286,10.67,362,0,3,0,0,0,0,0,0,0,0,2,0,0,0,0,0,0,0,0,0,0,1,0,0,0,0,0,0,0,0,0,0,0,66,0,0,0,0,0,0,0,0,0,0,0,0,0,0,0,1,0,0,0,0,0,0,0,0,0,0,0,1,0,0,0,1,1,0,0,0,0,0,0,0,0,0,29,0,0,0,0,0,2,0,3,0,0,0,0,0,0,0,2,0,0,3,0,0,0,0,0,0,0,0,0,0,0,0,0,0,0,0,0,0,0,0,0,0,1,0,1,0,0,0,0,0,0,0,0,1,0,1,0,0,0,0,0,0,0,0,1,0,0,1,0,0,0,0,0,0,1,0,0,0,0,0,0,0,1,1,0,0,0,1,0,2,0,0,16,0,4,0,0,0,0,0,0,0,0,0,0,0,0,0,0,0,0,0,0,0,0,0,1,0,0,0,0,0,0,0,1,0,0,1,0,0,0,0,0,0,0,0,0,0,0,0,0,1,0,1,0,0,0,1,0,0,0,1,0,0,6,0,3,0,0,0,2,0,0,1,0
37,464,2003,g04,61.8601201,25.3624065,340.78125,10.146,97,0.987345254,579462.375,24000,4800,5,0.038989373,0.045950668,10.62,362,0,0,0,1,0,0,1,0,0,0,0,0,0,1,0,0,0,1,0,0,0,0,0,0,0,0,0,0,0,0,0,0,0,3,0,0,0,0,0,0,0,0,0,0,0,0,0,0,0,0,0,0,0,0,0,0,0,1,0,0,0,0,1,0,0,0,0,0,0,0,0,0,0,0,0,0,266,0,1,0,0,0,0,8,51,0,1,0,0,0,17,0,10,0,0,5,0,0,0,0,0,0,0,0,0,0,0,0,0,0,0,0,8,0,1,0,0,0,0,0,0,2,0,0,0,2,5,0,0,0,0,0,0,0,0,0,3,0,0,0,0,0,0,1,0,0,1,0,0,0,1,0,0,1,0,0,0,0,1,0,0,0,0,0,0,6,0,0,32,0,4,0,0,0,0,0,0,0,0,0,0,0,0,0,0,0,0,0,0,0,0,0,0,0,0,0,0,0,0,0,0,4,0,0,0,0,0,0,0,0,0,0,0,0,0,0,0,3,1,9,0,0,0,1,0,0,4,0,0,2,1,0,1,0,0,0,0,0,1,6,0
38,465,2003,g04,62.130921,25.2580101,425.48375,12.1445,92,0.794031499,595110.75,24000,4800,5,0.042206804,0.051455766,10.53,364,0,0,1,0,0,0,3,0,0,0,0,0,1,0,2,0,0,1,0,0,0,3,0,0,0,3,0,0,0,0,4,0,0,32,1,0,0,1,0,0,0,5,2,0,1,9,0,0,0,7,1,5,0,0,0,0,0,0,0,0,0,1,0,0,0,0,0,0,0,0,0,0,0,0,0,3,46,0,1,0,0,0,6,8,3,0,0,1,0,4,8,0,1,0,0,18,0,0,0,0,0,0,3,0,0,0,0,0,0,0,0,1,0,0,1,0,0,2,1,0,1,0,0,0,1,1,15,0,0,0,0,0,0,0,0,0,0,4,0,0,0,0,1,1,0,1,4,0,0,0,15,0,0,0,5,0,1,0,5,0,1,0,0,0,0,0,0,0,88,0,0,1,0,0,0,2,0,16,0,0,0,0,0,0,0,0,0,0,1,0,1,1,0,0,0,0,0,0,0,0,5,0,2,0,0,0,0,0,1,0,0,0,0,4,0,0,0,0,0,0,1,0,1,3,1,0,4,1,0,4,1,2,10,0,0,0,4,0,3,3,0
39,467,2003,g04,62.000641,25.1597393,522.17625,3.0075,95,0.810322664,612235.625,24000,4800,5,0.02709796,0.101786436,10.57,364,0,1,0,0,0,0,1,0,0,0,0,0,0,0,1,0,0,0,0,0,0,1,1,1,0,0,0,0,0,0,0,0,0,7,3,0,1,0,0,0,0,0,1,0,0,0,0,0,0,2,3,0,0,0,0,0,0,0,5,0,0,0,0,0,0,0,0,0,0,0,2,0,0,0,0,0,16,0,0,0,0,0,3,8,0,0,0,0,0,0,1,0,1,0,0,10,0,0,0,0,0,0,1,0,0,0,0,0,0,0,0,0,0,0,1,0,0,0,0,0,1,2,0,1,0,1,8,0,0,0,1,1,0,0,0,0,1,4,0,0,0,0,0,0,0,1,0,0,0,0,3,0,0,1,0,0,0,0,0,0,0,0,0,0,3,0,1,0,44,0,4,0,0,0,0,1,4,0,0,0,0,0,0,0,0,0,0,0,0,0,0,0,0,0,0,0,0,0,0,0,1,0,0,0,0,0,0,0,0,0,0,0,0,1,0,0,0,0,0,0,0,0,0,2,0,0,8,0,0,1,8,1,7,1,0,0,2,0,1,1,0
40,479,2003,g04,61.8731906,25.2447631,181.1775,0.3145,103,0.993144844,612883,24000,4800,5,0.022238289,0.06449164,11.05,356,0,3,0,0,0,1,0,0,0,1,2,0,0,0,1,0,0,1,0,0,0,0,0,0,0,0,0,0,0,0,0,0,0,7,0,0,0,0,0,0,0,0,0,0,0,0,0,0,0,4,0,1,0,0,0,0,0,0,0,0,0,0,0,0,0,0,0,0,0,0,0,0,0,0,0,0,2,0,0,0,0,0,0,8,0,0,0,0,0,0,0,0,1,0,0,0,0,0,0,0,0,0,0,0,0,0,0,0,0,0,0,0,4,0,0,0,0,0,0,0,0,0,0,0,0,0,0,0,0,0,1,0,0,0,0,0,0,8,0,0,0,0,0,0,1,0,0,0,0,0,0,0,1,0,0,0,0,0,0,0,0,0,0,0,0,0,0,0,12,0,0,8,0,0,0,0,0,16,0,0,0,0,0,0,0,0,0,0,0,0,0,0,0,0,0,0,0,0,0,0,7,0,0,0,0,0,0,0,0,0,0,0,0,0,0,0,0,0,0,0,0,0,0,0,0,0,4,0,1,6,3,0,4,0,0,0,1,0,4,1,0
41,509,2003,g05,62.8120697,25.6431259,378.3275,6.795,107,0.853810521,611025.5,24000,4800,5,0.061743124,0.015236728,10.3,357,0,3,0,0,0,0,1,0,0,0,1,0,0,0,1,0,0,0,0,0,0,2,0,1,0,4,0,0,0,0,0,0,0,41,0,0,0,0,1,0,0,3,0,0,0,0,0,0,0,3,1,0,0,0,0,0,1,1,0,0,0,0,0,0,0,0,1,0,0,0,0,0,0,0,0,0,14,0,1,0,0,0,0,8,2,0,0,0,0,0,3,0,1,0,0,1,0,0,0,0,0,0,0,0,0,0,0,0,0,1,0,0,0,0,0,0,1,0,0,0,6,0,0,0,0,0,1,0,0,0,0,2,1,0,0,0,0,12,0,0,1,0,0,0,0,0,0,0,0,0,0,0,1,0,0,0,0,0,0,0,0,0,0,0,0,0,0,1,88,0,0,0,0,0,0,1,0,0,0,0,0,0,0,0,0,0,0,4,0,0,0,0,1,0,3,0,0,0,0,0,0,0,0,0,0,0,0,0,0,0,0,1,0,1,0,0,0,0,0,2,1,0,0,0,0,0,4,0,0,4,1,0,3,0,0,0,1,0,0,1,1
42,513,2003,g05,62.7479039,25.1831027,493.845,22.059,83,0.744390953,622140.25,24000,4800,5,0.091779094,0.036290843,10.18,356,0,2,0,0,0,1,1,0,0,0,3,0,0,1,0,0,0,1,0,0,0,0,0,1,0,1,0,1,0,0,0,0,0,12,3,0,1,0,0,0,0,1,5,0,0,0,0,0,0,10,1,1,0,4,1,0,0,0,0,0,0,0,0,0,0,0,0,0,0,0,0,0,0,0,0,0,8,0,3,2,1,0,0,8,5,0,0,0,0,0,9,1,3,0,0,1,0,0,0,0,0,0,0,0,1,0,0,0,0,0,0,0,4,0,0,0,1,1,1,0,2,1,0,0,0,1,0,0,0,0,0,1,1,0,0,0,0,12,0,0,1,0,1,0,0,0,0,0,1,1,9,1,1,0,0,1,2,0,0,0,0,0,0,0,0,0,0,0,180,0,8,0,0,0,0,1,4,0,0,0,0,0,0,0,0,0,0,0,1,0,0,0,0,0,0,0,0,0,0,0,0,0,0,1,0,0,0,0,0,0,0,0,0,0,0,2,0,0,0,0,0,0,0,0,0,0,0,0,0,1,1,0,1,2,0,0,3,0,0,1,0
43,521,2003,g05,62.4270369,25.3418718,338.5508333,1.4725,88,0.953746483,615181.6875,24000,4800,5,0.036816797,0.063889743,10.07,370,0,1,0,0,0,0,6,0,0,0,2,0,0,0,3,0,0,0,0,0,0,0,0,2,1,24,0,1,0,0,0,1,1,38,0,0,0,0,0,0,0,0,0,0,0,0,0,0,0,1,3,0,0,0,0,0,0,0,0,0,0,0,0,0,0,0,1,0,0,0,0,0,0,0,0,0,35,0,1,0,0,0,0,0,10,0,0,2,0,0,12,0,4,0,0,14,0,0,0,0,0,0,0,0,0,0,0,0,0,0,0,0,4,0,0,0,1,2,1,0,6,1,0,0,1,0,1,0,0,0,1,0,0,0,0,0,0,16,0,0,1,0,0,0,0,2,1,0,0,0,3,0,1,1,0,0,0,0,0,0,1,0,12,0,2,0,1,0,88,0,12,0,0,0,0,0,0,0,0,0,0,0,0,0,0,0,0,0,0,0,0,0,1,0,0,0,0,0,0,0,2,0,0,0,0,0,0,0,0,0,0,0,0,7,0,0,0,0,0,1,0,0,0,1,0,0,0,0,0,3,3,0,7,0,0,0,2,0,0,3,0
44,522,2003,g05,62.7949031,25.2533408,207.2858333,10.486,104,0.925871281,617680.75,24000,4800,5,0.05770992,0.0210623,10.05,356,0,10,0,0,0,1,1,0,0,0,1,1,0,0,1,0,0,0,0,0,0,1,0,0,0,14,0,1,0,0,0,0,0,15,0,0,0,0,0,0,0,1,1,0,0,0,0,0,1,9,4,4,0,0,0,0,0,0,0,0,0,1,0,0,0,0,0,0,0,0,0,0,0,0,0,0,11,0,1,0,1,0,1,0,0,0,0,1,0,0,0,1,0,0,0,3,0,0,0,0,0,0,0,0,0,0,0,0,0,0,0,0,4,0,2,0,0,0,1,0,17,0,0,0,0,0,1,0,0,0,1,1,2,0,1,0,0,12,0,0,0,0,0,0,0,0,1,0,0,0,1,0,0,0,0,0,0,0,0,0,0,0,0,0,1,0,1,0,40,0,12,0,0,0,0,0,0,0,0,0,0,0,0,0,0,0,0,0,1,0,0,1,0,0,1,0,0,16,0,0,1,0,0,0,0,0,0,0,0,0,0,0,0,2,0,1,0,0,0,1,0,0,0,1,0,0,4,0,0,1,3,0,6,0,0,0,3,0,1,1,1
45,523,2003,g05,62.5731072,25.3087998,167.83875,28.0465,78,0.917443082,621386.4375,24000,4800,5,0.033766328,0.091402926,10.12,365,0,0,0,0,0,1,6,0,0,0,1,0,0,2,3,0,0,0,0,0,0,0,0,2,0,2,0,0,0,1,1,0,0,1,0,0,0,0,0,0,0,0,7,0,0,0,0,0,0,7,1,1,0,1,0,0,0,0,0,0,0,0,0,0,0,1,1,0,0,0,0,0,1,3,0,0,30,0,0,0,1,0,0,8,1,1,0,1,0,0,0,0,3,0,0,36,0,0,0,0,0,0,0,0,0,0,0,0,0,0,0,0,0,0,0,0,1,0,0,0,4,0,0,0,0,1,7,0,0,0,0,1,0,0,0,0,0,4,0,0,0,0,0,0,0,0,0,0,0,0,0,0,0,0,0,0,0,0,1,0,1,0,0,0,0,0,0,0,72,0,4,0,0,0,0,0,4,0,0,0,0,0,0,0,0,0,0,0,0,0,0,0,0,0,0,0,0,0,0,0,0,0,0,0,0,0,0,0,1,0,0,0,0,3,0,0,0,0,0,0,0,0,0,1,0,0,0,0,0,1,1,0,3,1,0,0,1,0,0,3,0
46,567,2003,g05,62.7516579,25.1694838,240.638,4.3005,93,0.984007098,612118.875,24000,4800,5,0.11907387,0.029949598,10.22,354,0,1,0,0,0,2,0,0,0,0,0,0,0,0,0,0,0,0,0,0,0,0,0,0,0,0,0,0,0,1,0,0,2,6,0,0,0,0,0,0,0,0,0,0,0,0,0,0,0,6,6,4,0,0,0,0,0,0,0,0,0,0,0,0,0,0,1,0,0,0,0,0,0,4,0,3,44,0,1,1,0,0,0,8,0,0,0,0,0,0,7,0,46,0,1,9,0,0,3,0,0,0,0,0,0,0,0,0,0,0,0,0,0,0,0,0,2,0,0,0,4,1,0,0,0,0,3,0,0,0,1,0,1,0,0,0,0,12,0,0,0,0,1,3,0,4,6,0,0,1,0,0,0,0,0,0,0,0,0,0,0,0,0,0,0,0,0,0,12,1,4,0,0,0,0,1,0,0,1,0,0,0,1,0,0,0,0,0,0,0,0,1,1,0,0,0,0,0,0,0,2,4,0,0,0,1,0,0,0,0,0,0,0,0,0,0,0,0,0,3,0,0,0,1,0,0,4,1,0,0,0,0,0,0,0,0,3,0,1,12,1
47,570,2003,g05,62.8086237,25.5117099,207.9108333,3.352,104,0.967321728,600324.6875,24000,4800,5,0.059041364,0.013217705,10.35,354,0,1,0,0,0,1,0,0,0,0,0,0,0,0,0,0,0,0,0,0,0,0,0,1,1,2,0,1,0,0,0,0,0,4,0,0,0,0,0,0,0,1,0,0,0,0,0,0,0,6,3,1,0,0,0,0,0,0,0,0,0,0,0,0,4,0,0,0,0,0,0,0,0,1,0,1,34,0,0,0,0,0,0,8,1,0,0,1,0,0,0,0,5,0,0,1,0,0,0,0,1,0,0,0,0,0,0,0,0,0,0,1,4,0,0,0,1,1,0,0,3,0,0,1,0,0,3,0,0,0,0,1,1,0,0,0,0,0,0,0,0,0,0,0,0,0,0,0,1,0,0,0,0,0,0,0,0,0,0,0,0,0,0,0,1,2,1,0,4,0,28,0,0,0,0,1,4,0,0,0,0,1,0,0,0,0,0,0,1,0,0,1,1,0,1,0,0,16,0,0,1,0,0,0,0,0,0,0,0,0,0,0,0,3,0,0,0,0,0,2,0,0,0,0,0,0,4,0,0,0,3,3,6,1,0,0,6,0,1,6,1
48,571,2003,g05,62.7579186,25.6229466,177.9625,30.694375,104,0.797141252,595189.3125,24000,4800,5,0.042922217,0.039536811,10.28,355,0,3,2,0,0,3,1,0,0,0,0,0,0,0,1,0,0,4,0,1,0,0,0,0,0,0,0,0,0,1,0,0,1,4,0,0,0,1,0,0,0,1,0,0,0,0,0,0,6,6,9,5,0,0,0,1,1,0,1,0,0,1,0,0,0,10,0,0,0,0,1,0,0,0,0,1,21,0,0,0,4,0,0,8,0,0,0,1,0,0,0,1,2,0,1,3,0,0,0,0,0,0,0,0,0,0,0,0,0,3,0,0,0,0,0,0,1,0,1,0,0,0,0,0,0,0,1,0,0,0,0,0,0,0,0,0,0,4,0,0,0,0,0,0,0,0,0,0,0,0,0,0,0,0,0,0,0,0,0,0,0,0,0,0,0,0,1,0,4,0,4,0,0,0,0,0,8,16,0,0,1,0,0,0,0,0,0,0,1,0,0,0,3,0,0,0,0,16,0,0,1,0,0,0,0,1,0,0,0,0,0,0,0,1,0,0,0,0,0,11,0,0,0,1,0,2,0,0,0,1,1,1,3,1,0,0,18,0,0,17,1
49,573,2003,g05,62.6717488,25.3410227,269.9058333,0.6525,103,0.913025222,597352.4375,24000,4800,5,0.084945052,0.0764403,10.6,351,0,0,0,0,0,0,1,0,0,0,1,0,0,0,0,1,0,0,0,0,0,0,0,0,0,0,0,0,0,0,0,0,1,9,0,0,0,0,0,0,0,0,0,0,0,0,0,0,0,1,1,4,0,0,0,0,0,0,0,0,0,0,0,0,0,0,0,1,0,0,0,0,0,0,0,0,14,0,0,0,1,0,0,0,1,0,0,0,0,0,5,0,3,0,0,3,0,0,0,0,0,0,0,0,0,0,0,0,0,0,0,0,0,0,0,0,1,1,0,0,0,0,0,0,0,0,3,0,0,0,3,0,0,0,0,0,0,4,0,0,0,0,0,0,0,0,0,0,1,0,2,0,0,0,0,0,0,0,1,0,0,0,0,0,0,2,0,0,8,0,4,0,0,0,0,0,0,0,0,0,0,0,0,0,0,0,0,0,0,0,0,0,0,0,0,0,0,16,0,0,0,0,0,0,0,0,0,0,0,0,0,0,0,1,0,0,0,0,0,1,0,0,0,0,0,0,4,0,0,0,0,1,6,0,0,0,5,0,1,3,0
50,579,2003,g05,62.5650065,25.3217076,229.735,4.9785,123,0.944677563,589792.5,24000,4800,5,0.034113883,0.064010389,10.12,366,0,0,0,0,0,1,11,0,0,0,2,0,0,0,0,1,0,0,0,0,0,0,0,1,0,1,0,0,0,1,0,0,0,3,0,0,0,0,0,0,0,2,0,0,0,0,0,0,1,3,10,9,0,0,0,0,0,1,0,0,0,0,0,0,0,0,1,0,0,0,0,0,0,0,0,0,69,0,0,0,0,0,1,8,0,0,0,0,0,0,0,0,3,0,0,9,0,0,0,0,0,0,0,0,0,0,0,0,0,0,0,0,0,0,0,0,5,0,0,0,1,0,0,0,0,0,1,0,0,0,0,0,0,0,0,0,0,4,0,0,0,0,0,0,0,0,0,0,0,0,0,0,0,0,0,0,0,0,1,0,0,0,0,0,0,0,0,0,40,0,52,0,0,0,0,0,4,0,0,0,0,1,0,0,0,0,0,0,0,0,0,0,0,0,0,0,0,0,0,0,0,0,0,0,0,0,0,0,1,0,0,0,0,3,0,0,0,0,0,0,0,0,0,0,0,0,4,0,0,0,0,3,3,0,0,0,5,0,3,1,0
51,602,2003,g06,62.6182747,30.1964377,131.7925,8.976,100,0.942845761,619356.625,24000,4800,5,0.017119668,0.048807821,9.97,366,0,1,0,0,3,1,8,0,0,0,0,0,0,0,1,0,0,1,1,0,1,1,0,2,0,1,0,1,0,0,0,0,0,14,3,0,1,0,0,0,0,12,0,0,0,0,0,0,1,2,1,1,0,0,0,0,0,0,0,0,0,0,0,1,0,3,1,1,0,0,0,0,0,0,0,0,40,1,0,0,1,0,0,48,1,0,0,4,0,0,0,0,3,0,0,12,0,0,0,0,0,0,0,0,1,0,0,4,0,1,0,0,0,0,3,0,1,1,0,0,0,1,0,0,1,0,5,0,0,0,3,1,1,0,0,0,1,12,0,0,0,1,0,1,1,0,3,0,0,1,1,0,1,0,0,0,0,0,0,0,0,0,0,1,3,2,1,1,212,0,4,1,0,0,0,1,0,0,0,0,0,0,0,0,0,0,0,0,1,1,1,0,0,0,0,0,0,16,0,0,0,0,0,0,0,0,0,0,0,0,0,0,0,1,0,0,0,0,0,5,0,0,0,1,0,0,4,0,0,20,0,0,13,0,0,0,5,0,0,9,1
52,605,2003,g06,62.8745669,29.047228,204.2191667,10.3985,60,0.292516618,624444.4375,24000,4800,5,0.026344574,0.055860743,10.25,358,0,0,0,0,0,1,3,0,0,0,0,0,0,0,0,0,0,0,0,0,0,0,0,0,0,1,0,0,0,0,0,0,1,4,0,0,0,0,0,0,0,1,1,0,0,0,0,0,0,2,0,0,0,0,0,0,1,0,0,0,0,0,0,0,0,0,0,0,0,0,0,0,0,0,0,0,0,0,0,0,0,0,1,0,1,0,0,0,0,0,0,0,0,0,0,2,0,1,2,0,0,0,0,0,1,0,0,0,0,0,0,4,0,0,1,0,0,0,0,0,5,1,0,0,0,0,2,0,0,0,1,0,0,0,0,0,1,12,0,0,1,0,0,0,0,0,0,0,1,0,1,0,0,0,0,0,0,0,0,0,0,0,0,0,0,0,0,0,0,0,0,1,0,0,0,0,0,0,0,0,0,0,0,0,0,0,0,0,0,0,1,0,0,0,0,0,0,16,0,0,0,0,0,0,0,0,0,0,0,0,0,0,0,0,1,2,0,0,0,6,0,0,0,0,2,0,4,0,0,3,0,0,2,3,0,0,1,0,0,3,0
53,607,2003,g06,62.5708115,30.0114226,311.45875,33.0115,80,0.975975952,610358.5,24000,4800,5,0.025892722,0.036460963,10.32,353,0,0,0,0,0,0,1,0,0,0,0,0,0,0,0,0,0,0,0,0,1,0,0,0,0,0,0,0,0,0,0,0,0,1,0,0,0,0,0,0,0,1,0,0,0,0,0,0,0,0,0,0,0,0,0,0,0,0,0,0,0,1,0,0,0,1,0,0,0,0,0,0,0,0,0,0,7,0,0,0,0,0,3,8,1,0,1,0,0,0,0,1,3,0,0,17,0,0,0,0,0,0,1,0,0,0,0,0,0,0,0,0,0,0,0,0,2,0,0,0,1,0,0,2,0,0,4,0,0,0,1,0,1,0,0,0,1,0,0,0,0,0,0,0,0,0,0,0,0,0,3,1,1,0,0,0,1,1,1,0,0,0,0,0,1,2,1,0,48,1,4,0,0,0,4,1,4,32,0,0,0,0,0,0,0,0,0,0,0,0,0,0,0,0,0,0,0,0,0,0,0,0,0,0,0,0,0,0,0,0,0,0,0,1,0,0,0,0,1,0,0,0,0,1,0,0,4,0,1,3,0,0,4,0,0,0,2,0,0,6,0
54,613,2003,g06,62.4447958,29.9413788,250.5058333,14.4025,70,0.959155974,623320.1875,24000,4800,5,0.003542652,0.084174591,10.48,340,0,1,0,0,0,0,0,0,0,0,0,2,0,0,0,0,0,0,0,0,0,0,0,0,0,1,0,0,0,0,0,0,0,28,0,0,0,1,0,0,0,2,2,0,0,0,0,0,0,3,0,0,1,0,0,0,0,0,0,0,0,0,0,1,0,1,0,1,0,0,0,0,0,0,0,0,6,1,0,0,1,0,2,8,3,0,0,1,0,0,0,0,1,0,0,6,0,0,0,0,0,0,0,0,0,0,0,0,0,1,0,1,4,0,0,0,1,0,0,0,3,0,0,0,0,1,0,0,0,0,0,1,0,0,0,0,3,4,0,0,0,0,0,0,0,1,3,0,0,0,0,0,1,0,0,0,0,0,0,0,0,0,0,3,1,0,0,0,132,0,20,1,0,0,0,1,4,0,0,0,0,0,0,1,0,0,0,0,0,0,0,0,0,0,1,0,0,0,0,0,0,0,0,1,0,0,0,0,0,0,0,0,0,0,0,2,0,0,0,1,2,0,0,0,0,0,0,0,0,3,0,0,0,0,0,0,0,0,0,1,0
55,614,2003,g06,62.3275415,30.1148553,137.935,22.6075,55,0.031337224,618519.5625,24000,4800,5,0.016773583,0.049476037,10.27,350,0,0,0,0,0,2,1,0,0,0,1,0,0,0,1,0,0,1,0,0,1,1,0,5,0,0,0,1,0,0,0,0,0,0,1,0,0,0,0,0,1,3,0,0,0,0,0,0,0,3,0,2,0,0,0,0,0,0,0,0,0,0,0,0,0,0,0,0,0,0,0,0,0,0,0,0,0,0,0,0,0,0,0,0,0,0,0,0,0,0,0,0,0,0,0,3,0,0,0,1,0,0,0,0,0,0,0,0,0,0,0,0,0,0,0,0,0,1,0,0,11,0,0,0,0,1,0,0,0,0,0,1,1,0,0,0,0,4,0,0,2,0,0,0,0,1,0,0,0,0,1,0,0,0,0,0,0,0,0,0,0,0,0,2,0,2,1,0,4,1,0,0,0,0,0,0,16,0,0,0,0,0,0,0,0,0,0,0,1,0,0,0,0,0,1,0,0,16,0,0,0,0,0,0,0,0,0,0,0,0,0,0,0,0,0,1,0,0,0,0,0,1,0,0,0,1,4,0,0,0,0,0,0,1,0,0,1,0,0,2,0
56,652,2003,g06,62.9766211,29.0507772,227.265,4.647,65,0.847842827,638724.875,24000,4800,5,0.036392478,0.026533911,9.65,373,0,0,0,0,0,0,1,0,0,0,0,0,0,0,1,0,0,0,0,0,0,0,0,0,0,3,0,0,0,0,0,0,0,12,0,0,0,0,0,0,0,1,0,0,0,0,0,0,0,1,0,0,0,0,0,0,0,0,0,8,0,0,0,0,0,0,0,0,0,0,0,0,0,0,0,0,22,3,0,0,0,0,1,16,0,1,0,0,0,0,0,0,1,0,0,11,0,0,0,0,0,0,0,0,1,0,1,0,0,0,0,0,0,0,0,0,3,1,0,0,6,0,0,0,1,0,4,0,0,0,0,4,0,0,0,0,0,4,0,0,1,0,0,0,0,0,1,0,0,0,0,0,0,0,0,0,0,0,0,0,0,0,0,0,0,0,0,0,20,0,0,0,0,0,0,0,0,0,0,0,0,0,0,0,0,0,0,0,0,0,0,0,0,0,0,0,0,0,0,0,0,0,0,1,0,0,0,0,1,0,0,0,0,0,0,0,0,0,0,0,0,0,0,0,0,0,8,0,0,4,0,0,11,0,0,0,3,0,2,6,0
57,660,2003,g06,62.427682,29.8581314,240.4045,3.9815,60,1,610568.6875,24000,4800,5,0.004510868,0.081127469,10.52,332,0,0,0,0,0,0,0,0,0,0,0,0,0,0,0,0,0,0,0,1,0,0,0,0,0,0,0,0,0,0,0,0,0,6,1,0,0,1,0,0,0,2,0,0,0,0,1,0,0,1,2,0,0,0,0,1,0,0,0,8,0,0,0,0,0,1,0,0,0,0,0,0,0,0,0,0,54,0,0,0,1,0,0,8,0,0,0,1,0,0,2,1,1,0,0,12,0,0,4,1,0,0,0,0,0,0,0,0,0,0,0,4,0,0,0,0,0,0,0,0,3,1,0,0,1,0,1,0,0,0,0,0,3,0,1,0,1,0,0,0,1,0,1,1,0,0,0,0,0,0,0,0,0,0,0,0,1,0,0,0,0,0,0,0,2,2,1,1,56,0,4,0,0,0,0,0,4,0,0,0,0,0,0,0,0,0,0,0,0,0,0,0,0,0,0,0,0,0,0,0,0,0,0,0,0,0,0,0,0,0,0,0,0,0,0,1,0,0,0,12,7,0,0,0,0,0,4,0,0,0,1,0,1,1,0,0,1,0,0,8,0
58,662,2003,g06,62.9729167,29.2442992,155.8325,9.603,72,0.797370574,602508.8125,24000,4800,5,0.016057698,0.006712034,10.12,359,0,0,0,0,0,0,2,0,0,0,0,0,0,0,0,0,0,0,0,0,0,0,0,0,0,0,0,0,0,0,0,0,0,1,0,0,0,0,0,0,0,0,0,0,0,0,0,0,0,1,0,1,0,0,0,1,1,0,0,0,0,0,0,0,0,1,0,0,0,0,0,0,0,0,0,0,10,0,0,1,1,0,0,8,0,0,0,1,0,0,0,0,2,0,0,19,0,0,1,0,0,0,0,0,0,0,0,0,0,1,0,0,0,0,0,0,0,0,0,0,1,0,0,0,0,0,1,0,0,0,1,0,1,0,0,0,0,4,0,0,0,0,0,0,0,0,0,0,0,0,1,0,1,0,0,0,1,0,2,0,0,0,0,0,0,0,1,1,12,1,0,0,0,0,0,1,0,0,0,0,0,0,0,0,0,0,0,0,0,0,1,0,0,0,0,0,0,0,0,0,0,0,0,0,0,0,0,0,0,0,0,0,0,0,0,0,0,0,0,4,0,0,0,0,0,1,0,0,1,3,1,1,10,1,0,0,5,0,0,9,1
59,670,2003,g06,62.8789801,29.0829228,225.64,0.856,94,0.808450408,606999.1875,24000,4800,5,0.012620208,0.063034945,10.22,356,0,1,0,0,0,0,4,0,0,0,0,0,0,0,0,0,0,0,0,0,0,2,0,1,0,1,0,0,0,1,1,0,0,14,0,0,0,0,0,0,0,1,1,0,0,0,0,0,0,6,0,1,0,0,0,0,0,0,0,0,0,1,0,0,0,0,0,0,0,0,0,0,0,0,0,0,3,0,0,0,1,0,0,8,0,1,1,1,0,0,0,0,1,0,0,3,0,0,0,0,0,0,0,0,0,0,0,0,0,1,0,1,0,0,1,1,0,0,0,0,0,1,0,0,2,0,0,0,0,0,0,0,1,0,0,0,0,8,0,0,0,0,0,1,0,0,1,0,0,0,1,0,0,0,0,0,0,0,0,1,0,0,0,0,1,0,0,0,20,0,4,0,0,0,0,0,0,0,0,0,0,0,0,0,0,0,0,0,0,0,1,0,0,0,0,0,0,0,0,0,0,0,0,0,0,0,0,0,0,0,0,0,0,0,0,0,0,0,0,0,0,0,0,1,1,0,4,0,0,3,0,0,11,0,0,0,3,0,1,5,0
60,678,2003,g06,62.7023978,29.9209783,285.4375,1.508,92,0.973072039,593636.9375,24000,4800,5,0.045744732,0.067504593,10.42,350,0,0,0,0,0,0,1,0,0,0,0,0,0,0,1,0,0,0,0,0,2,0,0,0,0,2,0,0,0,0,0,0,0,1,0,0,0,0,0,0,0,1,0,0,0,0,0,0,0,1,0,0,0,0,0,0,0,0,0,0,0,0,0,0,0,0,0,0,0,0,0,0,0,0,0,0,8,0,0,0,1,0,0,8,2,0,1,0,0,0,1,0,3,0,0,3,0,0,0,0,0,0,0,0,0,0,0,0,0,0,0,0,0,0,0,0,0,0,1,0,2,0,0,0,0,0,0,0,0,0,0,0,0,0,0,0,2,0,0,0,0,1,1,0,0,0,1,0,0,0,0,0,0,0,0,0,0,0,0,0,0,0,0,0,0,0,0,0,16,0,12,0,0,0,0,0,0,0,0,0,0,0,0,0,0,0,0,0,0,0,0,0,0,0,0,0,0,0,0,0,0,0,0,0,0,0,0,0,0,0,0,0,0,0,0,0,0,0,0,2,0,0,0,0,0,0,0,0,0,2,0,0,10,0,0,0,0,0,0,1,0
61,702,2003,g07,63.5263072,29.0498234,339.6625,21.9875,94,0.71665256,606994.4375,24000,4800,5,0.112934383,0.04802284,9.65,364,0,0,0,0,0,1,1,0,0,0,0,0,0,0,0,0,0,0,0,0,0,0,0,0,0,0,0,0,0,0,6,0,0,2,1,0,0,0,0,0,0,0,0,0,0,0,0,0,0,1,1,3,0,0,0,0,0,0,0,0,0,0,0,0,4,1,0,0,0,0,0,0,1,0,0,0,29,1,0,0,1,0,0,0,1,0,0,1,0,0,0,0,1,0,0,21,0,0,0,0,0,0,0,0,0,1,0,0,0,0,1,0,0,0,0,0,0,1,0,0,3,0,0,0,0,2,1,0,0,0,0,0,0,0,0,0,1,12,0,0,0,0,0,0,0,1,0,0,0,0,1,0,0,0,0,0,1,0,1,0,1,0,0,0,0,0,1,0,36,0,12,0,0,0,0,1,4,0,0,0,0,0,0,0,0,0,0,0,0,0,0,0,0,0,0,0,0,0,0,0,0,0,0,0,0,0,0,0,1,0,0,0,0,2,0,4,0,0,0,6,0,0,0,0,0,0,16,0,0,1,0,0,7,1,0,0,2,0,1,1,0
62,717,2003,g07,63.4058183,29.8832209,209.6725,3.896,75,0.344149805,600796.0625,24000,4800,5,0.05650507,0.055891796,9.75,374,0,0,0,0,0,1,20,0,0,0,0,0,0,0,1,0,0,1,0,0,0,0,0,0,0,0,0,0,0,0,0,0,0,2,0,0,0,0,0,0,0,1,0,0,0,0,0,0,0,1,0,0,0,0,0,0,0,0,0,0,0,0,0,0,0,0,0,0,0,0,0,0,0,0,0,0,4,0,0,0,0,0,0,0,0,0,0,0,0,0,0,0,1,0,0,17,0,0,0,0,0,0,0,0,0,0,0,0,0,0,0,0,0,0,0,0,0,1,0,0,0,0,0,0,0,1,1,0,0,0,0,1,0,1,0,0,1,0,0,0,0,0,0,0,0,0,0,0,0,0,1,0,0,0,0,0,0,0,0,0,0,0,0,0,1,0,0,0,12,0,0,0,0,0,0,0,0,0,0,0,0,0,0,0,0,0,0,0,0,0,0,0,0,0,0,0,0,16,0,0,0,0,0,0,0,0,0,0,0,0,0,0,0,0,0,0,0,0,0,0,0,0,0,1,0,0,0,0,0,5,0,0,1,0,0,0,2,0,0,6,0
63,719,2003,g07,63.5022194,29.0593047,220.47,19.375,64,0.380647027,599303.1875,24000,4800,5,0.127544527,0.048245076,9.75,359,0,2,0,0,0,0,2,0,0,0,0,0,0,0,0,0,0,0,0,0,1,1,0,2,0,0,0,0,0,0,0,0,0,1,1,0,0,0,0,0,0,0,0,0,0,0,0,0,0,1,0,1,0,0,0,0,0,0,0,0,0,0,0,0,0,0,0,0,0,0,0,0,0,0,0,1,1,0,0,0,2,0,0,0,0,1,0,0,0,0,0,0,0,0,0,10,0,0,0,0,0,0,0,0,0,0,0,0,0,0,0,0,0,0,0,0,0,1,0,0,0,0,1,0,0,1,0,0,0,0,0,1,0,0,0,0,0,4,0,0,0,0,0,1,0,0,1,0,0,0,1,0,0,0,0,0,0,0,0,0,0,0,0,0,0,0,0,0,4,0,0,0,0,0,0,1,4,0,0,0,0,0,0,0,0,0,0,0,0,0,0,0,0,0,0,0,0,0,0,0,0,0,0,0,0,0,0,0,0,0,0,0,0,0,0,0,0,0,0,0,0,0,0,0,0,0,0,0,0,5,2,0,4,1,0,0,0,0,0,1,0
64,720,2003,g07,63.528468,29.1123863,225.98375,22.6325,104,0.861848474,578435.1875,24000,4800,5,0.167252811,0.062329596,9.82,357,0,0,0,0,0,0,1,0,0,0,0,0,0,0,1,0,0,0,0,0,0,0,0,0,0,0,0,0,0,0,0,0,0,0,3,0,0,0,0,0,0,0,0,0,0,0,0,0,0,0,0,0,0,0,0,0,0,0,0,0,0,0,0,0,0,0,1,0,0,0,1,0,0,0,0,0,14,0,0,0,2,0,0,0,2,0,0,0,0,0,1,0,0,0,0,13,0,0,0,0,0,0,0,0,0,0,0,0,0,0,0,0,0,0,0,0,0,0,0,0,1,0,0,0,0,1,3,0,0,0,1,1,0,0,0,1,0,0,0,0,1,0,0,0,0,0,0,0,1,0,3,0,0,0,0,0,0,0,0,0,0,0,0,0,1,0,1,0,28,0,8,0,0,0,0,0,12,0,0,0,0,0,0,0,0,0,0,0,1,0,0,0,0,0,0,0,0,0,0,0,0,0,0,0,0,0,0,0,0,0,0,0,0,0,0,0,0,0,0,2,0,0,0,1,0,0,4,0,0,1,3,0,6,0,0,0,3,0,1,1,0
65,723,2003,g07,63.4555324,29.46944,211.04375,8.8195,78,0.796937839,600130.625,24000,4800,5,0.087059894,0.048719285,9.77,364,0,0,0,0,0,1,0,0,0,0,1,0,0,0,0,0,0,0,0,0,2,0,0,0,0,0,0,0,0,0,0,0,0,5,0,0,0,0,0,0,0,0,0,0,0,0,0,0,0,1,1,0,0,0,0,0,0,0,0,0,0,0,0,0,4,0,0,0,0,0,0,0,0,1,0,0,18,0,0,0,1,0,0,8,0,0,0,1,0,0,0,0,6,0,0,15,0,1,0,0,0,0,0,0,0,0,0,0,0,0,0,0,0,0,1,0,0,1,0,0,1,1,0,0,1,0,5,0,0,0,0,2,0,0,0,0,1,0,0,0,0,0,1,1,0,0,1,0,0,0,1,0,0,0,0,0,0,0,0,0,0,0,0,0,0,0,1,0,4,1,8,0,0,0,0,0,0,0,0,0,0,0,0,0,0,0,0,0,0,0,0,0,0,0,0,0,0,32,0,0,0,0,0,0,0,0,0,0,0,0,0,0,0,0,0,9,0,0,0,1,0,0,0,2,0,0,4,0,0,1,0,0,1,8,0,0,1,0,0,3,0
66,752,2003,g07,63.5174576,29.0398431,231.05125,8.965,80,0.951709848,591682.5,24000,4800,5,0.145944118,0.078310843,9.75,358,0,0,0,0,0,1,3,0,0,0,0,0,0,0,0,0,0,0,0,0,0,0,0,0,0,0,0,0,0,0,0,0,0,3,0,0,0,0,0,0,0,0,1,0,0,0,0,4,0,1,1,1,0,0,0,0,0,0,0,0,0,0,0,0,4,3,0,0,0,0,0,0,0,0,0,0,47,1,0,0,3,0,0,0,1,1,0,0,0,0,0,0,1,0,0,15,0,0,0,0,0,0,0,0,1,0,0,0,0,0,0,1,0,0,0,1,0,0,0,0,5,0,0,0,0,1,3,0,0,0,0,1,1,0,0,0,3,4,0,0,0,0,0,0,0,0,0,0,1,0,0,0,1,0,0,0,0,0,2,0,0,0,0,0,1,0,1,1,28,0,12,1,0,0,0,0,4,0,0,0,0,0,0,0,0,0,0,0,0,1,0,1,1,0,1,0,0,16,0,0,0,0,0,1,0,1,0,0,0,0,0,0,0,0,0,0,0,0,0,1,0,0,0,1,0,0,12,0,0,2,1,5,5,0,0,0,1,0,0,1,0
67,754,2003,g07,63.6047974,29.0331783,282.1008333,1.09,110,0.828063842,550045.125,24000,4800,5,0.150685774,0.037751542,9.82,359,0,1,0,0,0,1,1,0,0,0,1,0,0,0,1,0,0,0,0,0,0,0,0,3,0,0,0,0,0,0,0,0,0,1,1,0,0,0,1,0,0,1,0,0,0,0,0,0,0,3,1,5,0,0,0,0,0,0,0,0,0,0,0,0,0,0,0,0,0,0,0,0,0,0,0,0,7,0,0,0,0,0,0,8,0,0,0,0,0,0,0,0,0,0,0,1,0,0,0,0,0,0,0,0,0,0,0,0,0,0,0,0,0,0,0,0,0,0,0,0,0,0,0,0,1,0,0,0,0,0,0,0,0,0,0,0,0,4,0,0,0,0,0,0,0,0,0,0,0,0,1,0,0,0,0,1,0,0,0,0,0,0,0,0,0,0,1,0,60,0,0,1,0,0,0,0,0,0,0,0,0,0,0,0,0,0,0,0,0,0,0,1,0,0,1,0,0,0,0,0,0,0,0,0,0,0,0,0,0,0,0,0,0,0,0,0,0,0,0,0,1,0,0,1,0,0,4,0,0,3,1,0,11,0,0,0,1,0,1,0,0
68,755,2003,g07,63.4783436,29.1343563,300.5941667,12.205,115,0.9874055,596610.1875,24000,4800,5,0.076378195,0.052899895,9.68,361,0,0,0,0,0,0,3,0,0,0,0,0,0,0,0,0,1,0,0,0,0,0,0,5,0,1,0,0,0,0,0,0,0,29,0,0,0,0,1,0,0,0,0,0,0,0,0,0,0,1,0,1,0,0,0,0,0,0,1,0,0,0,0,0,0,0,0,0,0,0,0,0,0,0,0,1,18,0,0,0,10,0,0,0,0,0,0,0,0,0,0,0,0,0,0,1,0,0,0,0,0,0,0,0,0,0,0,0,0,0,0,0,0,0,0,0,0,0,0,0,0,1,0,0,1,0,1,0,0,0,0,0,0,0,0,0,2,12,0,0,0,0,0,1,0,0,1,0,0,0,1,0,0,0,0,0,0,0,0,0,0,0,0,0,0,0,1,0,24,7,0,0,0,0,0,0,0,0,0,0,0,0,0,0,0,0,0,0,0,0,0,0,0,0,0,0,0,0,0,0,0,0,0,0,0,0,0,0,0,0,0,0,0,0,0,0,0,0,0,3,0,0,0,0,0,0,4,0,0,1,0,1,10,0,0,0,0,0,0,0,0
69,759,2003,g07,63.5697753,29.2733707,256.405,47.8395,107,0.907689983,615739.25,24000,4800,5,0.076655485,0.072487252,9.47,370,0,6,0,0,0,5,2,0,0,0,0,0,0,0,1,0,0,0,0,1,0,0,0,1,0,1,1,0,0,0,0,0,0,13,1,0,0,0,0,0,0,1,1,0,0,0,0,0,1,7,2,6,1,0,0,0,1,0,0,0,0,0,0,0,0,0,0,0,0,0,0,0,0,3,0,0,31,0,0,0,1,0,1,0,1,1,0,1,2,0,0,1,0,0,0,10,0,0,4,0,0,0,0,0,0,0,1,0,1,0,0,1,0,0,0,0,0,1,0,0,7,0,0,1,0,0,3,0,0,0,4,1,4,0,1,1,1,20,0,0,0,0,0,0,0,0,2,0,0,0,1,0,1,0,0,0,0,0,1,0,0,0,0,0,0,0,1,0,28,0,0,0,0,0,0,0,4,0,0,0,0,1,0,0,0,0,0,0,1,0,0,0,0,0,0,0,0,0,0,0,3,0,0,0,0,0,0,1,0,0,0,0,0,0,0,1,0,0,0,11,0,1,0,5,0,1,0,0,0,0,3,6,3,1,0,0,3,0,3,24,0
70,768,2003,g07,63.4119439,30.2828022,256.06875,40.412,98,0.895945913,617093.0625,24000,4800,5,0.091082925,0.028653504,9.75,371,0,1,0,0,0,0,1,0,0,0,0,0,0,0,1,0,0,0,0,2,0,0,0,0,0,1,1,0,0,0,0,0,0,3,0,0,4,0,0,0,0,0,0,0,0,0,0,0,0,3,0,3,0,0,0,0,0,0,0,0,0,0,0,0,4,0,0,0,0,0,0,0,0,0,0,0,5,0,0,0,0,0,0,0,0,0,0,0,0,0,0,0,0,0,0,2,0,0,0,0,0,0,0,0,0,0,0,0,0,1,0,0,0,0,0,0,0,0,0,0,2,0,1,0,1,0,2,0,0,0,0,0,1,0,0,0,3,12,0,0,0,0,0,0,0,0,1,0,0,0,1,0,0,0,0,0,0,0,1,0,0,0,0,0,0,0,1,0,36,0,0,0,1,0,0,0,0,0,0,0,0,0,0,0,0,0,0,0,0,1,0,0,0,0,0,0,0,0,0,0,0,0,0,0,0,0,0,0,0,0,0,0,0,0,0,0,0,0,0,1,0,1,0,3,0,0,0,0,0,1,1,0,7,4,0,0,1,0,0,1,1
71,DD1,2009,g10,61.6722685,24.9717246,269.0683333,1.3685,78,0.870636951,627952.0625,48000,4800,10,0.091866999,0.002618453,10.77,358,0,1,0,0,0,1,0,0,0,0,1,0,0,0,0,0,0,0,1,1,0,0,0,1,0,17,0,0,0,0,0,0,0,25,0,0,1,0,0,0,0,3,1,0,0,0,0,0,0,3,0,0,0,0,0,0,0,0,0,0,0,0,0,0,0,0,1,0,0,0,3,0,0,1,0,0,3,0,0,0,0,0,1,0,0,0,0,0,0,0,1,1,3,0,0,1,0,0,0,0,0,0,0,0,0,0,0,0,1,1,0,0,0,1,0,0,1,0,0,0,1,1,0,0,0,0,0,0,0,0,0,1,1,0,0,0,0,0,0,0,0,0,0,1,0,0,1,0,0,0,0,0,0,0,0,0,0,0,0,0,0,0,0,0,1,0,1,0,12,2,0,0,0,0,0,1,0,16,0,0,0,0,0,0,0,0,0,0,0,0,0,1,0,0,0,1,0,0,0,0,0,0,0,0,0,0,0,0,0,0,0,0,0,0,0,0,0,0,0,18,1,0,0,1,0,0,4,1,0,3,0,3,7,0,0,0,0,0,0,1,0
72,DD10,2009,g10,61.5651978,25.0910882,306.735,35.0855,93,0.977005124,640568.0625,48000,4800,10,0.02401245,0.069527832,10.73,361,0,0,0,0,0,8,20,0,0,0,0,0,0,0,0,0,4,4,0,0,0,4,0,4,0,16,0,0,0,0,0,0,0,124,12,0,12,4,0,0,0,12,4,0,0,0,0,16,4,12,4,4,0,0,0,0,0,0,0,0,0,0,0,0,0,0,4,0,0,0,0,0,0,0,0,0,72,4,0,0,4,0,0,0,4,4,12,4,0,0,0,0,4,0,0,56,0,0,20,0,0,0,4,0,0,0,0,0,4,0,4,0,0,0,0,0,0,0,0,0,0,4,0,0,4,0,4,0,0,4,4,8,4,0,0,4,4,16,0,0,0,0,0,4,0,0,4,0,4,0,24,0,0,4,0,0,0,0,0,4,0,0,0,0,4,24,0,0,304,0,32,0,0,0,0,4,16,64,0,0,0,0,0,0,0,0,0,0,0,0,0,0,0,0,0,0,0,0,0,0,4,16,0,0,0,0,0,0,0,0,0,0,0,4,0,0,0,0,0,24,0,0,0,28,0,0,16,0,4,4,0,12,60,4,0,0,24,0,4,40,0
73,DD10,2012,g11,61.5651978,25.0910882,0,13.54152892,3,1,640568.0625,24000,4800,5,0.02401245,0.069527832,10.73,361,12,4,12,0,0,8,0,0,0,0,0,4,4,8,0,0,0,4,0,0,0,0,4,0,0,0,0,0,0,0,0,0,0,4,4,0,0,4,0,0,0,4,0,4,0,0,0,0,4,0,4,0,0,0,4,0,0,0,0,0,0,0,0,0,0,0,0,0,0,0,0,0,0,0,0,0,84,0,12,4,0,0,12,320,0,0,0,24,0,4,24,4,200,0,12,232,0,4,0,36,0,0,0,64,40,4,0,208,0,4,4,0,0,0,0,0,12,0,0,4,0,0,4,4,0,8,0,4,0,4,4,0,4,0,16,0,16,16,4,0,0,4,0,0,0,0,8,0,0,0,68,0,0,0,0,4,0,0,4,0,4,0,0,0,40,0,0,0,32,0,0,0,0,0,0,4,160,0,4,336,4,0,16,4,12,4,0,0,8,0,0,0,4,0,4,0,32,0,0,0,12,16,0,0,0,4,4,0,0,0,0,0,4,0,4,0,0,4,0,0,0,12,4,0,0,0,0,0,0,4,0,0,4,4,4,0,216,24,0,4,12
74,DD11,2009,g10,61.6310661,25.0187498,363.65,8.597,98,0.812470782,627568.375,48000,4800,10,0.037272788,0.04236894,10.73,357,0,0,0,0,0,4,0,0,0,0,0,0,0,0,0,0,0,0,0,0,0,4,0,12,0,24,4,0,0,0,0,0,0,208,0,0,4,0,0,0,0,4,0,0,0,0,0,0,0,12,4,4,0,4,0,0,0,4,0,0,0,0,0,0,16,4,0,0,4,0,0,0,0,0,0,4,24,0,0,0,0,0,4,0,12,0,4,4,0,0,4,0,4,0,0,44,0,0,4,0,0,0,0,0,0,0,0,0,4,0,0,0,0,0,0,0,4,0,0,0,4,4,0,0,4,0,8,0,0,0,8,4,4,0,0,4,0,0,0,0,4,0,0,0,0,0,12,0,0,0,12,0,4,0,0,0,4,0,4,4,0,0,0,0,20,0,0,0,448,0,32,0,0,0,0,28,0,0,0,0,0,0,0,0,0,0,0,0,0,0,0,4,4,0,0,0,0,0,0,0,12,16,4,0,0,0,0,0,0,0,0,0,0,4,0,0,0,0,12,28,0,0,0,32,0,0,16,4,12,4,0,20,28,12,0,0,4,0,4,40,0
75,DD11,2012,g11,61.6310661,25.0187498,0,10.72128615,3,1,627568.375,24000,4800,5,0.037272788,0.04236894,10.73,357,4,12,24,0,0,12,8,0,0,0,0,0,0,8,0,0,0,0,0,0,0,0,0,0,4,12,0,0,0,0,4,0,0,4,0,0,0,4,4,0,0,12,20,0,0,0,0,0,4,4,12,0,0,0,4,0,0,0,0,0,0,0,0,0,0,4,0,8,0,0,0,0,4,0,0,0,44,0,4,0,0,0,4,448,0,0,12,40,4,4,4,0,256,4,0,116,0,0,0,32,16,0,4,112,32,4,16,208,0,0,0,4,0,0,0,0,0,0,4,0,0,0,0,12,0,0,0,0,0,0,0,0,4,0,4,0,4,16,20,0,4,0,0,4,8,0,0,0,0,0,4,0,0,0,0,0,0,0,12,0,0,0,0,4,4,8,0,0,16,0,0,0,0,0,0,4,0,0,4,708,24,0,0,80,40,28,24,0,4,0,0,12,0,4,0,0,16,64,0,4,20,0,0,0,0,0,4,0,0,0,4,0,4,0,0,0,4,0,0,4,20,12,0,4,0,0,0,0,0,4,0,4,0,64,0,4,352,72,4,44,44
76,DD12,2009,g10,61.6953548,24.9291162,373.505,8.6225,88,0.891219662,647942.75,48000,4800,10,0.050973496,0.019225686,10.68,359,0,0,0,0,0,0,0,0,0,0,0,0,0,0,0,0,0,0,0,0,0,0,0,2,0,3,0,1,0,0,0,0,0,10,1,0,0,0,0,0,0,0,1,0,0,0,0,0,0,0,0,0,0,0,0,0,0,0,0,8,0,0,0,0,0,0,1,1,0,0,0,0,0,1,0,0,3,1,0,0,1,0,1,0,2,1,0,0,0,0,1,0,0,0,0,5,0,0,0,0,0,0,0,0,0,0,0,0,0,1,0,0,0,0,0,0,0,1,0,0,3,1,0,0,1,2,2,0,0,1,1,10,1,0,0,0,0,0,0,1,3,0,0,1,0,0,0,0,0,0,3,0,0,0,0,0,0,0,1,0,0,0,0,0,1,2,0,0,24,0,0,0,0,0,0,1,0,0,0,0,0,0,0,0,0,0,0,4,0,0,0,1,0,0,1,0,0,16,0,0,0,0,0,0,0,0,0,0,0,0,1,0,0,1,1,0,0,0,0,3,0,0,0,3,0,0,12,1,1,3,0,3,6,0,0,0,0,0,0,2,0
77,DD13,2009,g10,61.697467,24.927519,333.479,2.273,83,0.931856279,644338.875,48000,4800,10,0.049062729,0.018910007,10.68,359,0,1,0,0,0,0,0,0,0,0,0,0,0,0,0,0,0,0,0,1,0,1,0,1,0,3,0,0,0,0,0,0,0,9,3,0,0,0,0,0,0,0,1,0,0,0,0,4,0,1,0,0,0,0,0,0,0,0,0,0,0,0,0,0,0,0,0,0,1,0,0,1,0,0,0,0,11,0,0,0,1,0,1,0,0,0,0,1,0,0,1,0,0,0,0,6,0,0,0,0,0,0,0,0,0,0,0,0,0,0,0,0,0,0,0,0,0,0,0,1,1,0,0,0,3,0,0,1,0,0,1,3,1,0,0,0,3,0,0,0,0,0,0,0,0,0,1,0,0,0,1,0,0,1,0,0,1,0,2,0,0,0,0,0,1,2,0,0,20,0,0,0,0,0,0,0,4,0,0,0,0,0,0,0,0,0,0,0,0,0,1,1,1,0,0,0,0,0,3,0,0,0,0,0,0,0,0,0,0,0,0,0,0,0,0,1,0,0,1,3,0,0,0,1,0,1,0,0,1,1,0,5,10,1,0,0,1,0,0,1,0
78,DD14,2009,g10,61.6767814,24.9703707,340.1235,13.569,89,0.945888773,627376.75,48000,4800,10,0.093975768,0.008859078,10.77,357,0,4,0,4,0,0,4,0,0,4,0,0,0,0,4,0,0,0,0,0,0,0,0,0,0,24,0,0,0,0,0,0,0,232,4,0,0,0,0,0,0,0,0,0,0,0,0,0,0,12,0,4,0,4,0,0,0,4,0,0,0,0,0,0,0,0,4,4,0,0,0,0,12,0,0,0,28,0,0,0,4,0,4,0,4,28,8,0,4,0,0,0,4,0,0,12,0,0,0,0,0,0,0,0,0,0,0,0,4,0,0,0,0,0,0,0,0,4,4,0,12,4,0,0,0,4,4,4,0,0,4,12,4,0,0,0,0,16,4,0,0,0,0,0,0,0,4,0,0,0,4,0,0,12,0,0,0,0,0,0,0,0,0,0,4,0,0,0,192,0,0,0,0,0,0,4,32,0,0,0,0,0,0,0,0,0,0,0,0,0,4,0,0,0,0,0,0,0,0,0,4,0,0,0,0,0,0,0,0,0,0,0,0,4,0,0,0,0,0,32,0,4,0,12,0,0,0,0,0,0,0,0,0,0,0,0,12,0,0,12,0
79,DD14,2012,g11,61.6767814,24.9703707,0,14.91620528,3,1,627376.75,24000,4800,5,0.093975768,0.008859078,10.77,357,0,8,28,0,4,8,0,0,0,0,0,0,0,0,0,0,0,0,0,0,0,0,4,0,0,0,0,0,0,0,0,0,0,4,0,0,4,0,0,0,0,0,0,0,0,0,0,0,0,0,0,4,0,4,0,0,0,0,0,0,0,0,0,0,0,24,4,4,0,0,0,0,0,0,0,0,76,0,4,4,0,0,32,544,4,0,4,0,4,4,12,8,148,0,4,68,0,4,0,0,4,0,0,0,8,0,4,0,0,4,0,0,0,0,0,0,4,0,0,0,4,0,0,0,0,0,0,12,0,0,0,0,0,0,0,0,12,0,0,0,12,0,0,4,0,0,40,0,4,0,8,4,0,0,0,0,0,0,4,0,0,0,0,0,20,8,0,0,48,0,0,0,0,4,0,0,32,0,0,16,0,0,0,0,4,0,0,0,0,0,0,4,0,0,0,0,0,128,0,0,0,0,0,0,0,0,4,0,4,0,4,0,4,0,0,0,4,0,0,80,0,0,0,4,0,0,0,4,4,12,0,4,32,0,0,0,16,4,0,4,8
80,DD15,2009,g10,61.668435,24.9997373,250.43125,16.95725,61,0.678095286,627865.625,48000,4800,10,0.101596116,0.004026631,10.75,359,0,0,0,0,0,0,1,0,0,0,1,0,0,0,0,0,0,0,0,0,0,0,0,1,0,3,0,0,1,0,1,0,0,6,0,0,0,0,0,0,0,1,0,0,0,0,0,0,0,1,0,0,0,0,0,0,0,0,0,0,0,0,0,0,0,0,0,0,0,0,0,0,0,0,0,0,12,0,0,0,0,0,0,0,0,0,0,2,0,0,0,0,1,0,0,3,0,1,0,0,0,0,0,0,1,0,0,0,0,0,1,1,0,0,0,0,0,0,0,0,1,0,0,0,1,0,1,1,0,0,0,0,0,0,0,0,1,0,0,0,0,0,0,0,0,1,0,0,1,0,0,0,1,0,0,0,0,0,2,0,0,0,0,0,1,0,1,0,16,0,0,0,0,0,0,0,12,0,1,0,0,0,0,0,0,0,0,0,0,0,0,1,0,0,0,0,0,16,0,1,1,0,0,0,0,0,0,0,0,0,0,2,0,1,0,0,1,0,0,7,0,0,0,3,0,0,0,0,0,1,0,1,1,1,0,0,0,0,1,1,1
81,DD16,2009,g10,61.6524285,24.9879556,271.951875,2.9385,85,0.999517378,626970.0625,48000,4800,10,0.059278152,0.025683938,10.77,356,0,0,0,0,0,4,12,0,0,0,0,0,0,0,4,4,4,0,0,0,0,4,0,12,0,100,0,0,0,0,0,0,0,72,4,0,4,4,0,0,0,12,12,0,0,0,0,0,0,4,4,0,0,4,0,0,0,0,0,0,0,0,0,0,0,4,4,0,0,0,0,0,0,0,0,0,60,0,4,0,0,0,0,0,0,0,0,0,0,0,0,4,0,0,0,12,0,0,4,0,0,0,0,0,0,0,0,0,4,0,0,0,0,0,0,0,0,4,4,4,16,8,0,0,4,0,4,0,0,0,4,4,4,0,0,12,0,0,4,8,4,0,0,0,0,0,0,0,0,0,4,0,0,0,0,0,0,0,4,0,0,0,0,4,4,0,0,0,576,0,0,4,0,0,0,4,16,0,0,0,0,0,0,0,0,0,0,0,0,0,0,0,0,0,0,0,0,0,0,0,16,16,0,0,0,0,0,0,0,0,0,4,0,0,0,0,0,0,4,24,0,0,0,4,0,0,32,0,0,12,0,16,36,0,0,0,12,0,4,28,0
82,DD16,2012,g11,61.6524285,24.9879556,0,19.52893156,3,1,626970.0625,24000,4800,5,0.059278152,0.025683938,10.77,356,4,0,4,0,0,72,0,0,0,0,0,0,0,4,0,0,0,4,0,0,0,0,4,0,0,4,0,0,4,0,0,0,0,0,0,0,0,0,0,0,0,0,4,4,0,0,0,0,4,0,20,12,0,0,0,28,0,0,0,0,0,0,0,0,0,44,4,4,0,0,0,0,0,0,0,16,176,0,4,4,0,0,0,448,0,0,20,24,0,12,4,0,164,4,4,332,0,0,4,12,8,0,0,176,16,4,4,304,4,8,0,0,0,0,0,0,16,0,0,0,0,0,0,12,0,0,12,0,0,0,4,0,12,0,8,0,12,0,16,0,0,0,0,0,0,0,0,0,0,0,4,4,4,0,0,0,4,0,4,4,0,0,0,0,16,0,8,0,80,0,0,0,0,4,0,4,0,0,0,904,4,0,4,4,16,24,8,0,0,0,0,4,0,0,0,4,32,192,0,0,36,0,4,0,0,4,4,0,0,0,12,4,4,0,0,0,0,0,0,0,0,4,0,4,0,0,0,0,0,4,0,8,12,0,4,0,36,60,8,24,220
83,DD17,2009,g10,61.6766531,24.9647498,375.7366667,14.8935,70,0.791128095,627899.6875,48000,4800,10,0.081953932,0.008388931,10.77,357,0,1,0,0,0,3,2,0,0,0,1,0,1,1,0,0,0,0,0,1,0,3,0,1,0,15,1,0,0,0,0,0,0,36,0,0,1,1,0,12,0,3,6,0,0,0,0,0,0,3,1,0,0,0,0,0,0,0,0,0,0,0,0,0,0,1,1,0,1,0,0,0,0,0,0,0,15,0,0,0,0,0,3,8,1,4,1,1,0,0,1,0,0,0,0,3,0,0,0,0,0,0,0,0,0,0,0,0,0,0,0,0,0,0,0,0,1,0,0,0,17,0,1,0,2,1,0,1,0,1,1,10,3,1,1,1,0,4,0,0,0,0,0,3,0,0,0,1,0,0,1,1,0,0,0,0,0,0,1,3,0,0,0,0,1,0,0,0,48,0,0,1,0,0,0,3,4,0,0,0,0,0,0,0,0,0,0,4,1,0,1,0,0,0,0,0,0,0,1,0,1,0,0,0,0,0,0,0,0,0,0,0,0,1,0,0,0,0,0,3,0,0,0,1,0,1,0,1,2,0,0,11,1,0,0,0,1,0,0,1,1
84,DD18,2009,g10,61.6536489,25.0026374,283.0791667,10.7915,90,0.790538571,621263.625,48000,4800,10,0.066424996,0.015190301,10.77,358,0,4,0,0,0,0,4,0,0,0,0,0,0,0,0,4,0,0,0,4,0,4,0,4,0,72,0,0,0,0,4,0,0,72,4,0,12,4,0,0,4,0,4,0,0,0,0,0,0,12,4,8,0,0,0,0,0,0,0,0,0,0,0,4,0,0,0,0,0,0,4,0,0,4,0,4,40,0,0,0,4,0,4,0,16,0,0,4,0,0,4,0,4,0,0,32,0,0,12,0,0,0,0,0,4,0,0,0,0,0,0,0,0,0,0,0,0,4,0,4,4,4,0,0,4,0,4,0,0,0,12,12,4,0,0,4,4,16,0,4,4,0,0,12,4,0,4,0,0,0,4,0,4,4,0,0,0,0,0,0,0,0,0,0,4,16,0,0,160,0,0,0,0,0,0,4,192,0,4,0,0,0,0,0,0,0,0,0,0,0,0,4,4,0,0,0,0,64,4,0,12,0,0,4,0,0,0,4,0,0,0,0,0,12,4,4,0,0,12,24,0,0,0,12,4,0,16,4,4,4,0,24,12,4,0,0,4,0,4,4,0
85,DD18,2012,g11,61.6536489,25.0026374,0,16.82778265,3,1,621263.625,24000,4800,5,0.066424996,0.015190301,10.77,358,0,4,4,0,0,12,0,0,0,0,4,4,4,4,4,0,0,0,4,0,0,0,0,0,0,4,0,0,0,0,4,0,0,4,0,0,12,0,0,0,0,4,0,0,0,0,0,0,0,4,0,0,0,0,0,4,0,0,0,0,0,0,0,0,0,44,12,0,0,0,0,0,0,0,0,0,16,0,0,0,0,0,4,96,0,0,0,4,0,12,0,0,20,0,0,4,4,0,0,8,0,0,0,0,12,0,0,32,0,0,0,8,0,0,0,0,4,0,0,0,0,0,0,0,0,0,0,0,0,0,0,0,4,0,48,0,4,16,52,0,4,8,0,8,0,0,0,0,0,0,0,8,0,0,0,0,0,0,4,4,8,0,0,0,12,0,4,0,80,0,0,0,0,0,16,8,64,0,0,52,4,4,12,0,0,0,24,0,0,0,0,0,4,0,4,0,16,256,0,0,4,0,0,0,0,0,8,0,4,0,4,4,4,0,0,4,4,0,0,0,4,4,0,8,0,0,0,0,0,24,0,4,20,0,0,4,96,20,0,0,12
86,DD19,2009,g10,61.6924805,24.964312,340.551875,2.79075,100,0.927331189,631623.0625,48000,4800,10,0.106005919,0.016957431,10.73,358,0,0,0,0,0,0,0,0,0,0,0,0,0,0,0,0,0,0,0,0,0,0,0,0,0,36,0,0,0,0,0,1,0,3,0,0,0,0,0,4,0,1,1,0,0,0,0,0,0,0,0,0,0,0,0,0,0,1,0,0,0,0,0,0,0,0,1,0,0,0,0,0,0,2,0,0,21,1,0,0,0,0,1,0,1,1,0,0,0,0,0,0,1,0,0,10,0,0,0,0,0,0,0,0,0,0,0,0,0,0,1,0,0,0,0,0,1,1,0,0,1,1,0,0,1,0,1,0,0,0,1,4,0,0,0,1,1,4,0,1,1,0,0,0,1,0,1,0,0,0,1,0,0,0,0,0,0,0,1,1,0,0,0,0,1,2,0,0,60,0,0,0,0,0,0,1,0,0,0,0,0,0,0,0,0,0,0,0,0,0,0,0,0,0,0,0,0,0,0,0,1,4,1,0,0,0,0,1,0,0,0,0,0,1,0,0,0,0,1,13,0,0,0,6,0,0,8,1,1,1,0,3,6,0,0,0,1,0,1,3,0
87,DD2,2009,g10,61.6657781,25.0021941,214.8025,2.2965,86,0.793787316,624872.8125,48000,4800,10,0.08914079,0.007666181,10.77,356,0,1,0,0,0,1,1,1,1,0,0,0,0,0,1,1,0,0,0,0,0,1,0,2,1,30,0,1,0,0,1,0,0,68,0,0,3,0,0,4,0,0,3,0,0,0,0,0,0,6,0,1,0,0,0,0,0,0,0,0,0,0,0,0,0,0,0,0,0,0,0,0,0,0,0,0,21,0,0,0,0,0,0,0,0,0,0,0,0,0,1,0,1,0,0,3,0,0,10,0,1,0,0,0,0,0,1,0,0,0,0,1,0,0,0,0,0,0,1,0,8,1,0,0,1,1,1,0,0,0,3,5,1,0,0,1,0,0,0,0,0,0,0,0,0,0,0,0,0,0,1,0,0,0,0,0,0,0,1,1,0,0,0,0,3,0,0,0,48,0,0,0,0,0,0,0,12,0,0,0,0,0,0,0,0,0,0,0,0,0,0,1,1,0,0,0,0,0,1,0,3,0,0,1,0,0,0,0,0,0,0,0,0,5,1,0,0,0,1,6,0,0,0,3,0,1,4,0,1,2,0,1,6,1,0,0,3,0,0,11,1
88,DD20,2009,g10,61.6503712,24.996394,287.70875,19.922,90,0.724778096,646643.9375,48000,4800,10,0.057067023,0.033305571,10.77,358,0,0,0,0,0,1,1,0,0,0,0,1,0,0,1,0,0,0,0,1,0,0,0,0,0,1,0,0,1,0,1,1,0,22,0,0,1,0,1,0,0,1,1,0,0,0,0,0,0,1,3,1,0,1,0,1,0,0,0,0,0,0,0,1,0,0,0,0,0,0,0,0,0,0,0,0,8,0,0,0,2,0,3,0,0,0,0,3,0,0,1,0,1,1,0,3,0,0,2,0,0,0,0,0,0,0,0,0,3,0,0,1,4,0,0,0,1,0,1,1,1,3,0,0,2,0,1,0,0,1,1,3,1,0,0,1,0,4,1,1,1,0,0,0,0,1,1,0,0,0,1,1,0,0,0,0,0,0,1,0,0,0,0,1,0,6,0,0,40,0,0,0,0,0,0,1,0,0,0,0,0,0,0,0,0,0,0,0,0,1,0,0,0,0,0,1,0,16,1,0,1,4,0,0,0,0,0,0,0,0,0,0,0,1,0,0,0,0,0,6,1,0,0,3,0,1,4,1,1,1,0,3,3,3,0,0,0,0,1,1,0
89,DD21,2009,g10,61.6942984,24.9370311,447.88625,19.8575,76,0.971525973,661391.875,48000,4800,10,0.059477048,0.014550145,10.72,359,0,0,0,0,0,0,0,0,0,0,0,0,0,0,0,0,0,0,0,0,0,0,0,1,1,7,0,0,0,0,0,0,0,13,0,0,1,0,0,4,0,3,3,0,0,0,0,0,0,0,0,0,0,0,0,0,0,0,0,0,0,0,0,0,0,0,0,0,0,0,0,0,1,1,0,0,29,1,0,0,1,0,1,0,1,1,1,1,0,0,1,0,0,0,0,10,0,0,1,0,0,0,0,0,0,0,0,0,0,0,0,0,0,0,0,0,0,0,0,0,1,1,0,0,1,0,0,0,0,1,1,0,1,0,0,0,1,0,0,0,1,0,1,0,0,0,1,0,0,0,1,1,1,0,0,0,0,0,1,0,1,0,0,0,1,12,0,0,40,0,0,1,0,0,0,1,0,0,0,0,0,0,0,0,0,0,0,0,0,0,0,1,0,0,1,0,0,0,0,0,0,0,1,0,0,0,0,0,0,0,0,0,0,3,0,0,0,0,1,1,0,0,0,6,0,0,4,0,1,0,0,6,3,0,0,0,1,0,0,1,0
90,DD3,2009,g10,61.6333108,25.0107589,391.03125,29.84275,90,0.937811876,646312.625,48000,4800,10,0.035915181,0.049096436,10.73,357,0,4,0,0,0,4,8,0,0,0,0,0,0,0,4,0,0,4,0,0,0,4,0,36,0,136,0,0,0,0,4,0,0,164,4,0,12,0,4,0,0,24,12,0,0,36,0,16,0,16,0,16,0,4,0,0,0,0,0,0,0,0,0,4,0,0,0,0,0,0,0,0,0,4,0,0,452,0,0,0,4,0,16,32,40,4,0,0,0,0,8,0,4,0,0,24,0,0,4,0,0,0,0,0,0,0,4,0,0,4,0,0,16,0,0,0,4,4,0,0,16,12,0,0,8,4,4,0,0,0,4,12,12,0,0,12,4,16,4,0,0,0,0,4,0,0,12,0,0,0,12,0,0,4,0,0,0,0,4,4,0,0,0,0,4,32,0,0,176,0,16,4,0,0,0,12,160,0,4,0,0,0,0,0,0,0,0,0,4,0,0,4,0,0,0,0,0,64,0,0,24,96,0,0,4,0,0,4,0,0,0,0,0,4,0,0,0,0,36,104,0,0,0,24,0,0,48,4,12,0,0,12,84,0,0,0,12,0,4,40,0
91,DD3,2012,g11,61.6333108,25.0107589,0,22.02291511,3,1,646312.625,24000,4800,5,0.035915181,0.049096436,10.73,357,12,12,12,0,0,64,0,0,0,0,4,4,4,16,0,0,0,8,0,0,0,0,0,4,0,8,12,0,4,0,0,0,0,4,0,0,4,0,0,0,0,0,16,0,0,0,0,0,4,4,0,4,8,0,4,0,0,0,0,0,0,0,0,0,0,12,4,0,0,0,0,0,0,0,0,0,212,0,0,4,0,0,0,1280,0,4,0,0,0,4,0,8,196,4,0,76,0,0,4,20,4,0,0,16,12,4,12,16,0,4,0,4,0,0,0,0,12,4,4,0,0,0,0,12,0,0,4,4,0,0,4,0,16,0,60,0,8,16,12,0,0,0,0,0,0,0,0,0,0,0,0,0,0,0,0,0,0,0,12,0,4,0,0,0,4,0,0,0,0,0,0,0,0,0,0,4,0,0,4,1508,24,0,4,56,12,32,32,0,4,0,0,0,12,0,0,0,16,192,0,0,12,0,0,0,0,32,24,0,4,4,4,0,0,0,0,0,4,12,0,4,4,4,4,4,0,0,0,4,4,4,0,0,0,0,4,4,268,48,20,44,64
92,DD4,2009,g10,61.6957584,24.93028,399.5833333,24.992,90,0.68529927,647942.75,48000,4800,10,0.051242385,0.016519186,10.68,359,0,0,0,0,0,0,1,0,0,0,0,0,0,0,0,0,0,0,0,0,0,3,0,1,0,7,0,0,0,0,0,0,1,31,1,0,3,0,0,0,0,1,8,0,0,0,0,0,0,0,0,0,0,0,0,0,0,0,1,0,0,0,0,0,0,0,0,0,0,0,0,0,1,1,0,0,6,1,0,0,0,0,3,0,1,3,0,1,0,0,7,0,1,0,0,19,0,0,1,0,0,0,1,0,0,0,0,0,0,0,1,0,4,0,0,0,1,1,0,0,1,1,0,0,1,1,0,1,0,0,1,6,1,0,0,0,3,8,1,0,4,0,4,1,1,2,3,1,0,0,3,1,0,0,0,0,1,0,1,0,1,0,0,0,6,2,0,0,332,0,4,0,0,0,0,0,0,0,0,0,0,0,0,0,0,0,0,0,1,0,0,1,0,0,0,0,0,0,0,0,0,0,1,0,0,0,0,0,0,1,0,0,0,1,0,1,0,0,0,1,0,0,0,1,0,0,8,1,1,3,0,1,3,1,0,0,0,0,0,1,0
93,DD5,2009,g10,61.5616691,25.1025968,455.1483333,9.8545,88,0.991297709,642872.5,48000,4800,10,0.021366504,0.050988941,10.68,363,0,4,0,0,0,0,12,0,0,0,4,0,0,0,4,0,0,0,0,0,0,4,0,4,4,60,0,0,0,0,0,0,0,108,4,0,4,4,0,0,0,4,4,0,0,0,0,0,4,4,4,4,0,0,0,4,0,0,0,0,0,0,0,0,16,0,4,0,0,0,0,0,4,4,0,4,88,4,0,0,0,0,0,0,4,4,0,0,0,0,12,0,28,0,0,20,0,0,4,0,0,0,4,0,0,0,0,0,4,0,4,4,16,0,0,0,4,0,0,0,4,24,0,0,12,4,4,0,0,4,4,4,4,0,0,0,12,16,4,0,4,0,0,0,4,4,12,0,4,0,12,0,4,4,0,0,0,0,4,0,0,0,0,0,4,24,4,0,176,0,48,0,0,0,0,4,16,0,0,0,0,0,0,0,0,0,0,0,0,0,4,0,0,0,0,0,0,0,0,12,4,16,4,0,0,0,0,0,0,0,0,0,4,4,4,0,0,0,4,4,0,4,0,4,0,0,16,0,0,4,0,8,28,0,0,0,4,0,12,12,0
94,DD5,2012,g11,61.5616691,25.1025968,0,14.67936093,3,1,642872.5,24000,4800,5,0.021366504,0.050988941,10.68,363,4,4,16,0,0,20,0,0,0,0,4,0,0,0,0,0,0,8,0,0,0,0,0,0,0,4,0,0,0,0,0,0,0,4,0,0,0,0,0,0,0,4,4,0,0,0,0,0,4,0,4,0,0,4,8,24,0,0,0,0,0,0,0,0,0,28,28,0,0,0,0,0,0,0,0,0,120,0,12,4,0,0,0,736,0,0,4,4,4,12,4,12,88,4,0,68,0,0,0,12,0,0,0,96,4,4,4,240,0,4,0,0,0,0,0,0,4,0,0,0,0,0,12,0,0,0,0,0,0,0,0,0,4,0,16,0,4,16,24,0,8,0,0,4,0,4,0,0,0,0,0,0,0,0,0,0,4,0,4,0,0,0,0,0,4,0,12,0,256,0,0,0,0,4,0,0,64,0,4,548,48,0,36,0,16,24,8,0,4,0,0,4,4,0,4,0,16,192,0,4,24,0,0,0,0,0,4,0,0,0,20,0,0,0,4,0,0,0,0,16,32,0,0,0,4,0,0,0,0,32,0,0,4,0,4,4,128,32,4,64,48
95,DD6,2009,g10,61.6492229,25.008736,264.2675,19.22875,73,0.932331823,635292.4375,48000,4800,10,0.046485241,0.031295078,10.77,356,0,4,0,0,4,0,12,0,0,0,0,0,0,4,4,0,4,0,0,0,0,4,0,12,4,72,4,0,4,0,4,0,4,88,0,0,44,4,4,16,0,12,4,4,0,36,0,0,0,12,4,12,0,0,0,0,0,0,0,32,0,0,0,0,0,4,0,0,0,0,0,0,4,0,0,4,24,0,0,0,4,0,0,32,0,0,0,0,0,0,4,0,0,0,0,28,0,0,20,0,4,0,0,0,0,0,0,0,4,0,0,4,0,0,0,0,4,0,0,4,4,4,0,0,12,4,4,0,0,0,4,8,4,0,0,12,0,16,0,0,0,0,0,0,0,0,0,0,0,0,4,0,0,4,0,0,0,0,0,4,0,0,0,0,16,8,0,0,112,0,16,4,0,0,0,0,16,0,0,4,0,0,0,0,0,0,0,16,0,4,0,12,0,0,4,4,0,64,0,0,12,0,0,0,0,0,0,4,0,4,0,0,0,12,0,4,0,0,4,28,0,0,4,12,0,4,144,4,0,4,0,4,12,4,0,0,12,0,4,24,0
96,DD6,2012,g11,61.6492229,25.008736,0,30.65859947,3,1,635292.4375,24000,4800,5,0.046485241,0.031295078,10.77,356,0,4,8,0,0,4,0,0,0,0,4,0,0,4,0,0,0,4,0,0,0,0,0,12,0,0,0,0,0,0,0,0,0,12,4,0,4,0,0,0,0,0,4,0,0,0,0,0,0,4,4,0,0,4,0,4,0,0,0,0,0,0,0,0,0,0,0,0,0,0,0,0,4,0,0,0,8,0,0,0,0,0,0,576,0,0,0,4,4,0,0,4,32,0,0,12,4,0,0,4,0,0,0,32,12,0,4,32,0,0,0,0,0,0,0,0,0,0,0,0,0,0,0,0,0,0,0,0,0,0,0,4,0,0,4,4,0,16,4,0,36,0,0,0,0,0,0,0,0,0,0,0,0,0,0,0,4,0,0,0,0,0,16,0,0,0,0,0,0,0,16,0,0,0,0,0,0,64,0,120,4,0,4,8,8,36,8,0,0,0,0,0,4,4,0,0,16,0,0,0,12,0,0,0,0,0,0,0,0,0,0,0,0,0,0,4,0,0,0,12,16,0,4,4,0,0,0,4,0,0,0,0,4,4,12,4,4,16,4,24,0
97,DD7,2009,g10,61.6873241,24.9346622,223.6615,10.087,63,0.93022268,624639.3125,48000,4800,10,0.045264751,0.022310354,10.72,359,0,0,0,0,0,0,3,0,0,0,0,0,0,1,1,0,0,0,0,0,0,0,0,1,0,1,0,0,1,0,0,0,0,10,0,0,1,1,0,0,0,1,0,0,0,0,0,0,0,1,0,1,0,0,0,0,0,0,0,0,0,0,0,0,0,0,0,0,0,0,0,0,0,0,0,0,32,0,0,0,1,0,1,0,1,0,0,1,0,0,1,0,0,0,0,3,1,0,1,0,1,0,0,0,0,0,0,0,1,0,1,0,0,0,0,0,1,1,0,0,7,0,0,0,0,0,0,0,0,0,1,0,0,0,1,0,1,0,0,0,1,0,0,0,0,0,1,0,0,0,1,0,0,0,0,0,0,0,0,1,0,0,0,0,1,2,0,0,28,0,4,1,0,0,0,1,0,0,1,0,0,0,0,0,0,0,0,0,0,0,0,0,0,0,0,0,0,16,1,0,1,0,1,0,0,0,0,0,0,0,0,0,0,1,2,0,0,0,0,18,0,0,0,4,0,0,4,0,0,1,0,3,0,1,0,0,1,0,1,4,0
98,DD8,2009,g10,61.650772,25.0121847,303.05,0.7015,59,0.876799758,622173.6875,48000,4800,10,0.051224171,0.02676596,10.77,358,0,4,0,4,0,4,12,0,0,0,4,0,0,0,4,0,0,0,0,0,0,8,0,4,0,60,0,0,0,0,4,4,4,92,0,0,4,0,0,0,0,4,0,0,0,0,0,0,0,16,4,4,0,0,0,0,0,0,0,0,0,0,0,0,0,0,0,0,0,0,0,0,0,4,4,0,208,4,0,0,0,0,12,0,4,4,0,0,0,0,0,4,0,0,0,40,0,0,12,0,0,0,4,0,0,0,0,0,0,4,0,0,0,0,0,0,4,4,0,0,4,24,0,0,4,0,16,0,4,0,0,12,12,0,0,4,0,0,16,0,4,0,0,4,4,0,36,0,0,0,16,0,0,0,0,0,0,0,16,4,0,0,0,0,4,8,0,0,64,4,0,0,0,0,16,8,128,0,4,0,0,0,4,0,0,0,0,0,0,0,4,4,4,0,0,4,0,64,0,0,12,16,0,0,0,0,0,0,0,0,0,0,0,12,4,0,4,0,12,8,4,4,0,16,0,4,32,0,8,4,0,0,12,24,0,0,4,0,8,28,0
99,DD8,2012,g11,61.650772,25.0121847,0,3.136437836,3,1,622173.6875,24000,4800,5,0.051224171,0.02676596,10.77,358,0,0,24,0,0,4,0,0,0,0,0,0,4,0,0,0,0,0,0,0,0,0,0,0,0,4,0,0,0,0,0,0,0,8,0,0,4,0,0,0,0,0,4,0,0,0,0,0,0,0,4,0,0,0,0,0,0,0,0,0,0,0,0,0,0,4,8,0,0,0,0,0,0,0,0,0,28,0,0,0,0,0,0,160,0,0,0,4,0,0,0,0,24,0,4,0,0,0,4,4,4,0,0,16,4,4,0,16,0,4,0,0,0,0,0,0,0,0,0,0,0,0,0,4,4,0,0,0,0,0,0,0,0,0,0,0,0,0,4,4,0,0,0,0,0,0,0,0,0,0,4,0,0,0,0,0,0,0,12,0,0,0,0,0,12,0,4,0,16,0,0,0,0,0,0,0,0,0,0,72,4,0,0,0,0,72,8,0,0,0,0,4,0,0,0,0,0,0,0,0,4,0,0,0,0,0,0,0,4,0,0,0,0,0,0,0,4,0,4,0,4,0,0,0,0,4,0,4,4,4,0,4,4,4,4,0,4,0,0,0,52
100,DD9,2009,g10,61.6519148,24.990254,308.475,7.258,79,0.953251209,635336,48000,4800,10,0.059101688,0.026928442,10.77,356,0,4,0,0,0,4,0,0,0,0,4,4,0,0,0,0,0,0,0,0,0,12,0,4,4,132,4,4,0,0,0,0,0,128,0,0,24,4,0,0,0,24,4,0,0,0,0,0,4,12,12,4,0,0,0,0,0,0,0,0,0,0,0,0,0,0,4,0,0,0,0,0,0,4,0,4,60,0,0,0,0,0,4,32,0,4,0,4,0,0,4,0,4,0,0,12,0,0,16,0,0,0,0,0,0,0,0,0,4,0,0,0,0,0,0,0,4,0,0,0,16,24,0,0,4,0,4,0,0,0,4,12,12,0,0,4,0,16,0,4,12,0,0,4,0,0,0,0,0,0,4,0,0,0,0,0,0,0,4,0,0,4,16,4,4,0,0,0,160,0,0,0,0,0,0,4,0,0,0,0,0,0,0,0,0,0,0,0,0,0,0,4,0,0,0,0,0,0,0,0,4,0,0,0,0,0,0,0,0,0,0,0,0,4,0,0,0,0,0,28,0,0,4,4,0,8,0,4,0,8,0,16,44,0,0,0,4,0,4,32,0
101,DD9,2012,g11,61.6519148,24.990254,0,28.1894912,3,1,635336,24000,4800,5,0.059101688,0.026928442,10.77,356,0,4,8,0,0,8,0,0,0,0,0,0,0,0,0,0,0,0,0,0,0,0,0,4,0,0,4,0,4,0,0,0,0,8,0,0,0,4,0,0,0,8,0,4,0,0,0,0,0,4,12,8,0,0,0,12,0,0,0,0,0,0,0,0,0,0,4,0,0,0,4,0,0,4,0,0,52,0,0,0,0,0,0,32,0,0,4,4,0,4,4,4,148,0,0,68,0,0,12,8,4,0,0,32,4,4,4,112,0,0,0,0,0,0,0,0,4,0,4,0,4,4,0,0,0,0,4,4,0,0,12,0,20,0,8,0,4,16,16,0,4,0,4,0,0,0,0,0,4,0,4,0,0,0,0,0,4,0,0,0,0,0,0,0,4,16,0,0,64,0,0,0,0,4,0,12,0,0,0,88,4,0,12,0,0,0,8,0,0,0,0,0,0,0,4,0,0,64,0,0,4,0,0,0,0,0,0,0,0,0,4,0,0,0,0,0,0,0,0,4,4,0,0,4,0,0,0,4,0,4,4,0,24,4,0,4,84,24,12,20,36
102,F101,1993,g08,62.4120502,30.8449446,29,1,22,0.95890411,629731.6875,24000,4800,5,0.055939528,0.037628726,9.98,371,0,0,1,0,0,1,1,0,0,0,1,0,0,0,0,0,0,0,0,0,0,0,0,0,0,0,0,0,0,0,0,0,1,0,0,0,0,0,0,0,0,0,0,0,0,0,0,0,0,0,0,0,0,0,0,0,0,0,0,0,0,0,0,0,0,0,0,0,0,0,0,0,0,0,0,0,1,0,0,0,0,0,0,0,0,0,0,0,0,0,0,0,0,0,0,4,0,0,0,0,0,0,0,0,0,0,0,0,0,0,0,0,0,0,0,0,0,0,0,0,0,0,0,0,0,1,0,0,0,0,0,0,1,0,0,0,0,0,0,0,0,0,0,1,0,0,0,0,0,0,0,0,0,0,0,0,0,0,0,0,0,0,0,0,0,0,0,0,12,0,0,0,0,0,0,0,0,0,0,1,0,0,0,0,0,0,0,0,0,0,0,0,0,0,0,0,0,0,0,0,0,0,0,0,0,0,0,0,0,0,0,0,0,0,0,0,0,0,0,0,0,0,0,1,0,1,0,0,0,0,0,3,0,1,0,0,3,1,0,10,0
103,F102,1993,g08,62.4134677,30.8537857,229,3.5,55,0.941979522,625398.0625,24000,4800,5,0.05239135,0.034974097,9.98,369,0,0,0,0,0,0,0,0,0,0,0,0,0,0,0,0,0,0,0,0,0,0,0,0,0,0,0,0,0,0,0,0,0,3,0,0,0,0,0,0,0,0,0,0,0,0,0,0,0,0,0,0,0,0,0,0,0,0,0,0,0,0,0,0,0,0,1,0,0,0,0,0,0,0,0,0,11,0,0,0,0,0,0,0,0,0,0,0,0,0,3,0,1,0,0,10,0,0,0,0,0,0,0,0,0,0,0,0,0,0,0,0,0,0,0,0,0,0,0,0,1,0,0,0,1,1,1,0,0,1,0,0,0,0,0,0,0,0,0,0,0,0,0,1,0,0,1,0,0,1,1,1,1,0,0,0,0,0,0,0,3,0,0,0,0,0,0,0,32,0,0,0,0,0,0,4,4,0,0,0,0,0,0,0,0,0,0,0,0,0,0,0,0,0,0,0,0,0,0,0,0,0,0,0,0,0,0,0,0,0,0,0,0,1,0,0,0,0,0,3,0,0,0,1,0,1,0,0,0,1,0,1,3,0,0,0,0,0,0,1,0
104,F103,1993,g08,62.4165987,30.8613957,105,2.5,35,0.785714286,597415.875,24000,4800,5,0.037868852,0.031748359,9.95,371,0,0,1,0,0,0,1,0,0,0,3,0,0,0,0,0,0,1,0,0,0,0,0,0,0,0,0,0,0,0,0,0,0,0,0,0,0,0,0,0,0,0,0,0,0,0,0,0,0,0,3,0,1,0,0,0,0,0,0,0,0,0,0,0,0,0,3,0,0,0,0,0,0,1,0,1,6,0,0,0,0,0,0,0,0,0,0,0,0,0,0,0,3,0,0,3,0,0,0,0,0,0,0,0,0,0,0,0,1,0,0,0,0,0,0,0,0,0,0,0,0,0,0,0,1,0,1,0,0,0,0,0,1,0,0,0,0,0,0,0,0,0,0,0,0,0,3,0,0,0,1,0,0,0,0,0,0,0,1,0,1,0,0,0,0,0,0,0,4,0,0,0,0,0,0,0,12,0,0,1,0,0,0,0,0,0,0,0,0,0,0,0,1,0,0,0,0,0,0,0,0,0,0,0,0,0,0,0,0,0,0,0,0,0,0,0,0,0,0,0,0,0,0,0,0,0,0,0,0,3,0,5,1,0,0,0,1,0,0,1,1
105,F105,1993,g08,62.4182679,30.850432,137,0.1,25,1,610139.9375,24000,4800,5,0.030120028,0.026057239,10.02,371,0,0,0,0,0,0,0,0,0,0,0,0,0,0,0,0,1,0,0,0,0,0,0,0,0,0,0,0,0,0,0,0,0,0,0,0,0,0,0,0,0,0,0,0,0,0,0,0,0,1,0,2,0,0,0,0,0,0,0,0,0,0,0,0,0,0,1,0,0,0,0,0,0,3,0,0,3,0,0,0,0,0,0,0,0,0,0,0,0,0,1,0,0,0,0,5,0,0,0,0,0,0,0,0,0,0,0,0,0,0,0,0,0,0,0,0,0,0,0,0,0,0,0,0,1,0,0,0,0,0,0,1,0,0,0,0,0,0,0,0,0,0,0,1,0,0,0,0,0,0,1,0,0,0,0,0,0,0,1,0,1,0,0,0,0,0,0,0,12,0,0,0,0,0,0,3,4,0,0,0,0,0,0,0,0,0,0,0,0,0,0,0,1,0,0,0,0,0,0,0,0,0,0,0,0,0,0,0,0,0,0,0,0,0,0,0,0,0,0,3,0,0,0,4,0,2,0,1,0,2,0,0,1,0,0,0,1,0,1,6,0
106,F106,1993,g08,62.4217581,30.8492922,44,0.6,16,1,599920.5625,24000,4800,5,0.027976329,0.031191443,10.02,370,0,0,0,0,0,1,0,0,0,0,0,0,0,0,0,0,0,0,0,0,0,0,0,0,0,0,0,0,0,0,1,0,0,0,0,0,0,0,0,0,0,0,0,0,0,0,0,0,0,0,0,1,0,0,0,0,0,0,0,0,0,0,0,0,0,0,0,0,0,0,0,0,0,0,0,0,1,0,0,0,0,0,0,8,0,0,0,0,0,0,0,0,1,1,0,0,0,0,0,0,0,0,0,0,0,0,0,0,0,0,0,0,0,0,0,0,0,0,0,0,0,0,0,0,0,0,0,0,0,0,0,0,0,0,0,0,0,0,0,0,0,0,0,0,0,0,0,0,0,1,0,0,0,0,0,0,0,0,0,0,0,0,0,0,0,0,0,0,0,0,0,0,0,0,0,1,0,0,0,1,0,0,0,0,0,0,0,0,0,0,0,0,0,0,1,0,0,0,0,0,0,0,0,0,0,0,0,0,0,0,0,0,0,0,1,0,0,0,0,2,0,0,0,1,0,0,0,0,0,0,0,0,0,3,0,1,1,0,1,2,0
107,F109,1993,g08,62.4296782,30.8419384,31,0.1,20,0.963855422,618474.1875,24000,4800,5,0.034168475,0.046659028,10.02,371,0,0,0,0,0,1,1,0,0,0,1,0,0,0,0,0,0,0,0,0,0,0,0,0,0,0,0,0,0,0,0,0,0,6,3,0,0,0,1,0,0,0,0,0,1,0,0,0,0,0,0,0,0,0,0,0,0,0,0,0,0,0,0,0,0,0,0,0,0,0,0,0,0,0,0,0,0,0,0,0,0,0,0,0,0,0,0,0,0,0,1,0,0,1,0,1,0,0,0,0,0,0,0,0,0,0,0,0,0,0,0,1,0,0,0,0,0,0,0,0,0,0,0,0,0,0,0,0,0,0,0,0,0,0,0,0,0,0,0,0,0,0,0,0,1,0,0,0,0,1,0,0,3,0,0,0,0,0,0,0,6,0,0,0,0,0,0,0,36,0,4,0,0,0,0,3,0,0,0,0,0,0,0,0,0,0,0,0,0,0,0,0,0,0,0,0,0,0,0,0,0,0,0,0,0,0,0,0,0,0,0,0,0,0,0,0,0,0,0,1,0,0,0,1,0,1,0,0,0,0,0,2,2,1,0,0,0,0,0,0,0
108,F110,1993,g08,62.4299961,30.8525424,290,2.5,74,0.927797834,618983,24000,4800,5,0.071125133,0.024810284,10.02,371,0,0,0,0,0,0,4,0,0,0,0,0,0,0,0,0,0,0,0,0,0,0,0,0,0,0,0,0,0,0,0,0,0,23,1,0,0,0,0,0,0,0,0,0,0,9,0,4,0,1,0,0,0,2,0,0,0,0,0,0,0,0,0,0,0,0,1,0,0,0,0,0,0,1,0,0,20,0,1,0,0,0,0,0,1,0,0,1,0,0,1,0,1,0,0,22,0,0,0,0,0,0,0,0,0,0,0,0,0,0,0,0,4,0,0,0,0,0,0,0,0,0,0,0,0,1,4,0,0,0,0,0,0,0,0,0,1,0,0,0,0,0,0,3,0,0,4,1,0,1,42,0,1,0,0,2,1,1,0,0,6,0,0,0,0,6,0,0,28,0,0,0,0,0,0,10,4,0,0,0,0,0,0,0,0,0,0,0,0,0,0,0,1,0,0,0,0,0,0,0,0,0,0,0,0,0,0,0,0,0,0,0,0,0,0,0,2,0,0,3,0,0,0,0,0,0,0,0,0,0,0,0,1,0,0,0,0,0,0,0,0
109,F207,1993,g08,62.4305955,30.1873601,200,4.3,51,0.972332016,607413.75,24000,4800,5,0.01961428,0.032945425,10.28,360,0,0,0,0,0,0,0,0,0,0,0,0,0,0,0,1,0,0,0,0,0,0,0,0,0,0,0,0,0,0,1,0,0,5,0,0,0,0,0,0,0,0,0,0,0,0,0,0,0,0,0,0,0,1,0,1,0,0,0,0,0,0,0,0,0,0,1,0,0,0,0,0,0,1,0,3,35,0,0,0,1,0,0,0,0,0,0,0,0,0,0,0,0,0,0,12,0,0,0,0,0,0,0,0,0,0,0,0,0,1,0,0,0,0,0,0,0,0,0,0,0,0,0,0,0,2,3,0,0,1,0,1,0,0,0,0,0,0,0,0,0,0,0,0,0,0,0,0,0,0,0,0,0,2,0,0,0,0,0,1,0,0,0,0,0,6,0,0,32,0,0,0,0,0,0,1,0,0,0,0,1,0,0,0,0,0,0,0,0,0,0,0,0,0,0,0,0,0,0,0,0,0,0,1,0,0,0,0,0,0,0,0,0,0,1,0,0,0,0,1,0,0,0,1,0,11,0,0,0,4,0,5,1,0,0,0,1,0,0,18,0
110,F209,1993,g08,62.4319118,30.1686288,170,0.2,19,1,622244.625,24000,4800,5,0.015397716,0.094953268,10.25,361,0,0,0,0,0,0,0,0,0,0,0,0,0,0,0,0,0,0,0,0,0,0,0,0,0,0,0,0,0,0,1,0,0,1,1,0,0,0,0,0,0,0,0,0,0,0,0,0,0,0,0,0,0,1,0,0,0,0,0,0,0,0,0,0,0,0,0,0,0,0,0,0,0,0,0,0,1,0,0,0,0,0,0,0,0,0,0,0,0,0,1,0,0,0,0,1,0,0,0,0,0,0,0,0,0,0,0,0,0,0,0,0,0,0,0,0,0,0,0,0,0,0,0,0,0,0,0,0,0,0,0,0,1,0,0,0,0,0,0,0,1,0,0,0,0,0,0,0,0,0,1,0,0,2,0,0,0,0,0,0,0,0,0,0,0,0,0,0,104,0,0,0,0,0,0,1,0,0,0,0,0,0,0,0,0,0,0,0,0,0,0,0,0,0,0,0,0,0,0,0,0,0,0,0,0,0,0,0,0,0,0,0,0,0,0,0,0,0,0,0,0,0,0,4,0,1,0,0,0,3,0,0,0,0,0,0,0,0,0,7,0
111,F210,1993,g08,62.4344088,30.1654441,195,6,21,0.990415335,607058.9375,24000,4800,5,0.022108732,0.089213897,10.25,359,0,0,0,0,0,0,0,0,0,0,0,0,0,0,0,0,0,0,0,0,0,0,0,0,0,0,0,0,0,0,1,0,0,0,1,0,0,0,0,0,0,0,0,0,0,0,0,0,0,0,0,0,0,0,0,0,0,0,0,0,0,0,0,0,0,0,0,0,0,0,1,0,0,1,0,0,1,0,0,0,0,0,0,8,0,0,0,0,0,0,4,0,0,0,0,4,0,0,0,0,0,0,0,0,0,0,0,0,0,0,0,0,0,0,0,0,0,0,0,0,0,0,0,0,0,1,0,0,0,0,0,0,0,0,0,0,0,0,0,0,3,0,0,0,0,0,3,1,0,0,1,1,1,0,0,0,0,0,0,0,1,0,0,0,0,0,0,0,28,0,0,0,0,0,0,16,0,0,0,0,0,0,0,0,0,0,0,0,0,0,0,0,0,0,0,0,0,0,0,0,0,0,0,0,0,0,0,0,0,0,0,0,0,0,0,0,0,0,0,1,0,0,0,1,0,1,0,1,0,1,0,0,5,0,0,0,0,0,0,3,0
112,F301,1993,g08,62.3856159,30.5306751,50,0.1,22,0.918699187,624572.25,24000,4800,5,0.014183601,0.04673721,9.9,371,0,0,1,0,0,0,0,0,0,0,0,0,0,0,0,0,0,0,0,0,0,0,0,0,0,0,0,0,0,0,0,0,0,0,1,0,0,0,0,0,1,0,0,0,0,0,0,0,0,0,0,1,0,0,0,0,0,0,0,0,0,0,0,0,0,0,0,0,0,0,0,0,0,1,0,0,0,0,0,0,0,0,0,0,0,0,0,0,0,0,0,0,0,0,0,1,0,0,0,0,0,0,0,4,0,0,0,0,0,1,0,0,0,0,0,0,0,0,0,0,0,0,0,0,0,0,0,0,0,0,0,0,0,0,0,0,0,0,0,0,0,0,0,0,1,0,0,0,0,1,1,0,0,0,0,0,0,0,0,0,0,0,0,0,0,0,0,0,12,0,0,0,0,0,0,0,0,0,0,1,0,0,0,0,0,0,0,0,0,0,0,0,0,0,0,0,0,16,0,0,0,0,0,0,0,0,0,0,0,0,0,0,0,0,0,0,0,0,0,0,1,0,0,1,0,3,0,0,0,0,0,1,5,0,0,0,1,0,0,9,0
113,F302,1993,g08,62.3883364,30.5243388,330,0.7,103,0.89,626396.25,24000,4800,5,0.028751834,0.043368449,9.88,371,0,0,0,0,0,0,0,0,0,0,0,0,0,0,0,0,1,0,0,0,0,0,0,0,0,0,0,0,0,0,0,0,0,7,1,0,0,0,0,0,0,0,0,0,0,0,0,0,0,1,0,0,0,1,0,0,0,0,0,0,0,0,0,0,0,0,1,0,0,0,0,0,0,1,0,0,4,0,0,0,0,0,0,0,0,0,0,0,0,0,0,0,1,0,0,10,0,0,0,0,0,0,0,0,0,0,0,0,0,0,0,0,0,0,0,0,0,0,0,0,0,0,0,0,0,0,0,0,0,0,0,0,1,0,0,0,0,0,0,0,0,0,0,0,0,0,1,0,0,0,1,0,0,1,0,0,0,0,0,1,1,0,0,0,0,0,0,0,4,3,0,0,0,0,0,1,0,0,0,0,0,0,0,0,0,0,0,0,0,0,0,0,1,0,0,0,0,0,0,0,0,0,0,0,0,0,0,0,0,0,0,0,0,0,0,0,0,0,0,1,1,0,0,1,0,0,0,0,0,0,0,0,1,0,0,0,0,0,0,1,0
114,F502,1993,g08,62.3158288,30.6885417,35,0.2,16,0.967741935,617965.625,24000,4800,5,0.090882451,0.016408082,9.95,366,0,0,1,0,0,1,2,0,0,0,1,0,0,0,0,0,0,0,0,0,0,0,0,0,1,0,0,0,0,0,0,0,0,1,0,0,0,0,0,0,0,0,0,0,0,0,0,0,0,1,1,0,0,0,0,0,0,0,0,0,0,0,0,0,0,0,0,0,0,0,0,0,0,3,0,1,4,0,0,0,0,0,0,8,0,0,0,0,0,0,0,0,1,0,0,26,0,0,0,0,0,0,0,0,0,0,0,4,0,0,0,0,0,0,0,0,0,0,0,0,0,0,0,0,0,0,0,0,0,0,0,0,0,0,0,0,1,0,0,0,0,0,0,0,0,0,1,0,0,1,1,0,0,0,0,0,0,0,0,0,1,0,0,0,0,0,0,0,4,0,0,0,0,0,0,1,0,0,0,7,0,0,0,0,0,0,0,0,0,0,0,0,1,0,0,0,0,16,0,0,0,0,0,0,0,0,0,0,0,0,0,0,0,0,0,0,0,0,0,1,1,0,0,0,0,1,0,0,0,0,0,0,1,3,0,0,1,1,0,1,1
115,F503,1993,g08,62.3205186,30.6861435,378,14.8,75,0.978787879,614963.25,24000,4800,5,0.106578471,0.021347215,9.93,367,0,0,0,0,0,0,1,0,0,0,1,0,0,0,0,0,0,0,0,0,0,0,0,0,0,0,0,0,0,0,0,0,0,6,0,0,0,0,0,0,0,0,0,0,1,0,0,0,0,1,0,0,0,0,0,0,0,0,0,0,0,0,0,0,0,0,0,0,0,0,0,0,0,0,0,0,17,0,0,0,1,0,0,0,1,0,0,0,0,0,1,0,1,0,0,8,0,0,0,0,0,0,0,0,0,0,0,0,0,0,0,0,0,0,0,0,0,0,0,0,1,0,0,0,0,0,1,0,0,0,0,1,0,0,0,0,0,0,0,0,0,0,0,1,0,0,4,0,1,0,0,0,0,0,0,1,0,0,0,2,0,0,0,0,0,2,0,0,20,0,0,0,3,0,0,3,12,0,0,0,0,0,0,0,0,0,0,0,0,0,0,0,0,0,0,0,0,0,0,0,0,0,0,0,0,0,0,0,0,0,0,0,0,0,0,1,0,0,0,3,0,0,0,1,0,1,0,0,0,2,0,0,0,0,0,0,3,0,0,3,0
116,F505,1993,g08,62.3273989,30.678026,290,26,84,0.869565217,619754.4375,24000,4800,5,0.111540809,0.025624205,9.95,367,0,0,0,0,0,0,1,0,1,0,0,0,0,0,0,0,0,0,0,0,0,0,0,0,0,0,0,0,0,0,0,0,0,1,0,0,0,0,0,0,1,0,0,0,0,0,0,0,0,1,0,0,0,0,0,0,0,0,0,0,0,1,0,0,0,0,0,0,0,0,0,0,0,5,0,0,25,2,0,0,1,0,0,0,0,0,0,1,0,0,0,0,0,0,0,10,0,0,0,0,0,0,0,0,0,0,0,0,0,1,0,0,8,0,0,0,1,0,0,0,1,0,0,0,0,1,1,0,0,0,0,1,0,0,0,0,2,0,0,1,0,0,0,0,0,0,1,0,0,0,1,0,1,1,0,0,0,0,3,0,0,0,0,0,0,0,0,0,44,0,0,0,0,0,0,1,8,0,0,0,0,0,0,0,0,0,0,0,0,0,0,1,0,0,0,0,0,0,0,0,0,0,0,0,0,0,0,0,0,0,0,0,0,0,0,0,0,0,0,6,0,0,0,1,0,0,0,0,0,2,0,1,3,0,0,0,0,0,0,1,0
117,F507,1993,g08,62.3317416,30.6540453,296,6.2,96,0.989169675,631624.1875,24000,4800,5,0.051311554,0.047906912,10.03,367,0,0,0,0,0,0,1,0,1,0,0,0,0,0,0,1,0,0,1,0,0,0,0,0,0,0,0,0,0,0,0,0,0,6,1,0,0,0,0,0,0,0,0,0,0,0,1,0,0,2,1,0,0,0,0,0,0,0,0,0,0,0,0,0,0,0,1,0,0,0,0,0,0,21,0,13,41,3,0,0,2,0,0,0,0,0,0,0,0,0,1,1,14,0,0,33,0,0,1,0,0,0,0,0,0,0,0,0,0,0,0,0,4,0,0,0,1,0,0,0,0,0,0,0,0,0,18,0,0,0,0,0,0,0,0,0,2,0,0,0,0,0,0,0,0,0,1,0,0,2,6,1,1,0,0,0,1,0,9,0,1,0,0,0,0,2,0,0,72,0,0,0,0,0,0,5,4,0,0,0,0,0,0,0,0,0,0,0,0,0,0,0,1,0,1,0,4,0,0,0,0,0,0,0,0,0,0,0,0,0,0,0,0,0,0,0,0,0,0,1,0,0,0,0,0,0,0,0,0,0,0,0,1,0,0,0,0,0,0,3,0
118,K317,2002,g12,61.2692171,25.1629812,350,10,100,0.942857143,646135,28800,4800,6,0.016559901,0.032710072,10.58,362,0,1,1,0,0,3,0,1,0,0,0,0,0,0,0,0,0,0,0,0,0,0,0,0,0,0,0,0,0,0,0,0,0,17,0,0,1,0,0,0,0,0,0,0,0,0,0,0,0,1,1,5,0,0,0,1,0,0,0,0,0,0,0,0,0,0,0,0,0,0,20,0,0,0,0,1,7,0,0,0,0,0,1,0,0,0,1,0,0,0,2,0,33,0,0,1,0,0,0,1,0,0,0,0,0,0,0,0,0,0,0,0,0,0,0,0,1,0,0,0,1,1,0,0,0,0,1,0,0,1,0,0,2,0,0,0,0,0,0,0,0,0,0,1,0,0,0,0,0,0,0,0,2,1,0,0,1,0,1,0,0,0,0,0,0,0,1,0,24,0,8,0,0,0,0,0,0,0,0,0,0,0,0,0,0,0,0,0,0,0,0,0,0,0,0,0,0,0,0,0,0,0,0,0,0,1,0,0,0,0,0,1,0,1,0,0,0,0,0,7,0,0,1,0,0,0,4,0,0,0,0,6,3,0,0,0,1,0,0,3,0
119,K502,2002,g12,61.2221364,25.1595834,350,10,100,0.942857143,641567.5,28800,4800,6,0.013090648,0.009228286,10.57,360,0,1,0,0,0,0,1,0,0,0,0,0,0,0,0,0,0,0,0,1,0,1,0,0,0,0,0,0,0,0,0,1,0,71,1,0,1,0,0,0,0,0,0,0,0,0,0,0,0,4,1,1,0,0,0,0,0,0,0,0,0,0,0,0,0,0,0,0,0,0,1,1,0,0,0,0,1,0,0,0,0,0,0,8,0,0,0,0,0,0,0,0,7,0,0,2,0,0,0,0,0,0,0,0,1,0,0,0,0,0,0,0,0,0,0,0,1,0,0,0,1,1,0,0,0,1,1,0,0,0,1,0,0,0,0,0,1,0,0,1,1,0,0,0,0,0,1,0,0,0,0,0,0,3,0,0,0,0,0,0,0,0,0,0,1,0,1,0,148,0,0,0,0,0,0,1,0,0,0,0,0,0,0,0,0,0,0,0,0,0,0,0,1,0,0,0,0,0,0,0,1,0,0,0,0,0,0,0,0,0,0,0,0,0,0,1,0,0,0,1,0,0,0,0,0,0,0,0,0,0,0,4,1,0,0,0,3,0,1,1,0
120,K514,2002,g12,61.2192669,25.1631016,350,10,100,0.942857143,638795.8125,28800,4800,6,0.013896519,0.010928742,10.57,360,0,0,0,1,0,1,2,0,0,1,0,0,0,0,0,0,0,0,0,0,0,0,0,1,0,0,0,0,0,0,1,0,0,35,1,0,0,0,0,0,0,0,0,0,0,9,0,0,0,1,1,1,0,1,0,1,0,0,3,8,0,0,0,0,0,0,0,0,0,0,1,0,0,0,0,0,11,0,0,0,0,0,0,0,0,0,1,0,0,0,1,0,3,0,0,1,0,0,0,0,0,0,0,0,0,0,0,0,0,0,0,1,4,1,0,0,1,0,0,0,1,3,0,0,0,0,3,0,0,1,1,0,1,0,0,0,1,0,0,0,0,0,1,0,0,0,0,0,0,0,0,0,1,2,0,0,0,0,1,0,0,0,0,1,1,0,0,0,48,0,4,0,1,0,0,1,0,0,0,0,0,0,0,0,0,0,0,0,0,0,0,0,0,0,1,0,0,0,0,0,0,0,0,0,0,0,0,0,0,0,0,0,0,0,0,0,0,0,0,9,0,0,0,1,0,0,4,0,0,3,0,4,1,0,0,0,1,0,0,6,0
121,Kotinen,2002,g12,61.241583,25.0733177,500,140.5,164,0.7,639689.875,28800,4800,6,0.033471595,0.006066984,10.55,359,0,0,0,0,0,1,1,0,0,0,0,0,0,0,0,0,0,0,0,1,0,1,0,0,0,6,0,0,0,0,0,0,1,36,1,0,1,0,0,0,0,5,4,0,0,0,0,0,0,3,0,1,0,3,0,0,0,3,0,0,0,0,0,0,0,0,1,1,0,0,5,0,0,3,0,0,24,0,0,0,0,0,0,0,0,0,2,1,0,0,3,0,3,0,0,7,0,0,1,0,0,0,0,0,0,0,0,0,0,0,0,6,0,0,1,0,0,0,0,1,7,1,0,0,4,3,1,0,0,0,0,3,1,0,0,0,1,0,1,0,2,0,1,0,0,0,1,0,0,1,3,1,1,0,0,0,0,0,1,0,1,0,0,0,5,0,0,0,28,0,4,0,0,1,0,6,0,0,0,0,0,0,0,0,0,0,0,0,1,1,0,0,0,1,3,0,0,0,1,0,1,0,1,0,0,0,0,0,0,0,0,1,0,0,0,0,0,0,2,47,0,0,0,1,0,0,0,0,0,1,0,4,3,0,0,0,3,0,0,1,0
122,M1,1994,g09,62.0524579,24.2466267,356.418,0.15,95,0.986970355,607293.875,24000,4800,5,0.046881718,0.007045579,10.32,358,0,0,0,0,0,0,1,0,0,0,0,0,0,0,0,0,0,0,0,0,0,1,0,0,0,0,0,0,0,0,0,0,0,3,0,0,0,0,0,0,0,0,0,0,0,0,0,0,0,1,0,1,0,2,0,0,0,0,0,0,0,0,0,0,0,0,1,0,0,0,0,0,0,0,0,1,18,1,0,0,0,0,10,0,3,0,0,0,0,0,5,0,0,0,0,6,0,0,0,0,0,0,0,0,0,0,0,0,0,0,1,0,0,0,0,0,0,0,1,0,1,0,0,0,0,0,0,0,0,0,0,0,0,0,0,0,0,4,0,0,0,0,0,0,0,0,0,0,0,1,1,0,0,0,0,0,0,0,1,0,0,0,0,0,0,2,0,0,12,0,0,0,0,0,0,3,4,0,1,0,0,0,0,0,0,0,0,0,0,0,0,0,0,0,0,0,0,0,0,0,3,0,0,0,0,0,0,0,0,0,0,0,0,1,0,0,0,0,0,0,0,0,0,1,0,0,4,0,0,1,0,3,4,0,0,0,6,0,3,0,0
123,M10,1994,g09,62.0335295,23.2855545,295.665,7.9,118,0.975942367,626996.8125,24000,4800,5,0.064587134,0.015153905,10,371,0,0,0,0,0,0,3,0,0,0,0,0,0,0,0,0,0,0,0,0,0,1,0,1,0,0,0,0,0,0,0,0,0,10,0,0,0,0,0,0,0,0,0,0,0,0,0,0,0,1,0,1,0,0,0,0,0,0,0,0,0,0,1,0,0,1,0,0,0,0,0,1,0,6,0,0,71,6,51,0,0,0,27,0,25,0,0,0,0,0,14,0,0,0,0,20,0,0,0,0,0,0,0,0,0,0,0,0,0,0,0,0,0,0,0,0,0,0,0,0,0,0,0,0,0,0,6,0,0,0,1,1,0,0,0,0,0,0,0,0,0,0,0,0,0,0,0,0,0,0,14,0,0,0,0,0,0,0,1,0,3,0,0,0,0,2,1,0,8,0,4,0,0,0,0,1,4,0,0,0,0,0,0,0,0,0,0,0,0,0,0,0,1,0,0,0,0,16,0,0,1,0,0,0,0,0,0,0,0,1,0,0,0,1,0,1,0,0,0,1,0,0,0,2,0,0,0,0,0,2,0,6,1,0,0,0,1,0,0,0,0
124,M2,1994,g09,61.8293331,24.314128,239.5032,6.45,97,0.986450285,627810.8125,24000,4800,5,0.082304229,0.027155956,10.17,376,0,0,0,0,0,0,0,0,0,0,0,0,0,0,0,0,0,0,0,0,0,0,0,0,0,0,0,0,0,0,0,0,1,25,0,0,0,0,0,0,0,0,0,0,1,0,0,0,0,3,1,0,0,0,0,0,0,0,0,0,0,0,0,0,0,0,0,0,0,0,0,0,0,0,2,0,26,3,3,0,0,0,3,0,0,0,0,0,0,0,4,0,1,1,0,1,0,0,0,0,0,0,0,0,0,0,0,0,0,0,0,0,4,0,0,0,0,0,0,0,1,0,0,0,0,1,0,0,0,0,0,1,0,0,0,0,0,0,0,0,1,0,0,0,0,0,0,0,0,0,0,0,0,0,0,0,0,0,0,0,3,0,0,0,0,0,0,0,4,1,4,0,0,0,0,2,0,0,0,0,0,0,0,0,0,0,0,0,0,0,0,1,0,0,0,0,0,0,0,0,1,0,0,0,0,0,0,0,0,0,0,0,0,0,1,0,0,0,1,3,0,0,0,4,0,0,0,0,0,1,0,3,1,0,0,0,1,0,0,0,0
125,M3,1994,g09,61.9931956,23.8363107,318.87,16.84,97,0.906011854,630069.5625,24000,4800,5,0.147169915,0.008869334,10.07,371,0,0,0,0,0,0,2,0,0,0,0,0,0,0,0,0,0,0,0,0,0,0,0,1,0,0,0,0,0,0,0,1,0,18,0,16,0,0,0,0,0,1,0,0,0,0,0,0,0,1,0,0,0,0,0,0,0,0,0,0,0,1,0,0,0,0,0,0,1,0,1,1,0,1,1,1,340,3,6,0,0,1,23,8,15,0,1,0,0,0,17,0,0,0,0,27,0,0,0,0,0,0,0,0,0,0,0,0,0,0,0,0,0,0,0,0,1,0,1,0,3,0,0,0,1,1,17,0,0,0,0,1,1,0,0,0,0,0,0,0,0,0,0,0,0,0,1,0,0,0,3,0,0,0,0,0,1,0,1,0,1,0,4,0,0,2,1,0,12,0,4,1,0,0,0,1,4,16,0,0,0,0,0,0,0,0,0,0,0,0,0,0,0,0,0,0,0,0,0,0,0,0,0,0,0,0,0,0,0,0,0,0,0,2,1,0,0,3,0,16,0,0,0,3,0,0,0,0,0,3,0,3,4,0,0,0,0,0,1,0,0
126,M4,1994,g09,62.1313013,23.4510624,248.832,23.77,98,0.9336259,628802.125,24000,4800,5,0.064694561,0.006395828,9.98,366,0,1,0,0,0,1,0,0,0,0,1,0,0,0,0,0,1,0,0,0,0,1,0,0,0,0,0,0,0,0,0,0,0,19,0,0,0,0,0,0,0,0,1,0,0,0,0,0,0,1,3,0,0,0,0,0,0,0,0,0,0,0,0,0,0,0,0,0,0,0,0,0,0,0,0,0,84,1,1,0,0,0,13,0,6,0,0,0,0,0,14,0,0,0,0,12,0,0,0,0,0,0,0,0,0,0,0,0,0,0,0,0,4,0,0,0,1,0,0,0,1,1,0,0,0,1,2,0,0,0,0,0,1,0,0,0,0,0,0,0,0,0,0,0,0,0,0,0,0,1,8,0,0,0,0,0,1,0,0,0,1,0,4,0,0,0,0,0,4,1,4,1,0,0,0,1,4,0,0,0,0,0,0,0,0,0,0,0,0,0,0,0,1,0,0,0,0,0,0,0,1,0,0,0,0,0,0,1,1,2,0,0,0,0,0,0,0,0,0,18,0,0,0,3,0,0,4,0,0,1,0,3,5,0,0,0,0,0,0,1,0
127,M5,1994,g09,61.9673821,23.3651796,287.622,8.73,102,0.988936869,628505.8125,24000,4800,5,0.173110217,0.014990836,10.12,377,0,1,0,0,0,0,1,0,0,0,0,0,0,0,0,0,1,0,0,0,0,0,0,0,0,0,0,0,0,0,0,0,0,28,0,4,0,0,0,0,0,0,0,0,0,0,0,0,0,0,1,0,0,0,0,0,0,0,0,0,0,0,0,0,0,0,0,0,0,0,0,0,0,3,1,0,48,1,18,0,0,0,42,8,12,0,0,0,0,0,9,0,0,0,0,6,0,0,0,0,0,0,0,0,0,0,0,0,0,0,0,0,0,0,0,0,0,0,1,0,0,1,0,0,0,0,1,0,0,0,0,0,1,0,0,0,0,0,0,0,0,0,0,0,0,0,1,0,0,1,0,0,0,0,0,0,0,0,1,0,1,0,0,0,0,0,0,0,4,0,4,0,0,0,0,1,0,0,0,0,0,0,0,0,0,0,0,0,0,0,0,0,0,0,0,0,0,0,0,0,1,0,0,1,0,0,0,0,0,0,0,0,0,0,0,1,0,0,0,3,0,0,0,1,0,0,4,0,0,1,0,1,3,0,0,0,1,0,0,1,0
128,M6,1994,g09,61.8555645,23.6855072,270.032,4.04,106,0.983046454,620201.1875,24000,4800,5,0.044411088,0.041440272,10.47,364,0,1,0,0,0,0,3,0,0,0,0,0,0,0,0,0,0,0,0,0,0,0,0,0,0,0,0,0,0,0,0,0,0,12,0,0,0,0,0,0,0,0,0,0,0,0,0,0,0,0,0,3,0,0,0,0,0,0,0,0,0,0,0,0,4,0,0,0,0,0,0,0,0,4,0,2,38,1,9,1,2,0,3,0,4,0,0,0,0,0,26,0,1,0,0,20,0,0,0,0,0,0,0,0,0,0,0,0,0,0,0,0,4,0,0,0,1,0,0,0,0,0,0,0,1,0,3,0,0,0,0,0,0,0,0,0,0,0,0,0,0,0,0,0,0,0,1,0,0,1,3,0,0,1,0,0,1,0,0,0,3,0,0,0,0,10,0,0,4,1,8,0,0,0,0,1,0,0,0,0,0,0,1,0,0,0,0,0,0,0,0,1,0,0,0,0,0,0,0,0,0,0,0,0,0,0,0,0,1,0,0,0,0,3,0,0,0,0,0,1,0,0,0,1,0,0,0,0,0,3,0,5,5,0,0,0,1,0,0,0,0
129,M7,1994,g09,61.917932,23.7587591,234.33,8.2,108,0.942004865,621287.375,24000,4800,5,0.081071141,0.019754834,10.37,368,0,0,0,0,0,0,1,1,0,1,0,0,0,0,0,0,0,0,0,0,0,0,0,0,0,0,0,0,0,0,0,0,0,1,0,0,0,0,0,0,0,2,0,0,0,9,0,0,0,1,0,2,0,1,0,0,0,0,0,0,0,0,0,0,4,0,1,0,0,0,0,0,0,3,0,0,23,1,3,0,0,0,12,0,1,0,0,0,0,0,11,0,1,0,0,3,1,0,0,0,0,0,0,0,0,0,0,0,0,0,0,0,0,0,0,0,0,0,0,0,0,1,0,0,0,0,3,0,0,0,0,0,0,0,0,0,0,0,0,0,0,0,0,0,0,0,0,0,0,0,1,0,0,0,0,0,0,0,1,1,1,0,0,0,0,2,0,0,4,0,4,0,0,0,0,0,0,0,0,0,0,0,1,0,0,0,0,0,0,0,0,0,0,0,0,0,0,16,1,0,1,0,0,0,0,0,0,0,0,0,0,0,0,0,0,0,0,0,0,0,0,0,0,1,0,0,28,0,0,1,0,10,3,0,0,0,2,0,1,0,0
130,M8,1994,g09,61.9878992,23.8916544,370.805,16.25,109,0.990995267,622185.9375,24000,4800,5,0.157054847,0.004178586,10.08,368,0,0,0,0,0,0,6,0,0,0,0,0,0,0,0,0,0,0,0,0,0,0,0,0,0,0,0,0,0,0,0,0,0,18,0,12,0,0,0,0,0,0,0,0,0,0,0,0,0,2,0,0,0,1,0,0,0,0,0,0,0,0,0,0,0,0,0,0,0,0,0,0,0,2,0,0,217,2,34,0,0,1,39,0,13,0,0,0,0,0,7,0,1,0,0,7,0,0,0,0,0,0,1,0,0,0,0,0,0,0,0,0,4,0,0,0,0,0,0,0,1,0,0,0,1,1,3,0,0,0,0,1,0,0,0,0,0,4,0,0,0,0,0,0,1,1,1,0,1,0,6,0,0,0,0,0,1,0,1,1,1,0,0,0,0,6,0,0,4,0,4,0,0,0,0,1,44,0,0,0,0,0,0,0,0,0,0,0,0,0,0,0,0,0,0,0,0,0,0,0,1,0,0,0,0,0,0,0,0,0,0,0,0,3,0,0,0,0,0,7,0,0,0,1,0,0,4,0,0,3,0,1,2,0,0,0,4,0,1,1,0
131,M9,1994,g09,62.1338241,23.0631113,364.2,21.09,109,0.995057661,619360.125,24000,4800,5,0.09441137,0.025226602,10.05,359,0,0,0,0,0,0,18,0,0,2,0,0,0,0,1,0,1,0,0,0,0,0,0,0,0,0,0,0,0,0,0,0,0,19,0,8,0,0,0,0,0,0,0,0,0,0,0,0,0,1,0,1,0,1,0,0,0,0,0,0,0,0,0,0,4,0,0,0,1,0,0,2,0,127,0,0,132,6,58,0,0,0,40,16,68,0,1,4,0,0,83,0,1,1,0,54,0,0,0,0,1,0,0,0,0,0,1,0,0,0,0,0,0,0,0,0,0,1,0,0,1,0,0,0,0,1,28,0,1,0,0,0,0,0,0,0,0,0,0,0,1,0,0,1,0,0,11,0,0,2,16,0,0,0,1,0,3,1,0,0,3,0,0,1,0,0,0,0,16,0,28,0,0,0,0,3,0,0,0,0,0,0,0,0,0,0,0,0,0,0,0,0,0,0,0,0,0,16,0,0,1,0,0,0,0,0,0,0,0,0,0,0,0,1,0,0,0,1,0,14,0,0,0,1,0,0,12,0,0,1,0,20,3,0,0,0,2,0,0,0,0
132,N1,1994,g09,61.9097751,23.4120293,413.2,113.46,129,0.771539206,619777.3125,24000,4800,5,0.274895785,0.001761711,10.15,375,0,0,0,0,0,0,1,1,0,0,1,0,1,0,1,0,1,0,0,0,0,0,0,0,0,1,0,0,0,0,0,1,0,10,1,0,0,0,0,0,0,2,0,0,0,0,0,0,0,1,0,0,0,0,0,0,0,22,1,0,0,0,0,0,0,0,0,0,0,0,0,0,0,0,1,0,22,3,33,0,0,69,96,0,3,0,0,0,0,0,23,0,0,0,0,8,0,0,1,0,0,0,0,0,1,0,0,0,0,0,0,1,0,0,1,0,0,1,0,0,1,0,0,0,0,3,1,0,0,0,1,4,0,0,0,1,0,0,0,1,0,0,0,0,0,1,3,0,0,0,1,1,0,0,1,0,0,0,0,2,1,0,0,0,0,2,1,0,0,0,0,1,0,0,0,1,4,16,0,0,0,0,0,0,0,0,0,0,0,0,1,0,1,0,0,0,0,0,0,0,0,0,0,0,0,0,0,0,0,0,0,0,0,0,0,3,1,0,0,35,0,0,1,3,0,0,4,1,0,12,1,6,10,1,0,0,3,0,0,1,0
133,N2,1994,g09,62.0094747,23.8927014,530.5,103.58,143,0.951555137,617580.875,24000,4800,5,0.177425181,0.00754191,10.08,368,0,0,0,0,0,0,0,0,0,0,0,0,0,0,0,1,0,0,0,0,0,0,0,0,0,0,0,0,0,0,0,0,0,20,1,8,0,0,0,0,0,1,0,0,0,0,0,0,0,3,0,1,0,1,0,0,0,1,0,0,8,0,0,0,0,0,0,0,0,1,0,1,0,2,0,4,132,2,51,0,1,4,55,0,7,0,0,0,0,0,49,0,2,0,0,40,0,0,3,0,0,1,1,0,0,0,0,0,0,0,1,0,0,0,0,0,0,0,1,0,2,0,0,0,0,1,15,0,0,0,0,1,0,0,0,1,0,0,0,0,0,0,0,0,0,0,4,0,0,4,3,2,0,1,0,0,4,1,2,4,7,0,4,0,1,18,0,0,4,0,12,0,0,0,0,3,4,48,0,0,0,0,0,0,0,0,0,0,1,0,0,3,0,0,0,0,0,0,1,0,1,4,0,0,0,0,0,1,2,0,0,0,0,0,0,10,0,0,0,21,0,0,0,2,0,0,4,0,0,9,0,6,5,1,0,0,1,0,0,0,0
134,N3,1994,g09,62.0839535,23.0944909,336.37,115.195,162,0.896905194,617287.375,24000,4800,5,0.14419788,0.023808087,10.23,362,0,0,0,0,1,0,0,0,0,0,0,0,0,0,0,0,0,0,0,0,0,0,0,0,0,3,0,0,0,0,0,0,1,24,0,0,1,0,0,0,0,2,1,0,0,0,0,8,0,1,1,0,0,0,0,0,0,0,0,0,0,0,0,0,0,0,0,0,0,0,0,0,0,3,1,0,42,1,48,0,0,0,48,8,15,0,0,0,0,0,33,1,0,0,0,7,0,0,0,0,1,0,0,0,0,0,0,0,0,0,0,0,4,0,5,0,0,0,0,0,1,0,0,0,1,1,7,0,1,0,0,1,1,0,0,1,0,0,0,0,0,0,0,0,0,0,3,0,1,2,28,1,0,0,0,0,0,1,1,0,17,0,16,0,0,2,0,0,4,1,0,0,0,0,0,3,0,0,0,0,0,0,0,0,0,0,0,0,0,0,1,1,0,0,0,0,0,0,0,0,0,0,0,2,0,0,0,0,0,0,0,0,0,1,0,2,0,1,0,60,0,0,0,1,0,0,0,0,0,0,0,3,3,0,0,0,0,0,0,0,0
135,N5,1994,g09,61.9218116,23.5849674,306.6,95.385,163,0.987279843,626141.25,24000,4800,5,0.218537059,0.009618064,10.25,368,0,1,0,0,0,0,1,0,0,0,0,0,0,0,0,0,0,0,0,0,0,0,0,0,0,0,0,0,0,0,0,0,1,8,0,0,0,0,0,0,0,2,0,0,0,9,1,0,0,1,0,0,0,0,0,0,0,0,3,0,4,0,0,0,0,0,0,0,0,0,0,0,0,3,0,3,35,3,35,0,1,0,53,0,8,0,0,0,0,0,7,0,0,0,0,14,0,0,0,0,1,0,0,0,0,0,0,0,0,0,0,0,0,0,0,0,0,0,0,0,2,0,0,0,0,0,3,0,0,0,0,0,0,0,0,1,0,0,0,0,1,0,1,0,0,0,2,0,1,0,3,0,0,0,0,0,1,0,0,1,2,0,0,0,0,2,0,0,0,0,0,1,0,0,0,0,4,16,0,0,0,0,1,0,0,0,0,0,0,0,0,1,0,0,1,0,0,0,1,0,1,0,0,1,0,0,0,0,0,0,0,0,0,1,0,0,1,1,0,37,0,0,1,7,0,0,4,0,0,1,0,4,4,0,0,0,0,0,0,1,0
136,N6,1994,g09,61.8732086,24.3777911,408.5,99.645,167,0.740514076,617152.9375,24000,4800,5,0.147735832,0.012689007,10.2,365,0,0,0,0,0,1,3,0,0,0,0,0,0,0,0,0,0,0,0,0,0,1,0,0,0,0,0,0,0,1,0,1,2,11,1,12,0,0,0,0,0,0,0,0,1,0,0,0,0,11,1,0,0,4,0,1,0,2,26,0,0,0,0,0,0,0,0,0,1,0,0,0,0,3,1,2,100,3,15,0,0,0,59,0,11,0,0,0,0,0,16,0,3,0,0,7,0,0,1,0,1,0,0,0,0,0,0,0,0,0,0,3,0,0,0,0,0,0,3,1,5,1,0,0,0,1,15,0,0,0,0,1,1,0,0,1,0,12,0,2,6,0,0,0,2,0,1,0,0,0,6,0,0,0,0,0,1,0,0,0,0,0,0,0,0,6,0,0,4,2,12,3,0,0,0,1,4,0,0,0,0,0,0,0,0,0,0,0,3,0,0,1,3,0,0,0,0,16,0,0,1,4,1,2,0,0,0,1,0,0,0,0,0,1,0,0,0,0,3,84,0,0,0,1,0,0,16,0,0,13,0,5,9,3,0,0,2,0,2,3,0
137,N7,1994,g09,61.904605,23.5792709,243.7,183.425,185,0.983996717,624538.375,24000,4800,5,0.315570293,0.00461864,10.27,369,0,0,0,1,1,0,0,0,0,0,0,0,0,0,0,0,0,0,0,0,0,0,0,1,0,0,0,0,0,0,0,0,0,1,0,0,0,0,0,0,0,0,1,0,0,9,0,0,0,1,0,0,0,0,0,1,0,1,24,24,4,0,1,0,0,0,1,0,1,0,0,1,1,0,0,3,234,3,44,0,0,0,26,0,7,0,0,3,0,0,11,0,2,1,0,14,0,0,0,0,0,1,0,0,0,0,1,0,0,0,0,2,4,0,0,0,1,0,0,0,3,0,0,0,0,1,11,0,1,0,0,1,3,0,0,1,0,0,0,0,0,0,0,0,0,0,1,0,0,0,3,0,0,0,0,0,1,0,0,1,3,0,0,0,0,0,0,0,0,0,0,1,0,1,0,4,4,16,0,4,0,0,1,0,0,0,2,0,0,0,0,0,0,0,0,0,0,0,0,0,1,8,0,0,0,0,0,0,1,0,0,0,0,2,0,1,0,1,0,55,0,0,3,3,0,0,12,0,0,6,0,18,4,1,0,0,1,1,3,7,0
138,N8,1994,g09,61.8579678,24.2412941,454.9,97.6,198,0.772477468,622136.0625,24000,4800,5,0.145861067,0.015875546,10.15,379,0,0,0,0,0,1,3,0,1,1,0,0,0,0,0,0,0,1,0,0,0,1,0,0,0,0,0,0,0,0,0,0,1,17,0,4,0,0,0,4,0,0,0,0,0,0,0,0,0,3,0,1,0,2,0,0,0,3,28,0,0,0,0,0,0,0,0,1,1,0,0,0,0,1,0,1,53,1,3,0,0,0,51,8,3,0,0,1,0,0,3,0,0,0,0,6,0,0,0,0,1,0,0,0,0,0,0,0,0,0,0,3,0,0,0,0,0,1,0,0,0,0,0,0,1,0,1,0,0,1,0,1,0,0,0,0,0,4,0,0,1,0,0,0,0,0,2,0,1,1,6,0,1,1,0,0,0,0,1,1,1,0,0,1,0,10,0,0,4,0,4,1,0,0,0,0,8,48,0,0,0,0,0,0,0,0,0,0,0,0,0,1,0,0,0,0,0,0,0,0,0,0,0,0,0,0,0,0,0,0,0,0,0,0,0,1,1,0,1,96,0,0,0,1,1,0,16,0,0,8,0,3,4,0,0,0,0,0,0,0,0
139,O1,1994,g09,61.9200153,23.2240816,294.6,30.44,124,0.825526137,622850.5,24000,4800,5,0.134297192,0.012559878,10.25,368,0,0,0,0,0,0,9,0,0,0,0,0,0,0,0,0,0,0,0,0,0,1,0,0,0,0,0,0,0,1,0,2,0,45,1,0,0,0,0,0,0,0,0,0,0,0,0,0,0,1,0,1,0,1,0,0,0,7,0,0,0,0,0,0,0,0,0,0,0,0,0,0,0,6,0,1,60,3,7,0,0,0,19,24,14,0,0,0,0,0,15,0,0,0,0,7,0,0,0,0,0,0,0,0,0,0,0,0,0,0,0,0,0,0,0,0,0,0,1,0,6,1,0,0,1,1,3,0,0,0,0,1,0,1,0,0,0,0,0,0,0,0,0,0,0,0,1,0,1,1,3,0,0,0,0,0,1,4,0,1,3,1,8,0,0,6,0,0,4,1,4,0,0,0,0,0,12,0,0,0,0,0,0,0,0,0,0,0,0,0,2,1,0,1,0,0,0,0,0,0,0,0,0,1,0,0,0,0,1,0,0,0,0,0,0,0,0,1,0,26,0,0,0,3,0,0,0,0,0,7,0,1,1,0,0,0,0,0,0,0,0
140,O10,1994,g09,62.0037768,23.3828115,245.2,31.73,145,0.942495922,622844.375,24000,4800,5,0.20512611,0.014745917,10.13,370,0,1,0,0,0,0,3,0,0,0,0,0,0,0,1,0,0,0,0,0,0,0,0,0,0,0,0,0,0,0,0,0,0,3,0,0,0,0,0,0,0,0,0,0,0,0,0,0,0,0,0,0,0,1,0,0,0,0,0,8,0,0,0,0,0,1,0,0,0,0,1,1,0,1,0,0,76,3,43,0,0,0,16,8,5,0,1,0,0,0,13,0,0,0,0,4,0,0,0,0,0,1,0,0,0,0,0,0,0,0,1,0,0,0,0,0,0,0,1,0,1,0,0,0,0,1,13,0,0,0,0,0,0,0,0,0,0,0,0,0,0,0,0,0,0,0,2,0,0,0,3,0,0,0,0,0,1,0,0,0,1,0,4,0,0,0,0,0,4,0,4,0,0,4,0,1,4,0,0,0,0,0,1,0,0,0,0,0,0,0,0,0,1,0,0,0,0,0,0,0,1,0,1,0,0,0,0,0,0,0,0,0,0,1,0,0,0,0,0,4,0,0,0,5,0,0,4,0,0,3,0,4,1,0,0,0,1,0,1,1,0
141,O2,1994,g09,62.0470502,23.3039953,306.3,28.66,126,0.76330395,627032.6875,24000,4800,5,0.090163807,0.016453231,10.08,370,0,0,0,0,0,1,10,0,0,0,0,0,0,0,0,0,0,0,0,0,0,0,0,0,0,0,0,0,0,0,0,0,0,12,1,4,0,0,0,0,0,1,0,0,0,0,0,0,0,0,0,0,0,0,0,0,0,4,0,0,0,0,0,0,0,0,0,0,1,0,0,0,0,3,0,0,44,0,15,0,0,0,44,0,33,0,0,0,0,0,3,0,0,0,0,6,0,0,0,0,0,0,0,0,0,0,0,0,0,0,0,0,4,0,0,0,1,0,1,0,1,0,0,0,0,1,3,0,0,0,0,1,0,2,0,0,0,0,0,0,0,0,0,0,1,0,0,0,0,0,1,0,0,0,0,0,3,0,0,1,2,0,4,0,0,0,0,0,4,0,4,1,3,0,0,1,4,0,0,0,0,0,0,0,0,0,0,0,0,0,1,0,0,0,1,0,0,0,0,0,0,0,0,1,0,0,0,0,0,0,0,0,0,1,1,1,0,1,0,8,0,0,0,3,0,0,0,0,0,13,0,7,6,0,0,0,0,0,0,1,0
142,O3,1994,g09,61.9031283,23.5204042,241.802,1.935,128,0.857279923,628984.3125,24000,4800,5,0.058340676,0.009411335,10.22,373,0,1,0,0,0,1,0,0,0,0,1,0,0,0,0,0,0,0,0,0,0,0,0,0,0,0,0,0,0,0,0,0,0,13,0,0,0,0,0,0,0,0,0,0,0,0,0,0,0,0,4,0,0,0,0,1,0,0,0,0,0,0,0,0,0,1,0,0,0,0,0,0,0,1,2,0,141,0,3,0,0,1,6,8,12,0,0,0,0,0,6,1,0,0,0,11,0,0,0,0,0,0,0,0,0,0,0,0,0,0,0,0,0,0,0,0,0,0,1,0,0,1,0,0,1,0,1,0,0,0,0,1,0,0,0,0,0,0,0,0,0,0,0,0,0,0,0,0,0,0,1,0,0,0,0,0,1,0,0,0,1,0,0,0,0,2,1,0,4,0,4,0,0,0,0,0,0,16,0,0,0,0,0,0,0,0,0,0,0,0,0,0,2,0,0,0,0,0,0,0,0,0,0,0,0,0,0,0,0,0,0,0,0,2,0,0,1,1,0,1,0,0,0,0,0,0,4,0,0,6,0,17,2,0,0,0,1,0,1,0,0
143,O4,1994,g09,61.8506211,24.3008631,439.4,9.83,129,0.9569868,630003.9375,24000,4800,5,0.06986168,0.019031762,10.15,375,0,2,0,0,0,0,3,0,0,0,0,0,0,0,0,0,0,0,0,0,0,0,0,0,0,0,0,0,0,0,0,0,0,6,0,0,0,0,0,0,0,0,0,0,0,0,0,0,0,2,0,0,0,0,0,0,0,0,0,0,0,1,0,0,4,0,0,0,0,0,0,0,0,0,1,1,41,0,8,0,1,0,11,8,10,0,0,0,0,0,11,1,1,0,0,3,0,0,3,0,0,0,0,4,0,0,0,0,1,0,0,0,0,0,0,0,1,0,3,0,0,0,0,0,0,0,3,0,0,0,1,0,0,0,0,0,0,4,0,0,0,0,0,0,0,0,1,1,0,0,2,0,0,0,0,0,1,1,0,0,1,0,0,0,0,2,0,0,0,0,4,3,0,0,0,1,0,0,0,0,0,0,0,0,0,0,0,0,1,0,0,0,0,0,0,0,0,0,0,0,0,4,0,0,0,0,0,1,1,0,0,0,0,0,0,0,0,0,1,1,0,0,0,1,0,0,4,0,0,3,0,6,5,0,0,0,1,0,0,3,0
144,O5,1994,g09,61.9310177,23.41716,409.2,17.475,129,0.924731183,626058.875,24000,4800,5,0.210829811,0.012753324,10.13,373,0,0,0,0,0,0,1,0,0,0,0,0,0,0,0,0,0,0,1,0,0,1,0,0,0,0,0,0,0,0,0,0,0,14,1,0,0,0,0,0,0,0,0,0,0,0,0,0,0,3,0,0,0,0,0,0,0,0,1,0,20,0,0,0,0,0,1,0,0,0,0,0,0,6,0,0,29,12,11,0,0,10,19,0,3,0,0,1,0,0,12,0,1,0,0,6,0,0,0,0,0,0,1,0,0,0,0,0,0,1,0,1,0,0,0,0,0,1,0,0,2,0,0,0,0,0,0,0,0,0,0,1,0,0,0,0,0,0,0,0,0,0,0,1,0,0,0,0,0,0,3,2,0,1,0,0,0,0,0,1,1,0,0,0,0,2,0,0,4,1,4,0,0,0,0,1,4,0,0,0,0,0,0,0,0,0,0,0,0,0,0,1,0,0,0,0,0,0,1,0,0,12,0,0,0,0,0,0,0,0,0,0,0,5,0,3,0,0,0,1,0,0,0,1,0,0,4,0,0,4,0,7,3,0,0,0,3,0,2,1,0
145,O6,1994,g09,61.9448013,23.7177757,269.582,4.91,132,0.974501265,613579.1875,24000,4800,5,0.104182973,0.011687953,10.12,371,0,0,0,0,0,0,7,0,0,0,0,0,0,0,0,0,0,0,0,0,0,0,0,0,0,0,0,0,0,0,0,0,0,17,0,4,0,0,0,0,1,0,0,0,0,0,0,0,0,1,0,1,0,1,0,0,0,0,0,0,0,0,0,0,4,1,0,0,0,0,0,0,0,3,7,1,46,0,35,0,1,1,32,8,3,0,0,0,0,0,27,1,0,0,0,3,0,0,0,0,0,0,0,0,0,0,0,0,0,0,0,0,0,0,0,0,1,0,0,0,1,0,0,0,0,0,1,0,1,0,0,0,1,0,0,0,0,0,0,0,0,0,0,0,0,0,1,0,0,0,1,0,0,0,0,0,0,0,1,0,1,0,4,0,0,20,0,0,4,0,12,0,0,0,0,1,0,0,0,0,0,0,0,0,0,0,0,0,0,0,0,0,0,0,0,0,0,0,0,0,1,0,0,0,0,0,0,0,0,0,0,0,0,2,0,0,0,0,0,3,0,0,0,1,0,0,0,0,0,1,0,1,3,0,0,0,0,0,1,1,0
146,O7,1994,g09,61.925071,24.639051,312.625,18.904,133,0.931931228,630226.875,24000,4800,5,0.033403557,0.054958512,10.55,345,0,0,0,0,0,0,1,0,0,0,1,0,0,0,0,0,0,0,0,0,0,0,0,0,0,0,0,0,0,0,0,0,1,21,0,0,0,0,0,0,0,0,0,0,0,0,0,0,0,1,1,0,0,1,0,0,0,0,0,0,0,1,0,0,0,0,0,0,0,0,0,3,1,1,0,3,123,0,38,1,1,0,12,0,7,0,0,0,0,0,67,0,15,1,0,39,0,0,0,0,0,0,0,0,0,0,0,0,0,0,0,1,32,0,0,1,3,1,0,0,1,0,0,0,0,1,7,0,0,0,0,0,0,0,0,0,2,0,0,0,0,0,0,0,0,0,1,0,0,0,20,0,3,0,0,0,2,0,0,0,8,0,4,0,0,2,0,0,12,0,4,0,0,1,0,29,0,0,0,0,0,0,0,0,0,0,0,0,0,0,0,0,0,0,0,0,0,0,0,1,1,0,0,0,0,0,0,0,0,0,0,0,0,0,0,0,0,0,0,1,0,0,1,1,0,0,0,0,0,3,0,3,1,0,0,0,0,0,1,0,0
147,O8,1994,g09,61.8494446,24.2867153,478.894,18.435,140,0.964831466,642513.8125,24000,4800,5,0.136687951,0.012421531,10.15,379,0,0,0,0,0,0,0,0,0,0,0,0,0,0,0,0,0,0,0,0,0,0,0,0,0,0,0,0,0,0,0,0,0,7,0,12,0,0,0,0,0,0,0,0,0,18,0,0,0,3,1,0,0,0,0,0,0,0,0,0,0,0,0,0,0,0,0,0,0,0,0,0,0,0,1,1,54,1,6,0,0,0,22,8,16,0,0,0,0,0,7,0,0,0,0,1,1,0,0,0,0,0,0,0,0,0,0,0,0,0,0,1,16,0,0,0,0,1,1,0,1,0,0,0,0,0,1,0,0,0,0,0,0,0,0,0,0,4,0,0,1,0,0,0,0,0,1,0,0,1,3,0,0,1,0,0,1,0,0,0,3,0,0,0,0,0,0,0,4,0,12,0,0,0,0,4,0,0,0,0,0,0,0,0,0,0,0,0,0,0,1,0,0,0,1,0,0,0,0,0,0,0,1,0,0,0,0,0,0,0,0,0,0,1,0,0,0,3,1,4,0,0,0,3,0,0,16,1,0,7,0,4,3,0,0,0,0,0,0,1,0
148,O9,1994,g09,61.9417793,23.7228666,314.73,11.29,144,0.999586948,627177.8125,24000,4800,5,0.105973732,0.019134444,10.12,371,0,0,0,0,0,0,0,0,0,0,0,0,0,0,0,0,0,0,0,0,0,0,0,0,0,0,0,1,0,0,0,0,1,11,0,4,0,1,0,0,0,0,0,0,0,27,0,0,0,1,0,1,0,0,0,0,0,0,0,0,0,0,1,0,0,1,1,1,0,0,0,0,0,1,11,14,233,1,93,0,0,1,3,0,23,0,0,1,0,0,130,0,6,0,0,21,0,0,0,0,0,0,0,0,0,0,1,0,1,0,0,0,0,0,0,0,1,0,1,0,3,0,0,0,0,0,43,0,1,0,0,0,0,0,0,0,0,4,0,1,0,0,0,0,0,0,3,0,0,0,6,0,0,0,1,0,1,0,3,0,1,0,4,0,0,2,0,0,0,14,4,0,0,1,0,3,0,0,0,0,0,0,2,0,0,0,0,4,1,0,0,0,0,0,0,0,0,0,0,0,8,0,0,0,0,0,0,0,0,0,0,0,0,0,0,0,0,1,0,0,0,0,0,0,0,0,0,0,0,8,0,1,1,0,0,0,1,0,0,4,0
149,S1,1994,g09,61.8259026,23.574748,383.1,68.67,143,0.807361002,623370.25,24000,4800,5,0.092856523,0.010532636,10.38,369,0,0,0,0,0,0,1,1,0,0,0,0,0,0,0,0,0,0,0,0,0,1,0,0,0,0,0,0,0,0,0,0,0,10,1,0,0,0,0,0,0,0,0,0,0,0,0,4,0,0,0,0,0,1,0,1,0,1,0,0,4,0,0,0,0,0,0,0,0,0,0,9,0,3,1,4,112,5,24,0,1,66,62,0,53,0,0,0,0,0,6,0,1,0,0,17,0,0,1,0,0,0,1,0,0,0,0,0,0,0,1,3,0,0,0,0,0,0,1,0,3,1,0,0,1,0,11,0,0,0,0,1,1,1,0,0,0,4,0,0,0,0,0,1,0,0,0,0,0,1,6,0,1,1,0,0,0,1,0,0,3,0,12,0,0,2,0,0,12,0,4,1,0,0,0,1,4,0,0,0,0,0,0,0,0,0,0,0,1,1,0,0,0,0,0,0,0,0,1,0,0,4,0,0,0,0,0,0,0,0,0,0,0,3,0,0,0,0,0,15,0,0,0,2,1,0,20,0,0,9,0,6,4,4,0,0,0,0,2,3,0
150,S2,1994,g09,61.8695067,23.7163332,356.7,55.88,143,0.912811887,610969.875,24000,4800,5,0.061468038,0.028423782,10.5,362,0,0,0,0,0,0,1,0,0,0,0,0,0,0,1,0,0,0,0,0,0,0,0,0,0,0,0,0,0,0,0,1,1,7,0,0,0,0,0,0,0,0,0,0,1,9,0,0,0,1,0,0,0,0,0,0,0,1,3,8,0,0,0,0,0,0,0,0,0,0,0,0,0,1,0,0,39,6,1,0,1,0,10,8,5,0,0,0,0,0,9,0,1,0,0,4,0,0,1,0,1,0,0,0,0,0,0,0,0,0,0,0,0,0,1,1,1,0,1,0,13,0,0,0,0,0,1,0,0,0,0,0,0,0,0,1,0,0,0,0,0,0,0,1,0,0,1,0,0,0,7,0,1,0,0,0,0,0,0,0,4,0,4,0,0,18,0,0,4,0,4,0,0,0,0,1,0,0,0,0,0,0,0,0,0,0,0,0,0,0,0,0,0,0,0,0,0,0,0,0,9,4,0,0,0,0,0,1,1,0,0,0,0,0,0,1,0,0,1,47,0,0,0,3,0,0,4,0,1,12,0,19,3,0,0,0,1,0,1,0,0
151,VESA,2002,g12,61.3493471,25.1087534,600,182,150,0.883333333,646659,28800,4800,6,0.024326711,0.012077795,10.72,359,0,0,0,0,0,1,1,0,0,0,1,0,0,0,0,0,1,0,0,0,0,1,0,1,0,6,0,0,0,1,0,0,0,24,0,0,1,0,1,0,0,1,6,0,0,18,0,0,0,9,0,0,1,1,0,1,0,3,0,8,0,0,0,0,0,0,1,0,0,0,1,0,0,1,0,0,16,0,0,0,1,2,1,0,0,0,1,0,0,0,3,0,3,0,0,0,0,0,12,0,0,0,1,0,3,0,0,4,1,0,0,12,0,0,1,0,0,0,0,0,6,2,0,0,0,2,0,0,0,0,0,7,1,0,0,2,1,0,0,0,4,1,0,0,0,0,1,0,0,0,1,0,0,1,0,0,1,0,0,0,0,0,0,0,1,0,1,0,20,0,36,1,0,0,0,1,0,0,1,0,0,0,0,0,0,0,0,0,0,0,2,0,3,3,0,0,0,0,0,0,4,4,0,0,0,0,0,0,0,1,0,0,0,0,0,0,0,0,2,69,0,0,0,4,0,0,4,0,1,1,0,6,3,1,0,0,1,0,1,6,0
152,VESB,2002,g12,61.3565609,25.1111224,600,182,150,0.883333333,625647.375,28800,4800,6,0.03307474,0.010542509,10.7,357,0,0,0,0,0,0,1,0,0,0,1,0,0,0,0,0,0,1,0,0,0,1,0,1,0,7,0,0,0,0,0,1,0,19,1,0,2,0,0,0,0,2,1,0,0,9,1,0,0,1,1,4,0,0,0,0,0,3,0,0,0,0,0,0,0,0,0,0,0,0,2,0,0,0,0,0,1,0,0,0,0,2,0,0,0,0,0,0,0,0,6,0,0,0,0,1,0,0,15,0,0,0,0,0,1,0,0,0,0,0,0,8,4,0,0,0,0,0,1,0,1,3,0,0,0,0,2,0,0,0,0,0,0,0,0,0,1,0,0,0,3,0,0,1,0,0,0,0,0,0,1,0,0,0,0,0,0,0,0,0,0,0,0,0,0,0,0,0,36,0,4,1,0,0,0,0,0,0,0,0,0,1,0,0,0,0,0,0,0,0,1,0,1,0,0,0,0,0,0,0,2,0,0,1,0,0,0,0,0,0,0,0,0,0,0,0,0,0,6,13,0,0,0,1,0,1,12,0,2,1,0,3,4,1,0,0,1,0,1,3,0
